<?xml version="1.0" encoding="UTF-8"?>
<window>
    <defaultcontrol always="true">9000</defaultcontrol>
    <controls>
        <include>GlobalOverlay</include>
        <control type="group">
            <include>Dialog_Top</include>
            <include>Dialog_Background</include>
            <include name="Dialog_Top_IconHeader">
                <param name="label" value="$LOCALIZE[33060]" />
                <param name="icon" value="special://skin/extras/icons/power.png" />
            </include>
            <include name="Dialog_Top_Arrows">
                <param name="id" value="9000" />
            </include>

            <control type="grouplist" id="9000">
                <onup>Close</onup>
                <ondown>Close</ondown>
                <include>Dialog_Top_GroupList</include>
                <defaultcontrol always="true">6002</defaultcontrol>
                <control type="button" id="6001">
                    <include>Defs_OptionButton</include>
                    <label>Reload Skin</label>
                    <onclick>ReloadSkin()</onclick>
                </control>
                <control type="button" id="6002">
                    <include>Defs_OptionButton</include>
                    <label>13012</label>
                    <onclick>XBMC.Quit()</onclick>
                    <visible>System.ShowExitButton</visible>
                </control>
                <control type="button" id="6003">
                    <include>Defs_OptionButton</include>
                    <label>13016</label>
                    <onclick>XBMC.Powerdown()</onclick>
                    <visible>System.CanPowerDown</visible>
                </control>
                <control type="button" id="6004">
                    <include>Defs_OptionButton</include>
                    <label>13011</label>
                    <onclick>XBMC.Suspend()</onclick>
                    <visible>System.CanSuspend</visible>
                </control>
                <control type="button" id="6005">
                    <include>Defs_OptionButton</include>
                    <label>13010</label>
                    <onclick>XBMC.Hibernate()</onclick>
                    <visible>System.CanHibernate</visible>
                </control>
                <control type="button" id="6006">
                    <include>Defs_OptionButton</include>
                    <label>13013</label>
                    <onclick>XBMC.Reset()</onclick>
                    <visible>System.CanReboot</visible>
                </control>
                <control type="button" id="6007">
                    <include>Defs_OptionButton</include>
                    <label>$LOCALIZE[20126] $INFO[system.profilename]</label>
                    <onclick>dialog.close(all,true)</onclick>
                    <onclick>System.LogOff</onclick>
                    <visible>System.HasLoginScreen | IntegerGreaterThan(System.ProfileCount,1)</visible>
                    <visible>System.Loggedon</visible>
                </control>
                <control type="togglebutton" id="6008">
                    <include>Defs_OptionButton</include>
                    <label>20046</label>
                    <altlabel>20045</altlabel>
                    <usealttexture>!System.IsMaster</usealttexture>
                    <onclick>xbmc.mastermode</onclick>
                    <visible>System.HasLocks</visible>
                </control>
                <control type="button" id="6009">
                    <include>Defs_OptionButton</include>
                    <label>13017</label>
                    <onclick>XBMC.InhibitIdleShutdown(true)</onclick>
                    <visible>System.HasShutdown +!System.IsInhibit</visible>
                </control>
                <control type="button" id="6010">
                    <include>Defs_OptionButton</include>
                    <label>13018</label>
                    <onclick>XBMC.InhibitIdleShutdown(false)</onclick>
                    <visible>System.HasShutdown + System.IsInhibit</visible>
                </control>
                <control type="button" id="6011">
                    <include>Defs_OptionButton</include>
                    <label>20150</label>
                    <onclick>XBMC.AlarmClock(shutdowntimer,XBMC.Shutdown())</onclick>
                    <visible>!System.HasAlarm(shutdowntimer)</visible>
                    <visible>System.CanPowerDown | System.CanSuspend | System.CanHibernate</visible>
                </control>
                <control type="button" id="6012">
                    <include>Defs_OptionButton</include>
                    <label>20151</label>
                    <onclick>XBMC.CancelAlarm(shutdowntimer)</onclick>
                    <visible>System.HasAlarm(shutdowntimer)</visible>
                </control>
                <control type="label" id="6013">
                    <include>Defs_OptionButton</include>
                    <label>$INFO[System.Alarmpos,T-]</label>
                    <visible>System.HasAlarm(shutdowntimer)</visible>
                </control>
                <control type="button" id="6014">
                    <include>Defs_OptionButton</include>
                    <label>5</label>
                    <onclick>ActivateWindow(Settings)</onclick>
                </control>
            </control>

        </control>
    </controls>
</window>