<?xml version="1.0" encoding="UTF-8"?>
<window>
    <!-- skinsettings -->
    <backgroundcolor>Background</backgroundcolor>
    <defaultcontrol always="true">8001</defaultcontrol>
    <onload condition="IsEmpty(Skin.String(home.mainheadertext))">Skin.SetString(home.mainheadertext,$LOCALIZE[31158])</onload>
    <onload condition="IsEmpty(Skin.String(home.headertext))">Skin.SetString(home.headertext,$LOCALIZE[10000])</onload>
    <onunload>RunScript(script.skinshortcuts,type=buildxml&amp;mainmenuID=9000&amp;group=mainmenu|x1101|x1102|x1103|x1104|x1105|x1106|x1107|x1108|x1109)</onunload>
    <controls>
        <include>Furniture_Background</include>
        <include>Furniture_TopBar</include>
        <include>Furniture_RSS</include>

        <control type="group">
            <include>Animation_SlideIn</include>
            <include>Animation_FadeOut</include>
            <!-- Left List -->
            <control type="group">
                <left>side</left>
                <top>top</top>
                <height>height</height>
                <width>475</width>
                <include name="Object_Line">
                    <param name="width" value="475" />
                    <param name="label" value="31073" />
                </include>
                <control type="grouplist" id="8000">                
                    <itemgap>0</itemgap>
                    <onright>9000</onright>
                    <onup>noop</onup>
                    <ondown>noop</ondown>
                    <!-- HOME -->
                    <control type="togglebutton" id="8001">
                        <width>100%</width>
                        <label>10000</label>
                        <usealttexture>ControlGroup(8000).HasFocus(8001)</usealttexture>
                        <alttexturenofocus colordiffuse="$VAR[HighlightColor]">common/white.png</alttexturenofocus>
                        <include>Defs_OptionButton</include>
                    </control>
                    <!-- BACKGROUND -->
                    <control type="togglebutton" id="8002">
                        <width>100%</width>
                        <label>31020</label>
                        <usealttexture>ControlGroup(8000).HasFocus(8002)</usealttexture>
                        <alttexturenofocus colordiffuse="$VAR[HighlightColor]">common/white.png</alttexturenofocus>
                        <include>Defs_OptionButton</include>
                    </control>
                    <!-- MUSIC OSD -->
                    <control type="togglebutton" id="8003">
                        <width>100%</width>
                        <label>31121</label>
                        <usealttexture>ControlGroup(8000).HasFocus(8003)</usealttexture>
                        <alttexturenofocus colordiffuse="$VAR[HighlightColor]">common/white.png</alttexturenofocus>
                        <include>Defs_OptionButton</include>
                    </control>
                    <!-- VIDEO OSD -->
                    <control type="togglebutton" id="8004">
                        <width>100%</width>
                        <label>31005</label>
                        <usealttexture>ControlGroup(8000).HasFocus(8004)</usealttexture>
                        <alttexturenofocus colordiffuse="$VAR[HighlightColor]">common/white.png</alttexturenofocus>
                        <include>Defs_OptionButton</include>
                    </control>
                    <!-- HEADER -->
                    <control type="togglebutton" id="8007">
                        <width>100%</width>
                        <label>31127</label>
                        <usealttexture>ControlGroup(8000).HasFocus(8007)</usealttexture>
                        <alttexturenofocus colordiffuse="$VAR[HighlightColor]">common/white.png</alttexturenofocus>
                        <include>Defs_OptionButton</include>
                    </control>
                    <!-- COLORS -->
                    <control type="togglebutton" id="8008">
                        <width>100%</width>
                        <label>31126</label>
                        <usealttexture>ControlGroup(8000).HasFocus(8008)</usealttexture>
                        <alttexturenofocus colordiffuse="$VAR[HighlightColor]">common/white.png</alttexturenofocus>
                        <include>Defs_OptionButton</include>
                    </control>
                    <!-- EXTRAS -->
                    <control type="togglebutton" id="8009">
                        <width>100%</width>
                        <label>31110</label>
                        <usealttexture>ControlGroup(8000).HasFocus(8009)</usealttexture>
                        <alttexturenofocus colordiffuse="$VAR[HighlightColor]">common/white.png</alttexturenofocus>
                        <include>Defs_OptionButton</include>
                    </control>
                </control>
            </control>
            <!-- Right List -->
            <control type="group">
                <left>505</left>
                <top>top</top>
                <height>height</height>
                <right>side</right>
                <include name="Object_Line">
                    <param name="width" value="1395" />
                    <param name="label" value="$LOCALIZE[33063]" />
                </include>
                <control type="grouplist" id="9000">                
                    <itemgap>0</itemgap>
                    <onleft>8000</onleft>
                    <!-- HOME -->
                    <!-- Customise Home Menu -->
                    <control type="button" id="8101">
                        <width>100%</width>
                        <label>31049</label>
                        <onclick>RunScript(script.skinshortcuts,type=manage&amp;group=mainmenu)</onclick>
                        <include>Defs_OptionButton</include>
                        <visible>ControlGroup(8000).HasFocus(8001)</visible>
                    </control>
                    <!-- Fallback Widget -->
                    <control type="button" id="8102">
                        <width>100%</width>
                        <label>31147</label>
                        <label2>$INFO[Skin.String(home.fallbackwidget.name)]</label2>
                        <onclick>RunScript(script.skinshortcuts,type=shortcuts&amp;grouping=hubwidget&amp;skinList=home.fallbackwidget&amp;skinLabel=home.fallbackwidget.name)</onclick>
                        <include>Defs_OptionButton</include>
                        <visible>ControlGroup(8000).HasFocus(8001)</visible>
                    </control>
                    <!-- Widget Info Box -->
                    <control type="radiobutton" id="8103">
                        <width>100%</width>
                        <label>31016</label>
                        <radioposx>1350</radioposx>
                        <selected>!Skin.HasSetting(home.hidewidgetbox)</selected>
                        <onclick condition="!Skin.HasSetting(home.hidewidgetbox) + stringcompare(Skin.String(home.widgetposters),$LOCALIZE[31153])">Skin.SetString(home.widgetposters,$LOCALIZE[31154])</onclick>
                        <onclick>Skin.ToggleSetting(home.hidewidgetbox)</onclick>
                        <include>Defs_OptionButton</include>
                        <visible>ControlGroup(8000).HasFocus(8001)</visible>
                    </control>
                    <!-- Widget Posters -->
                    <control type="button" id="8104">
                        <width>100%</width>
                        <label>31150</label>
                        <label2>$INFO[Skin.String(home.widgetposters)]</label2>
                        <radioposx>1350</radioposx>
                        <onclick condition="!stringcompare(Skin.String(home.widgetposters),$LOCALIZE[31155]) + !stringcompare(Skin.String(home.widgetposters),$LOCALIZE[31153])">Skin.SetString(home.widgetposters,$LOCALIZE[31155])</onclick>
                        <onclick condition="!stringcompare(Skin.String(home.widgetposters),$LOCALIZE[31155]) + !stringcompare(Skin.String(home.widgetposters),$LOCALIZE[31154])">Skin.SetString(home.widgetposters,$LOCALIZE[31154])</onclick>
                        <onclick condition="!stringcompare(Skin.String(home.widgetposters),$LOCALIZE[31153]) + !stringcompare(Skin.String(home.widgetposters),$LOCALIZE[31154]) + !Skin.HasSetting(home.hidewidgetbox)">Skin.SetString(home.widgetposters,$LOCALIZE[31153])</onclick>
                        <onclick condition="!stringcompare(Skin.String(home.widgetposters),$LOCALIZE[31153]) + !stringcompare(Skin.String(home.widgetposters),$LOCALIZE[31154]) + Skin.HasSetting(home.hidewidgetbox)">Skin.SetString(home.widgetposters,$LOCALIZE[31154])</onclick>
                        <include>Defs_OptionButton</include>
                        <visible>ControlGroup(8000).HasFocus(8001)</visible>
                    </control>
                    <!-- Widget DiscArt -->
                    <control type="radiobutton" id="8105">
                        <width>100%</width>
                        <label>31156</label>
                        <radioposx>1350</radioposx>
                        <enable>!stringcompare(Skin.String(home.widgetposters),$LOCALIZE[31153]) + !stringcompare(Skin.String(home.widgetposters),$LOCALIZE[31154])</enable>
                        <selected>Skin.HasSetting(home.showdiscart)</selected>
                        <onclick>Skin.ToggleSetting(home.showdiscart)</onclick>
                        <include>Defs_OptionButton</include>
                        <visible>ControlGroup(8000).HasFocus(8001)</visible>
                    </control>
                    <!-- Header Icon -->
                    <control type="button" id="8107">
                        <width>100%</width>
                        <label>31151</label>
                        <label2>$INFO[Skin.String(home.headericon)]</label2>
                        <onclick condition="IsEmpty(Skin.String(home.headericon))">Skin.SetImage(home.headericon,,special://skin/extras/icons/)</onclick>
                        <onclick condition="!IsEmpty(Skin.String(home.headericon))">Skin.Reset(home.headericon)</onclick>
                        <include>Defs_OptionButton</include>
                        <visible>ControlGroup(8000).HasFocus(8001)</visible>
                    </control>
                    <!-- Header Icon Text -->
                    <control type="button" id="8108">
                        <width>100%</width>
                        <label>31152</label>
                        <label2>$INFO[Skin.String(home.headertext)]</label2>
                        <onclick>Skin.SetString(home.headertext)</onclick>
                        <include>Defs_OptionButton</include>
                        <visible>ControlGroup(8000).HasFocus(8001)</visible>
                    </control>
                    <!-- Main Header Text -->
                    <control type="button" id="8109">
                        <width>100%</width>
                        <label>31157</label>
                        <label2>$INFO[Skin.String(home.mainheadertext)]</label2>
                        <onclick>Skin.SetString(home.mainheadertext)</onclick>
                        <include>Defs_OptionButton</include>
                        <visible>ControlGroup(8000).HasFocus(8001)</visible>
                    </control>

                    <!-- BACKGROUND -->
                    <!-- Fanart -->
                    <control type="radiobutton" id="8201">
                        <width>100%</width>
                        <label>31021</label>
                        <radioposx>1350</radioposx>
                        <selected>!Skin.HasSetting(background.hidefanart)</selected>
                        <onclick>Skin.ToggleSetting(background.hidefanart)</onclick>
                        <include>Defs_OptionButton</include>
                        <visible>ControlGroup(8000).HasFocus(8002)</visible>
                    </control>
                    <!-- Show background video -->
                    <control type="radiobutton" id="8203">
                        <width>100%</width>
                        <label>31027</label>
                        <radioposx>1350</radioposx>
                        <selected>Skin.HasSetting(background.showvideo)</selected>
                        <onclick>Skin.ToggleSetting(background.showvideo)</onclick>
                        <include>Defs_OptionButton</include>
                        <visible>ControlGroup(8000).HasFocus(8002)</visible>
                    </control>
                    <!-- Animate Fanart -->
                    <control type="radiobutton" id="8202">
                        <width>100%</width>
                        <label>31116</label>
                        <radioposx>1350</radioposx>
                        <selected>Skin.HasSetting(background.animate)</selected>
                        <onclick>Skin.ToggleSetting(background.animate)</onclick>
                        <include>Defs_OptionButton</include>
                        <visible>ControlGroup(8000).HasFocus(8002)</visible>
                    </control>
                    <!-- Overlay -->
                    <control type="button" id="8207">
                        <width>100%</width>
                        <label>31159</label>
                        <label2>$INFO[Skin.String(global.background)]</label2>
                        <onclick condition="IsEmpty(Skin.String(global.background))">Skin.SetImage(global.background)</onclick>
                        <onclick condition="!IsEmpty(Skin.String(global.background))">Skin.Reset(global.background)</onclick>
                        <include>Defs_OptionButton</include>
                        <visible>ControlGroup(8000).HasFocus(8002)</visible>
                    </control>
                    <!-- Fallback Fanart -->
                    <control type="button" id="8208">
                        <width>100%</width>
                        <label>31146</label>
                        <label2>$INFO[Skin.String(background.fallback)]</label2>
                        <onclick condition="IsEmpty(Skin.String(background.fallback))">Skin.SetImage(background.fallback)</onclick>
                        <onclick condition="!IsEmpty(Skin.String(background.fallback))">Skin.Reset(background.fallback)</onclick>
                        <include>Defs_OptionButton</include>
                        <visible>ControlGroup(8000).HasFocus(8002)</visible>
                    </control>
                    <!-- Weather Fanart -->
                    <control type="button" id="8209">
                        <width>100%</width>
                        <label>31114</label>
                        <label2>$INFO[Skin.String(weather.fanart)]</label2>
                        <onclick condition="IsEmpty(Skin.String(weather.fanart))">Skin.SetPath(weather.fanart)</onclick>
                        <onclick condition="!IsEmpty(Skin.String(weather.fanart))">Skin.Reset(weather.fanart)</onclick>
                        <include>Defs_OptionButton</include>
                        <visible>ControlGroup(8000).HasFocus(8002)</visible>
                    </control>

                    <!-- MUSIC OSD -->
                    <control type="radiobutton" id="8301" description="Show Fanart">
                        <visible>ControlGroup(8000).HasFocus(8003)</visible>
                        <width>100%</width>
                        <radioposx>1350</radioposx>
                        <include>Defs_OptionButton</include>
                        <label>31021</label>
                        <selected>Skin.HasSetting(musicvis.fanartfallback)</selected>
                        <enable>!System.HasAddon(script.artistslideshow) | !Skin.HasSetting(ArtistSlideShow.Enabled)</enable>
                        <onclick>Skin.ToggleSetting(musicvis.fanartfallback)</onclick>
                    </control>
                    <control type="radiobutton" id="8302" description="Use artist slideshow">
                        <visible>ControlGroup(8000).HasFocus(8003)</visible>
                        <width>100%</width>
                        <radioposx>1350</radioposx>
                        <include>Defs_OptionButton</include>
                        <label>31120</label>
                        <enable>System.HasAddon(script.artistslideshow)</enable>
                        <selected>Skin.HasSetting(ArtistSlideShow.Enabled)</selected>
                        <onclick>Skin.ToggleSetting(ArtistSlideShow.Enabled)</onclick>
                    </control>
                    <control type="radiobutton" id="8303" description="Show visualisation with slideshow">
                        <visible>ControlGroup(8000).HasFocus(8003)</visible>
                        <width>100%</width>
                        <radioposx>1350</radioposx>
                        <include>Defs_OptionButton</include>
                        <label>31119</label>
                        <selected>Skin.HasSetting(OSDVisualisation.ShowFanart)</selected>
                        <onclick>Skin.ToggleSetting(OSDVisualisation.ShowFanart)</onclick>
                        <enable>Skin.HasSetting(musicvis.fanartfallback) | [Skin.HasSetting(ArtistSlideShow.Enabled) + System.HasAddon(script.artistslideshow)]</enable>
                    </control>
                    <control type="radiobutton" id="8304" description="Animate Artist slideshow">
                        <visible>ControlGroup(8000).HasFocus(8003)</visible>
                        <width>100%</width>
                        <radioposx>1350</radioposx>
                        <include>Defs_OptionButton</include>
                        <label>31118</label>
                        <selected>Skin.HasSetting(ArtistSlideshow.Animate)</selected>
                        <onclick>Skin.ToggleSetting(ArtistSlideshow.Animate)</onclick>
                        <enable>Skin.HasSetting(musicvis.fanartfallback) | [Skin.HasSetting(ArtistSlideShow.Enabled) + System.HasAddon(script.artistslideshow)]</enable>
                    </control>

                    <!-- VIDEO OSD -->
                    <!-- Show Info -->
                    <control type="radiobutton" id="8401" description="Show Info">
                        <visible>ControlGroup(8000).HasFocus(8004)</visible>
                        <width>100%</width>
                        <radioposx>1350</radioposx>
                        <include>Defs_OptionButton</include>
                        <label>31006</label>
                        <selected>Skin.HasSetting(videoosd.showinfo)</selected>
                        <onclick>Skin.ToggleSetting(videoosd.showinfo)</onclick>
                    </control>

                    <!-- HEADER -->
                    <!-- Disable Clock -->
                    <control type="radiobutton" id="8701">
                        <width>100%</width>
                        <label>31138</label>
                        <radioposx>1350</radioposx>
                        <onclick>Skin.ToggleSetting(disable.clockheader)</onclick>
                        <selected>!Skin.HasSetting(disable.clockheader)</selected>
                        <include>Defs_OptionButton</include>
                        <visible>ControlGroup(8000).HasFocus(8007)</visible>
                    </control>
                    <!-- Disable Weather -->
                    <control type="radiobutton" id="8702">
                        <width>100%</width>
                        <label>31115</label>
                        <radioposx>1350</radioposx>
                        <onclick>Skin.ToggleSetting(disable.weatherheader)</onclick>
                        <selected>!Skin.HasSetting(disable.weatherheader)</selected>
                        <enable>!Skin.HasSetting(disable.clockheader)</enable>
                        <include>Defs_OptionButton</include>
                        <visible>ControlGroup(8000).HasFocus(8007)</visible>
                    </control>
                    <!-- Disable Header -->
                    <control type="radiobutton" id="8703">
                        <width>100%</width>
                        <label>31014</label>
                        <radioposx>1350</radioposx>
                        <onclick>Skin.ToggleSetting(disable.mainheader)</onclick>
                        <selected>!Skin.HasSetting(disable.mainheader)</selected>
                        <include>Defs_OptionButton</include>
                        <visible>ControlGroup(8000).HasFocus(8007)</visible>
                    </control>
                    <!-- Match header tile to highlight color -->
                    <control type="radiobutton" id="8709">
                        <width>100%</width>
                        <label>31122</label>
                        <radioposx>1350</radioposx>
                        <onclick>Skin.ToggleSetting(header.colormatch)</onclick>
                        <selected>Skin.HasSetting(header.colormatch)</selected>
                        <include>Defs_OptionButton</include>
                        <visible>ControlGroup(8000).HasFocus(8007)</visible>
                    </control>

                    <!-- COLORS -->
                    <!-- Main Color -->
                    <control type="button" id="8801">
                        <width>100%</width>
                        <label>31111</label>
                        <label2>$INFO[Skin.String(HighlightColor)]</label2>
                        <onclick>RunScript(script.skin.helper.service,action=colorpicker,skinstring=HighlightColor)</onclick>
                        <include>Defs_OptionButton</include>
                        <visible>ControlGroup(8000).HasFocus(8008)</visible>
                    </control>
                    <!-- Second Color -->
                    <control type="button" id="8802">
                        <width>100%</width>
                        <label>31112</label>
                        <label2>$INFO[Skin.String(HighlightColor2)]</label2>
                        <onclick>RunScript(script.skin.helper.service,action=colorpicker,skinstring=HighlightColor2)</onclick>
                        <include>Defs_OptionButton</include>
                        <visible>ControlGroup(8000).HasFocus(8008)</visible>
                    </control>
                    <!-- Reset Colors -->
                    <control type="button" id="8803">
                        <width>100%</width>
                        <label>31113</label>
                        <onclick>Skin.Reset(HighlightColor)</onclick>
                        <onclick>Skin.Reset(HighlightColor2)</onclick>
                        <include>Defs_OptionButton</include>
                        <visible>ControlGroup(8000).HasFocus(8008)</visible>
                    </control>
                    <!-- Tile Colors -->
                    <control type="radiobutton" id="8804">
                        <width>100%</width>
                        <label>31129</label>
                        <radioposx>1350</radioposx>
                        <onclick>Skin.ToggleSetting(home.tilecolor)</onclick>
                        <selected>Skin.HasSetting(home.tilecolor)</selected>
                        <include>Defs_OptionButton</include>
                        <visible>ControlGroup(8000).HasFocus(8008)</visible>
                    </control>
                    <control type="radiobutton" id="8805">
                        <width>100%</width>
                        <label>31140</label>
                        <radioposx>1350</radioposx>
                        <onclick>Skin.ToggleSetting(home.tilecolor.nofocus)</onclick>
                        <selected>Skin.HasSetting(home.tilecolor.nofocus)</selected>
                        <include>Defs_OptionButton</include>
                        <enable>Skin.HasSetting(home.tilecolor)</enable>
                        <visible>ControlGroup(8000).HasFocus(8008)</visible>
                    </control>

                    <!-- EXTRAS -->
                    <!-- Kiosk -->
                    <control type="radiobutton" id="8901">
                        <radioposx>1350</radioposx>
                        <width>100%</width>
                        <label>31057</label>
                        <selected>Skin.HasSetting(KioskMode)</selected>
                        <onclick>Skin.ToggleSetting(KioskMode)</onclick>
                        <include>Defs_OptionButton</include>
                        <visible>ControlGroup(8000).HasFocus(8009)</visible>
                    </control>
                    <!-- Opaque Panels -->
                    <control type="radiobutton" id="8902">
                        <radioposx>1350</radioposx>
                        <width>100%</width>
                        <label>31004</label>
                        <selected>Skin.HasSetting(global.backpanelmode)</selected>
                        <onclick>Skin.ToggleSetting(global.backpanelmode)</onclick>
                        <include>Defs_OptionButton</include>
                        <visible>ControlGroup(8000).HasFocus(8009)</visible>
                    </control>
                    <!-- Media Flags -->
                    <control type="radiobutton" id="8903">
                        <radioposx>1350</radioposx>
                        <width>100%</width>
                        <label>31007</label>
                        <selected>Skin.HasSetting(furniture.showflags)</selected>
                        <onclick>Skin.ToggleSetting(furniture.showflags)</onclick>
                        <include>Defs_OptionButton</include>
                        <visible>ControlGroup(8000).HasFocus(8009)</visible>
                    </control>
                    <!-- Overlay Plot -->
                    <control type="radiobutton" id="8904">
                        <radioposx>1350</radioposx>
                        <width>100%</width>
                        <label>31008</label>
                        <selected>Skin.HasSetting(furniture.overlayinfo)</selected>
                        <onclick>Skin.ToggleSetting(furniture.overlayinfo)</onclick>
                        <include>Defs_OptionButton</include>
                        <visible>ControlGroup(8000).HasFocus(8009)</visible>
                    </control>
                </control>
            </control>
        </control>
    </controls>

</window>