<?xml version="1.0" encoding="UTF-8"?>
<window>
	<!-- epglibrary -->
	<backgroundcolor>ff387b98</backgroundcolor>
	<defaultcontrol>10</defaultcontrol>
	<menucontrol>99</menucontrol>
	<views>10</views>

	<controls>

			<!-- Background -->
			<include name="Wallpaper">
				<param name="CompPrefix" value="TV.View1" />
			</include>	
			
			<control type="group">
			 
				<include name="DialogPush">
					<param name="CompPrefix" value="TV.View1" />
				</include>
			
			<control type="image">
				<include name="BgPosition">
					<param name="Prefix" value="TV.View1" />
				</include>
				<texture colordiffuse="$INFO[Skin.String(Color.BBBg)]">common/white.png</texture>
				<visible>Skin.String(TV.View1.BBShow,VISIBLE)</visible>
			</control>				
			
		<!-- Bloc 3-->
		<control type="group">
			<include name="BlocPosition">
				<param name="Prefix" value="TV.View1" />
				<param name="BlocID" value="B3" />
			</include>
			<!-- Configuring Horizontal Size -->
			<include condition="Skin.String(TV.View1.B3SizeX,1COLUMN)">SizeX636</include>
			<include condition="Skin.String(TV.View1.B3SizeX,2COLUMN)">SizeX1272</include>
			<include condition="Skin.String(TV.View1.B3SizeX,3COLUMN)">SizeX1908</include>
			<!-- Configuring Vertical Size -->
			<include condition="Skin.String(TV.View1.B3SizeY,1ROW)">SizeY356</include>
			<include condition="Skin.String(TV.View1.B3SizeY,2ROW)">SizeY712</include>
			<include condition="Skin.String(TV.View1.B3SizeY,3ROW)">SizeY1068</include>		
			<visible>Skin.String(TV.View1.B3Show,VISIBLE)</visible>
			<control type="image">
				<left>0</left>
				<top>0</top>
				<texture colordiffuse="$INFO[Skin.String(Color.B3Bg)]">common/white.png</texture>
			</control>		
			<control type="image">
				<left>0</left>
				<top>0</top>
				<aspectratio>scale</aspectratio>
				<texture background="true" colordiffuse="FFFFFFFF">$VAR[B3Art]</texture>
			</control>
			<control type="multiimage">
				<left>0</left>
				<top>0</top>
				<width>636</width>
				<height>356</height>
				<imagepath>plugin://script.skin.helper.service/?action=getthumb&path=$INFO[ListItem.Title,, ]$INFO[ListItem.ChannelName]</imagepath>
			 	<aspectratio>scale</aspectratio>
			 	<visible>!IsEmpty(Container(9010).ListItem.Title)</visible>
			</control>
			<control type="image">
				<right>24</right>
				<top>230</top>
				<width>180</width>
				<height>100</height>
				<aspectratio>keep</aspectratio>
				<texture fallback="material/tv.png" colordiffuse="FFFFFFFF">$INFO[ListItem.Icon]</texture>
			</control>
			<control type="image">
				<left>0</left>
				<top>0</top>
				<height>125</height>
				<aspectratio>stretch</aspectratio>
				<texture colordiffuse="AA000000">common/white.png</texture>
			</control>
			<control type="label">
				<top>20</top>
				<right>24</right>
				<width>588</width>
				<height>48</height>
				<align>right</align>
				<font>Font48</font>
				<textcolor>FFFFFFFF</textcolor>
				<label>[UPPERCASE]$INFO[ListItem.ChannelName][/UPPERCASE]</label>
			</control>
			<control type="label">
				<top>72</top>
				<right>24</right>
				<width>588</width>
				<height>12</height>
				<align>right</align>
				<font>FontSmallB</font>
				<textcolor>FFFFFFFF</textcolor>
				<label>$INFO[ListItem.ChannelNumber,$LOCALIZE[19029] ,]</label>
			</control>
		</control>	
		
		<!-- Bloc 4 -->
		<control type="group">
			<include name="BlocPosition">
				<param name="Prefix" value="TV.View1" />
				<param name="BlocID" value="B4" />
			</include>
			<!-- Configuring Horizontal Size -->
			<include condition="Skin.String(TV.View1.B4SizeX,1COLUMN)">SizeX636</include>
			<include condition="Skin.String(TV.View1.B4SizeX,2COLUMN)">SizeX1272</include>
			<include condition="Skin.String(TV.View1.B4SizeX,3COLUMN)">SizeX1908</include>
			<!-- Configuring Vertical Size -->
			<include condition="Skin.String(TV.View1.B4SizeY,1ROW)">SizeY356</include>
			<include condition="Skin.String(TV.View1.B4SizeY,2ROW)">SizeY712</include>
			<include condition="Skin.String(TV.View1.B4SizeY,3ROW)">SizeY1068</include>		
			<visible>Skin.String(TV.View1.B4Show,VISIBLE)</visible>
			<control type="image">
				<left>0</left>
				<top>0</top>
				<texture colordiffuse="$INFO[Skin.String(Color.B1Bg)]">common/white.png</texture>
			</control>				
			<control type="videowindow">
				<left>0</left>
				<top>0</top>
				<visible>Skin.String(TV.View1.B4Show,VISIBLE)</visible>
			</control>
		</control>

		<!-- Bloc 1 -->
		<control type="group">
			<control type="group">
				<visible>Control.IsVisible(10)</visible>
				<animation effect="fade" start="100" end="0" time="0" condition="Skin.String(TV.View1.B1Show,HIDDEN)">Conditional</animation>
				<include name="BlocPosition">
					<param name="Prefix" value="TV.View1" />
					<param name="BlocID" value="B1" />
				</include>
				<!-- Configuring Horizontal Size -->
				<include condition="Skin.String(TV.View1.B1SizeX,1COLUMN)">SizeX636</include>
				<include condition="Skin.String(TV.View1.B1SizeX,2COLUMN)">SizeX1272</include>
				<include condition="Skin.String(TV.View1.B1SizeX,3COLUMN)">SizeX1908</include>
				<!-- Configuring Vertical Size -->
				<include condition="Skin.String(TV.View1.B1SizeY,1ROW)">SizeY356</include>
				<include condition="Skin.String(TV.View1.B1SizeY,2ROW)">SizeY713</include>
				<include condition="Skin.String(TV.View1.B1SizeY,3ROW)">SizeY1069</include>		
				
				<control type="image">
					<left>0</left>
					<top>0</top>
					<texture colordiffuse="$INFO[Skin.String(Color.B1Bg)]">common/white.png</texture>
				</control>

				<!-- EPG Grid -->
				<control type="epggrid" id="10">
					<left>0</left>
					<top>0</top>
					<onup>noop</onup>
					<ondown>noop</ondown>
					<onleft>3000</onleft>
					<onright>3000</onright>
					<onback>99</onback>
					<rulerunit>6</rulerunit>
					<!-- Configuring Vertical Size -->
					<include condition="Skin.String(TV.View1.B1SizeY,1ROW)">SizeY356</include>
					<include condition="Skin.String(TV.View1.B1SizeY,2ROW)">SizeY713</include>
					<include condition="Skin.String(TV.View1.B1SizeY,3ROW)">SizeY1069</include>		
					<!-- Include TimeBlocs -->
					<include condition="Skin.String(TV.View1.B1SizeX,1COLUMN)">SmallTime</include>
					<include condition="Skin.String(TV.View1.B1SizeX,2COLUMN)">MediumTime</include>
					<include condition="Skin.String(TV.View1.B1SizeX,3COLUMN)">LargeTime</include>
					
					<pagecontrol>61</pagecontrol>
					<viewtype label="19032">list</viewtype>
					<progresstexture colordiffuse="EpgProgress" border="5,5,5,5">common/white.png</progresstexture>
					<scrolltime tween="sine" easing="out">240</scrolltime>

					<!-- Include Ruler -->
					<include condition="Skin.String(TV.View1.B1SizeY,1ROW)">HiddenRuler</include>
					<include condition="!Skin.String(TV.View1.B1SizeY,1ROW)">VisibleRuler</include>

					<!-- Include ChannelLayout -->					
					<include condition="Skin.String(TV.View1.B1SizeX,1COLUMN)">SmallChannels</include>
					<include condition="!Skin.String(TV.View1.B1SizeX,1COLUMN)">LargeChannels</include>

					<!-- Include ChannelLayout -->					
					<include>EPGLayout</include>

				</control>
			</control>
		</control>		

		<!-- Bloc 2 -->
		<control type="group">
			<include name="BlocPosition">
				<param name="Prefix" value="TV.View1" />
				<param name="BlocID" value="B2" />
			</include>
			<!-- Configuring Horizontal Size -->
			<include condition="Skin.String(TV.View1.B2SizeX,1COLUMN)">SizeX636</include>
			<include condition="Skin.String(TV.View1.B2SizeX,2COLUMN)">SizeX1272</include>
			<include condition="Skin.String(TV.View1.B2SizeX,3COLUMN)">SizeX1908</include>
			<!-- Configuring Vertical Size -->
			<include condition="Skin.String(TV.View1.B2SizeY,1ROW)">SizeY356</include>
			<include condition="Skin.String(TV.View1.B2SizeY,2ROW)">SizeY712</include>
			<include condition="Skin.String(TV.View1.B2SizeY,3ROW)">SizeY1068</include>


				<control type="image">
					<left>0</left>
					<top>0</top>
					<aspectratio>stretch</aspectratio>
					<texture colordiffuse="$INFO[Skin.String(Color.B2Bg)]">common/white.png</texture>
					<visible>Skin.String(TV.View1.B2Show,VISIBLE) | ControlGroup(99).HasFocus() | ControlGroup(996).HasFocus()</visible>
				</control>
				<include name="ViewOptions" condition="Skin.String(TV.View1.B2SizeX,1COLUMN) + Skin.String(TV.View1.B2SizeY,1ROW)">
					<param name="width" value="588" />
					<param name="height" value="305" />
					<param name="ViewName" value="$INFO[TV.View1.Name)]" />
				</include>
				<include name="ViewOptions" condition="Skin.String(TV.View1.B2SizeX,1COLUMN) + !Skin.String(TV.View1.B2SizeY,1ROW)">
					<param name="width" value="588" />
					<param name="height" value="610" />
					<param name="ViewName" value="$INFO[TV.View1.Name)]" />
				</include>
				<include name="ViewOptions" condition="Skin.String(TV.View1.B2SizeX,2COLUMN) + Skin.String(TV.View1.B2SizeY,1ROW)">
					<param name="width" value="1224" />
					<param name="height" value="305" />
					<param name="ViewName" value="$INFO[TV.View1.Name)]" />
				</include>
				<include name="ViewOptions" condition="Skin.String(TV.View1.B2SizeX,2COLUMN) + !Skin.String(TV.View1.B2SizeY,1ROW)">
					<param name="width" value="1224" />
					<param name="height" value="610" />
					<param name="ViewName" value="$INFO[TV.View1.Name)]" />
				</include>
				<include name="ViewOptions" condition="Skin.String(TV.View1.B2SizeX,3COLUMN) + Skin.String(TV.View1.B2SizeY,1ROW)">
					<param name="width" value="1860" />
					<param name="height" value="305" />
					<param name="ViewName" value="$INFO[TV.View1.Name)]" />
				</include>
				<include name="ViewOptions" condition="Skin.String(TV.View1.B2SizeX,3COLUMN) + !Skin.String(TV.View1.B2SizeY,1ROW)">
					<param name="width" value="1860" />
					<param name="height" value="610" />
					<param name="ViewName" value="$INFO[TV.View1.Name)]" />
				</include>

				<control type="group">
				<visible>Skin.String(TV.View1.B2Show,VISIBLE) + !ControlGroup(99).HasFocus() + !ControlGroup(996).HasFocus()</visible>
					<control type="label">
						<left>12</left>
						<top>24</top>
						<width>124</width>
						<height>60</height>
						<textcolor>$INFO[Skin.String(Color.B2Txt1)]</textcolor>
						<font>Font72</font>
						<align>center</align>
						<aligny>center</aligny>
						<label>$INFO[ListItem.ChannelNumber]</label>
					</control>
					<control type="label">
						<left>24</left>
						<top>96</top>
						<width>100</width>
						<height>60</height>
						<textcolor>$INFO[Skin.String(Color.B2Txt4)]</textcolor>
						<font>Font36</font>
						<align>center</align>
						<aligny>center</aligny>
						<label>$INFO[Container.NumItems]</label>
					</control>
					<control type="group">
						<left>148</left>
						<!-- Configuring Bloc2 Horizontal Text Width -->
						<include condition="Skin.String(TV.View1.B2SizeX,1COLUMN)">TextW636</include>
						<include condition="Skin.String(TV.View1.B2SizeX,2COLUMN)">TextW1272</include>
						<include condition="Skin.String(TV.View1.B2SizeX,3COLUMN)">TextW1908</include>
						<control type="label">
							<top>10</top>
							<height>60</height>
							<textcolor>$INFO[Skin.String(Color.B2Txt2)]</textcolor>
							<font>Font36R</font>
							<align>left</align>
							<aligny>center</aligny>
							<label fallback="19047">$INFO[ListItem.Title]</label>
						</control>
						<control type="label">
							<top>43</top>
							<height>60</height>
							<align>left</align>
							<aligny>center</aligny>
							<font>FontSmallR</font>
							<textcolor>$INFO[Skin.String(Color.B2Txt4)]</textcolor>
							<label fallback="19499">$INFO[ListItem.Genre]</label>
						</control>				
						<control type="textbox">
							<top>120</top>
							<!-- Configuring Bloc2 Vertical Plot Height -->
							<include condition="Skin.String(TV.View1.B2SizeY,1ROW)">PlotH356</include>
							<include condition="Skin.String(TV.View1.B2SizeY,2ROW)">PlotH712</include>
							<include condition="Skin.String(TV.View1.B2SizeY,3ROW)">PlotH1068</include>
							<textcolor>$INFO[Skin.String(Color.B2Txt3)]</textcolor>
							<font>Font25</font>
							<label fallback="19055">$INFO[ListItem.Plot]</label>
						</control>
					</control>
					<control type="group">
						<include name="B2SRate">
							<param name="Prefix" value="TV.View1" />
						</include>
						<control type="progress">
							<left>148</left>
							<posy>315</posy>
							<width>100</width>
							<height>10</height>
							<texturebg colordiffuse="$VAR[CategoryColor]">common/progressback.png</texturebg>
							<lefttexture>-</lefttexture>
							<midtexture colordiffuse="$VAR[CategoryColor]">common/progressfront.png</midtexture>
							<righttexture>-</righttexture>
							<info>ListItem.Progress</info>
							<visible>ListItem.HasEpg</visible>
						</control>
						<control type="label">
							<top>300</top>
							<right>48</right>
							<width>300</width>
							<height>25</height>
							<align>right</align>
							<aligny>top</aligny>
							<font>Font25</font>
							<textcolor>$INFO[Skin.String(Color.B2Txt4)]</textcolor>
							<label>$INFO[ListItem.Duration,$LOCALIZE[180] : ,]</label>
							<visible>ListItem.HasEpg</visible>					
						</control>
					</control>
				</control>
			</control>
		</control>
			
		<!-- Dialogs Background -->
		<include name="DialogBgDef">
			<param name="CompPrefix" value="TV.View1" />
		</include>
		
		<!-- Sidebar Position-->	
		<control type="group">	
			<animation effect="slide" start="0,0" end="660,0" time="100" condition="Skin.String(TV.View1.DIAPanel,LEFT) + [Skin.String(TV.View1.BBSidebar,TOP) | Skin.String(TV.View1.BBSidebar,BOTTOM)] + !IsEmpty(Window(Home).Property(DialogVisibility)) + Skin.String(TV.View1.DIASlide,PUSH)">Conditional</animation>
			<animation effect="slide" start="0,0" end="-660,0" time="100" condition="Skin.String(TV.View1.DIAPanel,RIGHT) + [Skin.String(TV.View1.BBSidebar,TOP) | Skin.String(TV.View1.BBSidebar,BOTTOM)] + !IsEmpty(Window(Home).Property(DialogVisibility)) + Skin.String(TV.View1.DIASlide,PUSH)">Conditional</animation>
			<animation effect="slide" start="0,0" end="0,380" time="100" condition="Skin.String(TV.View1.DIAPanel,TOP) + [Skin.String(TV.View1.BBSidebar,RIGHT) | Skin.String(TV.View1.BBSidebar,LEFT)] + !IsEmpty(Window(Home).Property(DialogVisibility)) + Skin.String(TV.View1.DIASlide,PUSH)">Conditional</animation>			
			<animation effect="slide" start="0,0" end="0,-380" time="100" condition="Skin.String(TV.View1.DIAPanel,BOTTOM) + [Skin.String(TV.View1.BBSidebar,RIGHT) | Skin.String(TV.View1.BBSidebar,LEFT)] + !IsEmpty(Window(Home).Property(DialogVisibility)) + Skin.String(TV.View1.DIASlide,PUSH)">Conditional</animation>		
			<animation effect="slide" start="0,0" end="0,-120" time="100" condition="[Skin.String(TV.View1.DIAPanel,LEFT) | Skin.String(TV.View1.DIAPanel,RIGHT)] + Skin.String(TV.View1.BBSidebar,TOP) + !IsEmpty(Window(Home).Property(DialogVisibility)) + !Skin.String(TV.View1.DIASlide,PUSH)">Conditional</animation>
			<animation effect="slide" start="0,0" end="0,120" time="100" condition="[Skin.String(TV.View1.DIAPanel,LEFT) | Skin.String(TV.View1.DIAPanel,RIGHT)] + Skin.String(TV.View1.BBSidebar,BOTTOM) + !IsEmpty(Window(Home).Property(DialogVisibility)) + !Skin.String(TV.View1.DIASlide,PUSH)">Conditional</animation>
			<animation effect="slide" start="0,0" end="-120,0" time="100" condition="[Skin.String(TV.View1.DIAPanel,TOP) | Skin.String(TV.View1.DIAPanel,BOTTOM)] + Skin.String(TV.View1.BBSidebar,LEFT) + !IsEmpty(Window(Home).Property(DialogVisibility)) + !Skin.String(TV.View1.DIASlide,PUSH)">Conditional</animation>
			<animation effect="slide" start="0,0" end="120,0" time="100" condition="[Skin.String(TV.View1.DIAPanel,TOP) | Skin.String(TV.View1.DIAPanel,BOTTOM)] + Skin.String(TV.View1.BBSidebar,RIGHT) + !IsEmpty(Window(Home).Property(DialogVisibility)) + !Skin.String(TV.View1.DIASlide,PUSH)">Conditional</animation>													
	
			<control type="group">		
				<visible>Skin.String(TV.View1.BBSidebar,LEFT) | Skin.String(TV.View1.BBSidebar,RIGHT)</visible>	
				<include condition="Skin.String(TV.View1.BBSidebar,LEFT) | Skin.String(TV.View1.BBSidebar,RIGHT)">BarVPreview</include>
				<animation effect="slide" start="0,0" end="1800,0" time="0" condition="Skin.String(TV.View1.BBSidebar,RIGHT)">Conditional</animation>
				<animation effect="fade" start="75" end="0" time="200" delay="1000" condition="!Container(9000).OnNext + !Container(9000).OnPrevious + Skin.String(TV.View1.BBSizeX,3COLUMN) + Skin.String(TV.View1.BBSizeY,3ROW)">Conditional</animation>	
				<control type="label">
					<top>0</top>
					<left>-400</left>
					<width>400</width>
					<height>120</height>
					<align>right</align>
					<font>Font48</font>
					<textcolor>$INFO[Skin.String(Color.SBIconNF)]</textcolor>
					<label>[UPPERCASE]$INFO[Window(home).Property(MenuID)][/UPPERCASE]</label>
					<animation effect="rotate" start="0" end="90" time="0" center="60,60" condition="true">Conditional</animation>
				</control>
				<control type="image">
					<left>20</left>
					<top>20</top>
					<width>80</width>
					<height>80</height>
					<align>center</align>
					<texture colordiffuse="$VAR[CategoryColor]">common/white.png</texture>
				</control>
				<control type="image">
					<left>35</left>
					<top>35</top>
					<width>50</width>
					<height>50</height>
					<align>center</align>
					<aspectratio>keep</aspectratio>
					<texture colordiffuse="FFFFFFFF">$INFO[Window(home).Property(MenuIcon)]</texture>
				</control>		
			</control>
			
			<control type="group">		
				<visible>Skin.String(TV.View1.BBSidebar,TOP) | Skin.String(TV.View1.BBSidebar,BOTTOM)</visible>
				<include condition="Skin.String(TV.View1.BBSidebar,TOP) | Skin.String(TV.View1.BBSidebar,BOTTOM)">BarHPreview</include>
				<animation effect="slide" start="0,0" end="0,960" time="0" condition="Skin.String(TV.View1.BBSidebar,BOTTOM)">Conditional</animation>
				<animation effect="fade" start="75" end="0" time="200" delay="1000" condition="!Container(9000).OnNext + !Container(9000).OnPrevious + Skin.String(TV.View1.BBSizeX,3COLUMN) + Skin.String(TV.View1.BBSizeY,3ROW)">Conditional</animation>	
				<control type="label">
					<top>0</top>
					<left>144</left>
					<width>400</width>
					<height>120</height>
					<align>left</align>
					<aligny>center</aligny>
					<font>Font48</font>
					<textcolor>$INFO[Skin.String(Color.SBIconNF)]</textcolor>
					<label>[UPPERCASE]$INFO[Window(home).Property(MenuID)][/UPPERCASE]</label>
				</control>
				<control type="image">
					<left>20</left>
					<top>20</top>
					<width>80</width>
					<height>80</height>
					<align>center</align>
					<texture colordiffuse="$VAR[CategoryColor]">common/white.png</texture>
				</control>
				<control type="image">
					<left>35</left>
					<top>35</top>
					<width>50</width>
					<height>50</height>
					<align>center</align>
					<aspectratio>keep</aspectratio>
					<texture colordiffuse="FFFFFFFF">$INFO[Window(home).Property(MenuIcon)]</texture>
				</control>				
			</control>
		</control>	
	</controls>
</window>