<?xml version="1.0" encoding="UTF-8"?>
<window>
	<!-- FileManager -->
	<backgroundcolor>0x00000000</backgroundcolor>
	<defaultcontrol always="true">2</defaultcontrol>
	<onload condition="IsEmpty(Window(Home).Property(DialogVisibility)) + IsEmpty(Window(Home).Property(DialogVisibility2))">SetProperty(DialogVisibility,$INFO[Window.Property(xmlfile)]1,Home)</onload>
	<onload condition="!IsEmpty(Window(Home).Property(DialogVisibility)) + IsEmpty(Window(Home).Property(DialogVisibility2))">SetProperty(DialogVisibility2,$INFO[Window.Property(xmlfile)]2,Home)</onload>
	<onload condition="!IsEmpty(Window(Home).Property(DialogVisibility2)) + IsEmpty(Window(Home).Property(DialogVisibility3))">SetProperty(DialogVisibility3,$INFO[Window.Property(xmlfile)]3,Home)</onload>
	<onload condition="!IsEmpty(Window(Home).Property(DialogVisibility3)) + IsEmpty(Window(Home).Property(DialogVisibility4))">SetProperty(DialogVisibility4,$INFO[Window.Property(xmlfile)]4,Home)</onload>
	<onload condition="!IsEmpty(Window(Home).Property(DialogVisibility4)) + IsEmpty(Window(Home).Property(DialogVisibility5))">SetProperty(DialogVisibility5,$INFO[Window.Property(xmlfile)]5,Home)</onload>
	<onunload condition="IsEmpty(Window(Home).Property(DialogVisibility2)) + SubString(Window(Home).Property(DialogVisibility),SettingsProfile) + SubString(Window(Home).Property(DialogVisibility),$NUMBER[1])">ClearProperty(DialogVisibility,Home)</onunload>
	<onunload condition="IsEmpty(Window(Home).Property(DialogVisibility3)) + SubString(Window(Home).Property(DialogVisibility2),SettingsProfile) + SubString(Window(Home).Property(DialogVisibility2),$NUMBER[2])">ClearProperty(DialogVisibility2,Home)</onunload>
	<onunload condition="IsEmpty(Window(Home).Property(DialogVisibility4)) + SubString(Window(Home).Property(DialogVisibility3),SettingsProfile) + SubString(Window(Home).Property(DialogVisibility3),$NUMBER[3])">ClearProperty(DialogVisibility3,Home)</onunload>
	<onunload condition="IsEmpty(Window(Home).Property(DialogVisibility5)) + SubString(Window(Home).Property(DialogVisibility4),SettingsProfile) + SubString(Window(Home).Property(DialogVisibility4),$NUMBER[4])">ClearProperty(DialogVisibility4,Home)</onunload>
	<onunload>ClearProperty(DialogVisibility5,Home)</onunload>
	
	<controls>	

		<!-- Decorative Elements -->
		<control type="group">
			<!-- Background -->
			<include name="Wallpaper">
				<param name="CompPrefix" value="HOM.View1" />
			</include>

			<!-- Background -->
			<control type="image">
				<aspectratio>scale</aspectratio>
				<texture colordiffuse="$INFO[Skin.String(Color.BBBg)]">common/white.png</texture>
			</control>
			
			<!-- Left Panel Background -->
			<control type="image">
				<top>0</top>
				<left>0</left>
				<width>660</width>
				<height>1080</height>
				<aspectratio>scale</aspectratio>
				<texture colordiffuse="$INFO[Skin.String(Color.DIABg)]">common/white.png</texture>
			</control>
		</control>
		
		<control type="group">
			<visible>[SubString(Window(Home).Property(DialogVisibility),SettingsProfile) + SubString(Window(Home).Property(DialogVisibility),$NUMBER[1]) + IsEmpty(Window(Home).Property(DialogVisibility2)) + IsEmpty(Window(Home).Property(DialogVisibility3)) + IsEmpty(Window(Home).Property(DialogVisibility4)) + IsEmpty(Window(Home).Property(DialogVisibility5))] | 
					[SubString(Window(Home).Property(DialogVisibility2),SettingsProfile) + SubString(Window(Home).Property(DialogVisibility2),$NUMBER[2]) + IsEmpty(Window(Home).Property(DialogVisibility3)) + IsEmpty(Window(Home).Property(DialogVisibility4)) + IsEmpty(Window(Home).Property(DialogVisibility5))] |
					[SubString(Window(Home).Property(DialogVisibility3),SettingsProfile) + SubString(Window(Home).Property(DialogVisibility3),$NUMBER[3]) + IsEmpty(Window(Home).Property(DialogVisibility4)) + IsEmpty(Window(Home).Property(DialogVisibility5))] |
					[SubString(Window(Home).Property(DialogVisibility4)SettingsProfile) + SubString(Window(Home).Property(DialogVisibility4),$NUMBER[4]) + IsEmpty(Window(Home).Property(DialogVisibility5))] |
					[SubString(Window(Home).Property(DialogVisibility5),SettingsProfile)  + SubString(Window(Home).Property(DialogVisibility5),$NUMBER[5])]</visible>
			
			<include name="DialogPOS">
				<param name="DialogName" value="DIASettingsProfile" />
			</include>		

		</control>

		<include>MainSettingsContent</include>		

	</controls>
			
</window>