<?xml version='1.0' encoding='UTF-8'?>
<shortcuts>
	<shortcut>
		<label>$LOCALIZE[12600]</label>
		<label2>Common Shortcut</label2>
		<defaultID>weather</defaultID>
		<icon>DefaultShortcut.png</icon>
		<thumb />
		<action>ActivateWindow(Weather)</action>
	</shortcut>
	<shortcut>
		<label>10006</label>
		<label2>Common Shortcut</label2>
		<defaultID>videos</defaultID>
		<icon>material/videocam.png</icon>
		<thumb />
		<action>ActivateWindow(Videos,root)</action>
	</shortcut>
	<shortcut>
		<label>32032</label>
		<label2>Common Shortcut</label2>
		<defaultID>dvd</defaultID>
		<icon>DefaultDVDFull.png</icon>
		<thumb />
		<action>XBMC.PlayDVD()</action>
	</shortcut>
	<shortcut>
		<label>342</label>
		<label2>Common Shortcut</label2>
		<defaultID>movies</defaultID>
		<icon>material/movie.png</icon>
		<thumb />
		<action>ActivateWindow(Videos,MovieTitles,return)</action>
	</shortcut>
	<shortcut>
		<label>20343</label>
		<label2>Common Shortcut</label2>
		<defaultID>tvshows</defaultID>
		<icon>material/tvshows.png</icon>
		<thumb />
		<action>ActivateWindow(Videos,TVShowTitles,return)</action>
	</shortcut>
	<shortcut>
		<label>132</label>
		<label2>Common Shortcut</label2>
		<defaultID>132</defaultID>
		<icon>material/music.png</icon>
		<thumb />
		<action>ActivateWindow(MusicLibrary,Albums,return)</action>
	</shortcut>
	<shortcut>
		<label>10005</label>
		<label2>Common Shortcut</label2>
		<defaultID>music</defaultID>
		<icon>material/music.png</icon>
		<thumb />
		<action>ActivateWindow(Music,root)</action>
	</shortcut>
	<shortcut>
		<label>10002</label>
		<label2>Common Shortcut</label2>
		<defaultID>pictures</defaultID>
		<icon>material/pictures.png</icon>
		<thumb />
		<action>ActivateWindow(Pictures)</action>
	</shortcut>
	<shortcut>
		<label>1036</label>
		<label2>Common Shortcut</label2>
		<defaultID>1036</defaultID>
		<icon>material/favorite.png</icon>
		<thumb />
		<action>ActivateWindow(favourites)</action>
	</shortcut>
	<shortcut>
		<label>$SKIN[31063|skin.conq|Addons]</label>
		<label2>Common Shortcut</label2>
		<defaultID>31063</defaultID>
		<icon>material/addons.png</icon>
		<thumb />
		<action>ActivateWindow(Programs,Addons,return)</action>
	</shortcut>
	<shortcut>
		<label>10004</label>
		<label2>Common Shortcut</label2>
		<defaultID>settings</defaultID>
		<icon>material/settings.png</icon>
		<thumb />
		<action>ActivateWindow(Settings)</action>
	</shortcut>
	<shortcut>
		<label>137</label>
		<label2>Custom shortcut</label2>
		<defaultID>script.globalsearch</defaultID>
		<icon>material/search.png</icon>
		<thumb />
		<action>RunScript(script.globalsearch)</action>
	</shortcut>
	<shortcut>
		<label>13005</label>
		<label2>XBMC Command</label2>
		<defaultID>13005</defaultID>
		<icon>material/power.png</icon>
		<thumb />
		<action>ShutDown</action>
	</shortcut>
	<shortcut>
		<label>$ADDON[script.skinshortcuts 32022]</label>
		<label2>Common Shortcut</label2>
		<defaultID>livetv</defaultID>
		<icon>material/tv.png</icon>
		<thumb />
		<action>ActivateWindow(TVChannels)</action>
	</shortcut>
	<shortcut>
		<label>Radio</label>
		<label2>Radio</label2>
		<defaultID>19019</defaultID>
		<icon>DefaultAudio.png</icon>
		<thumb />
		<action>ActivateWindow(RadioChannels)</action>
	</shortcut>
</shortcuts>
