<?xml version="1.0" encoding="UTF-8"?>
<window>
	<!-- seekbar -->
	<defaultcontrol always="true">901</defaultcontrol>
	<visible>[Window.IsVisible(visualisation) | VideoPlayer.IsFullscreen] + [Player.Seeking | Player.DisplayAfterSeek | Player.Paused | Player.Forwarding | Player.Rewinding]</visible>
	<controls>
		<control type="group">
			<visible>!Window.IsActive(videoosd) + !Window.IsActive(musicosd) + !Window.IsActive(subtitlesearch) + !Window.IsVisible(script-nextup-notification-NextUpInfo.xml)</visible>
			<control type="group">
				<visible>Player.Paused + !Player.Forwarding + !Player.Rewinding</visible>
				<animation condition="System.IdleTime(4) + !Player.Caching" reversible="true" type="Conditional">
					<effect end="0" start="100" time="200" type="fade" />
				</animation>
				<control type="image">
					<width>1980</width>
					<height>210</height>
					<texture border="1">osd/mask_top.png</texture>
				</control>
				<control type="grouplist">
					<left>20</left>
					<top>64</top>
					<width>1880</width>
					<height>50</height>
					<align>center</align>
					<itemgap>0</itemgap>
					<orientation>horizontal</orientation>
					<!--  Movie title -->
					<control type="label">
						<width>auto</width>
						<height>50</height>
						<font>Med40</font>
						<textcolor>ffeaeaea</textcolor>
						<shadowcolor>ff000000</shadowcolor>
						<label>$INFO[VideoPlayer.Title]</label>
						<visible>IsEmpty(VideoPlayer.TVShowTitle)</visible>
					</control>
					<!--  TV Show title -->
					<control type="label">
						<width>auto</width>
						<height>50</height>
						<font>Med40</font>
						<textcolor>ffeaeaea</textcolor>
						<shadowcolor>ff000000</shadowcolor>
						<label>$INFO[VideoPlayer.TVShowTitle]</label>
						<visible>!IsEmpty(VideoPlayer.TVShowTitle)</visible>
					</control>
					<!-- Season/Episode number -->
					<control type="label">
						<width>auto</width>
						<height>50</height>
						<font>Med40</font>
						<textcolor>ffeaeaea</textcolor>
						<shadowcolor>ff000000</shadowcolor>
						<label>$VAR[PlayerEpisodeValue]</label>
					</control>
				</control>
				<!--  Episode title -->
				<control type="label">
					<left>20</left>
					<top>127</top>
					<width>1880</width>
					<height>40</height>
					<align>center</align>
					<font>Light26</font>
					<textcolor>fffe8e8e8</textcolor>
					<shadowcolor>ff000000</shadowcolor>
					<label>$INFO[VideoPlayer.Title]</label>
					<visible>!IsEmpty(VideoPlayer.TVShowTitle)</visible>
				</control>
				<!-- Pause -->
				<control type="image">
					<centerleft>50%</centerleft>
					<centertop>50%</centertop>
					<width>321</width>
					<height>341</height>
					<texture>osd/Pause.png</texture>
					<visible>Player.Paused</visible>
					<animation condition="System.IdleTime(2) + !Player.Caching" reversible="true" type="Conditional">
						<effect end="0" start="100" time="200" type="fade" />
					</animation>
				</control>
				<control type="image">
					<bottom>0</bottom>
					<width>1980</width>
					<height>120</height>
					<texture>osd/mask.png</texture>
				</control>
				<!--  Cache bar -->
				<control type="progress">
					<left>92</left>
					<bottom>93</bottom>
					<width>1735</width>
					<height>11</height>
					<reveal>true</reveal>
					<info>Player.ProgressCache</info>
					<texturebg border="4">osd/progress_back.png</texturebg>
					<lefttexture>-</lefttexture>
					<midtexture border="4">osd/progress_cache.png</midtexture>
					<righttexture>-</righttexture>
					<overlaytexture>-</overlaytexture>
				</control>
				<!--  Progress bar -->
				<control type="progress">
					<left>92</left>
					<bottom>93</bottom>
					<width>1735</width>
					<height>11</height>
					<reveal>true</reveal>
					<info>Player.Progress</info>
					<texturebg border="4" colordiffuse="00ffffff">osd/progress_back.png</texturebg>
					<lefttexture>-</lefttexture>
					<midtexture border="4">osd/progress_bar.png</midtexture>
					<righttexture>-</righttexture>
					<overlaytexture>-</overlaytexture>
				</control>
				<control type="grouplist">
					<left>92</left>
					<bottom>38</bottom>
					<width>800</width>
					<height>40</height>
					<itemgap>4</itemgap>
					<orientation>horizontal</orientation>
					<usecontrolcoords>true</usecontrolcoords>
					<!--  Current position -->
					<control type="label">
						<width>auto</width>
						<height>34</height>
						<font>Light27</font>
						<textcolor>fff3f3f3</textcolor>
						<label>$VAR[PlayerTime]</label>
					</control>
					<!--  Divider -->
					<control type="label">
						<width>auto</width>
						<height>34</height>
						<font>Light27</font>
						<textcolor>ff696969</textcolor>
						<label>/</label>
					</control>
					<!--  Total length -->
					<control type="label">
						<width>auto</width>
						<height>34</height>
						<font>Light27</font>
						<textcolor>ff696969</textcolor>
						<label>$VAR[PlayerDuration]</label>
					</control>
					<!--  HD label -->
					<control type="label">
						<left>24</left>
						<top>-2</top>
						<width>auto</width>
						<height>34</height>
						<font>Bold28</font>
						<textcolor>ffebebeb</textcolor>
						<label>[B]HD[/B]</label>
						<visible>IntegerGreaterThan(VideoPlayer.VideoResolution,719)</visible>
					</control>
					<!--  Resolution label -->
					<control type="label">
						<left>2</left>
						<top>-2</top>
						<width>auto</width>
						<height>34</height>
						<font>Bold29</font>
						<textcolor>ffebebeb</textcolor>
						<label>$VAR[PlayerResolution]</label>
					</control>
				</control>
				<!--  Current time -->
				<control type="label">
					<right>92</right>
					<bottom>45</bottom>
					<width>800</width>
					<height>30</height>
					<font>Reg27</font>
					<align>right</align>
					<textcolor>fff3f3f3</textcolor>
					<label>$INFO[System.Time]</label>
				</control>
			</control>
			<control type="group">
				<visible>!Player.Paused + [Player.Seeking | Player.DisplayAfterSeek]</visible>
				<control type="image">
					<width>1980</width>
					<height>210</height>
					<texture border="1">osd/mask_top.png</texture>
				</control>
				<control type="image">
					<bottom>0</bottom>
					<width>1980</width>
					<height>120</height>
					<texture>osd/mask.png</texture>
				</control>
				<!--  Cache bar -->
				<control type="progress">
					<left>92</left>
					<bottom>93</bottom>
					<width>1735</width>
					<height>11</height>
					<reveal>true</reveal>
					<info>Player.ProgressCache</info>
					<texturebg border="4">osd/progress_back.png</texturebg>
					<lefttexture>-</lefttexture>
					<midtexture border="4">osd/progress_cache.png</midtexture>
					<righttexture>-</righttexture>
					<overlaytexture>-</overlaytexture>
				</control>
				<!--  Progress bar -->
				<control id="2" type="progress">
					<left>92</left>
					<bottom>93</bottom>
					<width>1735</width>
					<height>11</height>
					<reveal>true</reveal>
					<info>Player.Progress</info>
					<texturebg border="4" colordiffuse="00ffffff">osd/progress_back.png</texturebg>
					<lefttexture>-</lefttexture>
					<midtexture border="4">osd/progress_bar.png</midtexture>
					<righttexture>-</righttexture>
					<overlaytexture>-</overlaytexture>
				</control>
				<control type="grouplist">
					<left>92</left>
					<bottom>38</bottom>
					<width>800</width>
					<height>40</height>
					<itemgap>4</itemgap>
					<orientation>horizontal</orientation>
					<usecontrolcoords>true</usecontrolcoords>
					<!--  Current position -->
					<control type="label">
						<width>auto</width>
						<height>34</height>
						<font>Light27</font>
						<textcolor>fff3f3f3</textcolor>
						<label>$VAR[PlayerTime]</label>
					</control>
					<!--  Divider -->
					<control type="label">
						<width>auto</width>
						<height>34</height>
						<font>Light27</font>
						<textcolor>ff696969</textcolor>
						<label>/</label>
					</control>
					<!--  Total length -->
					<control type="label">
						<width>auto</width>
						<height>34</height>
						<font>Light27</font>
						<textcolor>ff696969</textcolor>
						<label>$VAR[PlayerDuration]</label>
					</control>
					<!--  HD label -->
					<control type="label">
						<left>24</left>
						<top>-2</top>
						<width>auto</width>
						<height>34</height>
						<font>Bold28</font>
						<textcolor>ffebebeb</textcolor>
						<label>[B]HD[/B]</label>
						<visible>IntegerGreaterThan(VideoPlayer.VideoResolution,719)</visible>
					</control>
					<!--  Resolution label -->
					<control type="label">
						<left>2</left>
						<top>-2</top>
						<width>auto</width>
						<height>34</height>
						<font>Bold29</font>
						<textcolor>ffebebeb</textcolor>
						<label>$VAR[PlayerResolution]</label>
					</control>
				</control>
				<!--  Current time -->
				<control id="99" type="label">
					<right>92</right>
					<bottom>45</bottom>
					<width>800</width>
					<height>30</height>
					<font>Reg27</font>
					<align>right</align>
					<textcolor>fff3f3f3</textcolor>
					<label>$INFO[System.Time]</label>
				</control>
			</control>
			<control type="group">
				<include>VisibleFadeAnimation</include>
				<visible>!Player.Paused + !Player.Forwarding + !Player.Rewinding + [Player.Seeking | Player.DisplayAfterSeek]</visible>
				<control type="image">
					<left>97</left>
					<bottom>123</bottom>
					<width>80</width>
					<height>80</height>
					<texture>osd/step_forward.png</texture>
					<visible>[!IsEmpty(Player.SeekOffset) + !SubString(Player.SeekOffset,-)] | [!IsEmpty(Player.SeekStepSize) + !SubString(Player.SeekStepSize,-)]</visible>
				</control>
				<control type="image">
					<left>97</left>
					<bottom>123</bottom>
					<width>80</width>
					<height>80</height>
					<texture>osd/step_back.png</texture>
					<visible>[!IsEmpty(Player.SeekOffset) + SubString(Player.SeekOffset,-)] | [!IsEmpty(Player.SeekStepSize) + SubString(Player.SeekStepSize,-)]</visible>
				</control>
				<control type="label">
					<centerleft>136</centerleft>
					<bottom>141</bottom>
					<width>50</width>
					<height>40</height>
					<align>center</align>
					<font>Reg20</font>
					<textcolor>ffe5e4e5</textcolor>
					<label>$VAR[SeekOffset]</label>
				</control>
				<control type="slider" id="401">
					<left>92</left>
					<bottom>105</bottom>
					<width>1735</width>
					<height>11</height>
					<texturesliderbar border="4" colordiffuse="00ffffff">osd/progress_back.png</texturesliderbar>
					<textureslidernib>osd/osd_seek_bar.png</textureslidernib>
					<textureslidernibfocus>osd/osd_seek_bar.png</textureslidernibfocus>
					<info>Player.SeekTime</info>
					<visible>!Player.Paused + !Player.Forwarding + !Player.Rewinding + Player.Seeking</visible>
				</control>
			</control>
		</control>
	</controls>
</window>