<?xml version="1.0" encoding="UTF-8"?>

<window>

	<defaultcontrol always="true">20</defaultcontrol>
	
	<controls>
	
		<!--all content-->
		<control type="group">
			<left>-170</left>
			<visible>!Window.IsVisible(PeripheralSettings)</visible>
			<animation effect="slide" start="1650,0" end="0,0" time="400" tween="quadratic" easing="out">WindowOpen</animation>
			<animation effect="slide" start="0,0" end="1650,0" time="400" tween="quadratic" easing="out">WindowClose</animation>
			
			<animation effect="slide" start="-1650,0" end="0,0" time="400" tween="quadratic" easing="out">Visible</animation>
			<animation effect="slide" start="0,0" end="-1650,0" time="400" tween="quadratic" easing="out">Hidden</animation>
			
			<animation effect="slide" start="0,0" end="-125,0" time="300" condition="Window.IsActive(ShutdownMenu)">Conditional</animation>
		
			<!--background-->
			<control type="image">
				<left>715</left>
				<top>0</top>
				<width>830</width>
				<height>1080</height>
				<texture colordiffuse="tertiary">backgrounds/white.png</texture>
			</control>
			
			<!-- left shadow-->
			<control type="image">
				<left>685</left>
				<top>0</top>
				<width>30</width>
				<height>1080</height>
				<texture flipx="true">sidebarshadow.png</texture>
			</control>
			
			<!--right shadow-->
			<control type="image">
				<left>1545</left>
				<top>0</top>
				<width>30</width>
				<height>1080</height>
				<texture>sidebarshadow.png</texture>
			</control>
				
			<!--title background-->
			<control type="image">
				<left>715</left>
				<top>0</top>
				<width>830</width>
				<height>90</height>
				<texture background="true" colordiffuse="$VAR[Colour.500]">backgrounds/white.png</texture>
			</control>
		
			<!--title shadow-->
			<control type="image">
				<left>715</left>
				<top>90</top>
				<width>830</width>
				<height>10</height>
				<texture>homeshadow.png</texture>
				<animation effect="fade" start="100" end="75" time="0" condition="true">Conditional</animation>
			</control>
			
			<!--buttons bg-->
			<control type="image">
				<left>715</left>
				<top>1010</top>
				<width>830</width>
				<height>70</height>
				<texture colordiffuse="primary">backgrounds/white.png</texture>
			</control>

			<!--buttons shadow-->
			<control type="image">
				<left>715</left>
				<top>1010</top>
				<width>830</width>
				<height>10</height>
				<texture>homeshadow.png</texture>
				<animation effect="fade" start="100" end="75" time="0" condition="true">Conditional</animation>
			</control>
			
			<!--close window button-->
			<control type="button">
				<left>720</left>
				<top>0</top>
				<width>50</width>
				<height>25</height>
				<label>-</label>
				<font>-</font>
				<onclick>PreviousMenu</onclick>
				<texturefocus>DialogCloseButton-focus.png</texturefocus>
				<texturenofocus>DialogCloseButton.png</texturenofocus>
				<onleft>9000</onleft>
				<onright>9000</onright>
				<onup>9000</onup>
				<ondown>9000</ondown>
				<visible>system.getbool(input.enablemouse)</visible>
			</control>
			
			<!--main content-->
			<control type="group">
				<left>170</left>
				<top>0</top>
				
				<!--title-->
				<control type="label" id="1">
					<left>560</left>
					<top>0</top>
					<width>800</width>
					<height>90</height>
					<font>info.title</font>
					<align>center</align>
					<aligny>center</aligny>
					<textcolor>white</textcolor>
					<label>$LOCALIZE[35000]</label>
				</control>
				
				<control type="list" id="20">
					<left>560</left>
					<top>115</top>
					<width>800</width>
					<height>875</height>
					<onup>10</onup>
					<ondown>10</ondown>
					<onleft>61</onleft>
					<onright>61</onright>
					<pagecontrol>61</pagecontrol>
					<scrolltime>200</scrolltime>
					<animation effect="slide" start="0,0" end="5,0" time="0" condition="!Control.IsVisible(61)">Conditional</animation>
					
					<itemlayout height="125" width="795">

						<control type="label">
							<description>Name</description>
							<left>15</left>
							<top>8</top>
							<width>760</width>
							<height>30</height>
							<label>$INFO[ListItem.Label]</label>
							<align>left</align>
							<aligny>center</aligny>
							<textcolor>text.primary</textcolor>
						</control>
						
						<control type="label">
							<description>Product ID Vendor ID</description>
							<left>15</left>
							<top>45</top>
							<width>760</width>
							<height>30</height>
							<label>$LOCALIZE[35504]:  [COLOR=text.primary]$INFO[ListItem.Property(Product)][/COLOR]    $LOCALIZE[35503]:  [COLOR=text.primary]$INFO[ListItem.Property(Vendor)][/COLOR]</label>
							<align>left</align>
							<aligny>center</aligny>
							<textcolor>$VAR[Colour.500]</textcolor>
						</control>
						
						<control type="label">
							<description>class</description>
							<left>15</left>
							<top>75</top>
							<width>760</width>
							<height>30</height>
							<label>$LOCALIZE[35501]:  [COLOR=text.primary]$INFO[ListItem.Property(Class)][/COLOR]     $LOCALIZE[19114]:  [COLOR=text.primary]$INFO[ListItem.Property(Version)][/COLOR]</label>
							<align>left</align>
							<aligny>center</aligny>
							<textcolor>$VAR[Colour.500]</textcolor>
						</control>
						
					</itemlayout>
					
					<focusedlayout height="125" width="795">
					
						<control type="image">
							<left>0</left>
							<top>0</top>
							<width>795</width>
							<height>120</height>
							<texture colordiffuse="$VAR[Colour.500]">backgrounds/white.png</texture>
							<animation effect="fade" start="100" end="75" time="200" condition="!Control.HasFocus(20)">Conditional</animation>
						</control>
						
						<control type="label">
							<description>Name</description>
							<left>15</left>
							<top>8</top>
							<width>760</width>
							<height>30</height>
							<label>$INFO[ListItem.Label]</label>
							<align>left</align>
							<aligny>center</aligny>
							<textcolor>white</textcolor>
						</control>
						
						<control type="label">
							<description>Product ID Vendor ID</description>
							<left>15</left>
							<top>45</top>
							<width>760</width>
							<height>30</height>
							<label>$LOCALIZE[35504]:  [COLOR=white]$INFO[ListItem.Property(Product)][/COLOR]    $LOCALIZE[35503]:  [COLOR=white]$INFO[ListItem.Property(Vendor)][/COLOR]</label>
							<align>left</align>
							<aligny>center</aligny>
							<textcolor>text.primary</textcolor>
						</control>
						
						<control type="label">
							<description>class</description>
							<left>15</left>
							<top>75</top>
							<width>760</width>
							<height>30</height>
							<label>$LOCALIZE[35501]:  [COLOR=white]$INFO[ListItem.Property(Class)][/COLOR]     $LOCALIZE[19114]:  [COLOR=white]$INFO[ListItem.Property(Version)][/COLOR]</label>
							<align>left</align>
							<aligny>center</aligny>
							<textcolor>text.primary</textcolor>
						</control>
						
					</focusedlayout>
					
				</control>
				
				<control type="scrollbar" id="61">
					<left>1360</left>
					<top>115</top>
					<height>870</height>
					<orientation>vertical</orientation>
					<showonepage>true</showonepage>
					<texturesliderbackground colordiffuse="scroll.secondary">backgrounds/white.png</texturesliderbackground>
					<texturesliderbar colordiffuse="secondary">backgrounds/white.png</texturesliderbar>
					<onleft>20</onleft>
					<onright>10</onright>
					<ondown>61</ondown>
					<onup>61</onup>
				</control>
				
				<control type="label">
					<description>number of files/pages in list text label</description>
					<left>910</left>
					<top>1015</top>
					<width>450</width>
					<height>52</height>
					<font>kai.secondary</font>
					<align>right</align>
					<aligny>center</aligny>
					<scroll>true</scroll>
					<textcolor>grey</textcolor>
					<label>([COLOR=$VAR[Colour.500]]$INFO[Container(20).NumItems][/COLOR]) $LOCALIZE[31025] - $LOCALIZE[31024] ([COLOR=$VAR[Colour.500]]$INFO[Container(20).CurrentPage]/$INFO[Container(20).NumPages][/COLOR])</label>
				</control>
				
				<!--bottom buttons-->
				<control type="group" id="9001">
					<left>820</left>
					<top>1015</top>

					<!--ok circle border-->
					<control type="image">
						<left>0</left>
						<top>0</top>
						<width>60</width>
						<height>60</height>
						<texture colordiffuse="text.primary">buttoncircleborder.png</texture>
						<visible>Control.HasFocus(10)</visible>
					</control>
					
					<!--ok circle animation-->
					<control type="image">
						<left>-1</left>
						<top>-1</top>
						<width>62</width>
						<height>62</height>
						<texture colordiffuse="$VAR[Colour.500]">buttoncircle.png</texture>
						<visible>Control.HasFocus(10)</visible>
						<animation effect="zoom" start="0" end="100" time="250" center="auto">Visible</animation>
					</control>
					
					<!--ok button-->
					<control type="button" id="10">
						<left>0</left>
						<top>0</top>
						<width>130</width>
						<height>60</height>
						<font>button</font>
						<align>left</align>
						<textoffsetx>60</textoffsetx>
						<textwidth>130</textwidth>
						<textcolor>text.primary</textcolor>
						<focusedcolor>text.primary</focusedcolor>
						<align>center</align>
						<texturefocus colordiffuse="white">yesbuttonf.png</texturefocus>
						<texturenofocus colordiffuse="text.primary">yesbutton.png</texturenofocus>	
						<label>186</label>
						<onup>20</onup>
						<ondown>20</ondown>
					</control>
					
				</control>
				
			</control>
			
		</control>
		
	</controls>
	
</window>