<?xml version="1.0" encoding="UTF-8"?>

<window>

	<defaultcontrol>10</defaultcontrol>
	
	<controls>
	
		<!--all content-->
		<control type="group">
			<left>-355</left>
			<visible>!Window.IsActive(FileBrowser)</visible>
			<animation effect="slide" start="1650,0" end="0,0" time="400" tween="quadratic" easing="out">WindowOpen</animation>
			<animation effect="slide" start="0,0" end="-1650,0" time="400" tween="quadratic" easing="out">WindowClose</animation>
			
			<animation effect="slide" start="1650,0" end="0,0" time="400" tween="quadratic" easing="out">Visible</animation>
			<animation effect="slide" start="0,0" end="-1650,0" time="400" tween="quadratic" easing="out">Hidden</animation>
		
			<!--background-->
			<control type="image">
				<left>715</left>
				<top>0</top>
				<width>1210</width>
				<height>1080</height>
				<texture colordiffuse="tertiary">backgrounds/white.png</texture>
			</control>
			
			<!--left shadow-->
			<control type="image">
				<left>685</left>
				<top>0</top>
				<width>30</width>
				<height>1080</height>
				<texture flipx="true">sidebarshadow.png</texture>
			</control>
			
			<!--right shadow-->
			<control type="image">
				<left>1925</left>
				<top>0</top>
				<width>30</width>
				<height>1080</height>
				<texture>sidebarshadow.png</texture>
			</control>
				
			<!--title background-->
			<control type="image">
				<left>715</left>
				<top>0</top>
				<width>1210</width>
				<height>185</height>
				<texture background="true" colordiffuse="$VAR[Colour.500]">backgrounds/white.png</texture>
			</control>
				
			<!--sub title background-->
			<control type="image">
				<left>715</left>
				<top>110</top>
				<width>1210</width>
				<height>75</height>
				<texture background="true" colordiffuse="$VAR[Colour.900]">backgrounds/white.png</texture>
			</control>
		
			<!--title shadow-->
			<control type="image">
				<left>715</left>
				<top>110</top>
				<width>1210</width>
				<height>20</height>
				<texture>homeshadow.png</texture>
				<animation effect="fade" start="100" end="75" time="0" condition="true">Conditional</animation>
			</control>
		
			<!--sub title shadow-->
			<control type="image">
				<left>715</left>
				<top>185</top>
				<width>1210</width>
				<height>10</height>
				<texture>homeshadow.png</texture>
				<animation effect="fade" start="100" end="75" time="0" condition="true">Conditional</animation>
			</control>
			
			<!--close window button-->
			<control type="button">
				<left>720</left>
				<top>0</top>
				<width>50</width>
				<height>25</height>
				<label>-</label>
				<font>-</font>
				<onclick>PreviousMenu</onclick>
				<texturefocus>DialogCloseButton-focus.png</texturefocus>
				<texturenofocus>DialogCloseButton.png</texturenofocus>
				<onleft>9000</onleft>
				<onright>9000</onright>
				<onup>9000</onup>
				<ondown>9000</ondown>
				<visible>system.getbool(input.enablemouse)</visible>
			</control>
			
			<!--main content-->
			<control type="group">
				<left>170</left>
				<top>0</top>
		
				<!--title-->
				<control type="label" id="2">
					<left>590</left>
					<top>25</top>
					<width>1545</width>
					<height>60</height>
					<font>info.title</font>
					<align>left</align>
					<aligny>center</aligny>
					<textcolor>white</textcolor>
					<label>$LOCALIZE[13406]</label>
				</control>
				
				<!--secondary title-->
				<control type="label">
					<left>590</left>
					<top>115</top>
					<width>1545</width>
					<height>60</height>
					<font>breadcrumb</font>
					<align>left</align>
					<aligny>center</aligny>
					<textcolor>white</textcolor>
					<label>1021</label>
				</control>
				
				<!--path list-->
				<control type="list" id="10">
					<left>590</left>
					<top>210</top>
					<width>788</width>
					<height>350</height>
					<pagecontrol>60</pagecontrol>
					<scrolltime>200</scrolltime>
					<onup>9001</onup>
					<onleft>9000</onleft>
					<onright>60</onright>
					<ondown>12</ondown>
					
					<itemlayout height="70">
						
						<!--label-->
						<control type="label">
							<left>15</left>
							<top>0</top>
							<width>735</width>
							<height>60</height>
							<font>label</font>
							<align>left</align>
							<aligny>center</aligny>
							<textcolor>text.primary</textcolor>
							<selectedcolor>$VAR[Colour.500]</selectedcolor>
							<info>ListItem.Label</info>
						</control>
						
					</itemlayout>
					
					<focusedlayout height="70">
				
						<!--background (no focus)-->
						<control type="image">
							<left>0</left>
							<top>0</top>
							<width>850</width>
							<height>60</height>
							<texture colordiffuse="$VAR[Colour.500]">backgrounds/white.png</texture>
							<animation effect="fade" start="100" end="50" time="200" condition="!Control.HasFocus(10)">Conditional</animation>
						</control>
						
						<!--label-->
						<control type="label">
							<left>15</left>
							<top>0</top>
							<width>735</width>
							<height>60</height>
							<font>label</font>
							<align>left</align>
							<aligny>center</aligny>
							<textcolor>white</textcolor>
							<selectedcolor>$VAR[Colour.Alt]</selectedcolor>
							<info>ListItem.Label</info>
						</control>
						
					</focusedlayout>
					
				</control>
				
				<!--scrollbar-->
				<control type="scrollbar" id="60">
					<left>1388</left>
					<top>210</top>
					<height>340</height>
					<orientation>vertical</orientation>
					<showonepage>false</showonepage>
					<texturesliderbackground colordiffuse="scroll.secondary">backgrounds/white.png</texturesliderbackground>
					<texturesliderbar colordiffuse="secondary">backgrounds/white.png</texturesliderbar>
					<onleft>10</onleft>
					<onright>9000</onright>
				</control>
				
				<!--top buttons-->
				<control type="group" id="9000">
					<left>1418</left>
					<top>210</top>
		
					<!--browse circle border-->
					<control type="image">
						<left>0</left>
						<top>0</top>
						<width>60</width>
						<height>60</height>
						<texture colordiffuse="text.primary">buttoncircleborder.png</texture>
						<visible>Control.HasFocus(11)</visible>
					</control>
					
					<!--browse circle animation-->
					<control type="image">
						<left>-1</left>
						<top>-1</top>
						<width>62</width>
						<height>62</height>
						<texture colordiffuse="$VAR[Colour.500]">buttoncircle.png</texture>
						<visible>Control.HasFocus(11)</visible>
						<animation effect="zoom" start="0" end="100" time="250" center="auto">Visible</animation>
					</control>
					
					<!--browse button-->
					<control type="button" id="11">
						<left>0</left>
						<top>0</top>
						<width>285</width>
						<height>60</height>
						<label>1024</label>
						<focusedcolor>text.primary</focusedcolor>
						<selectedcolor>text.primary</selectedcolor>
						<textoffsetx>60</textoffsetx>
						<textwidth>210</textwidth>
						<texturefocus colordiffuse="white">browsebuttonf.png</texturefocus>
						<texturenofocus colordiffuse="text.primary">browsebutton.png</texturenofocus>	
						<onup>18</onup>
						<onleft>60</onleft>
						<onright>10</onright>
						<ondown>13</ondown>
					</control>
		
					<!--add circle border-->
					<control type="image">
						<left>0</left>
						<top>70</top>
						<width>60</width>
						<height>60</height>
						<texture colordiffuse="text.primary">buttoncircleborder.png</texture>
						<visible>Control.HasFocus(13)</visible>
					</control>
					
					<!--add circle animation-->
					<control type="image">
						<left>-1</left>
						<top>69</top>
						<width>62</width>
						<height>62</height>
						<texture colordiffuse="$VAR[Colour.500]">buttoncircle.png</texture>
						<visible>Control.HasFocus(13)</visible>
						<animation effect="zoom" start="0" end="100" time="250" center="auto">Visible</animation>
					</control>
					
					<!--add button-->
					<control type="button" id="13">
						<left>0</left>
						<top>70</top>
						<width>285</width>
						<height>60</height>
						<label>15019</label>
						<focusedcolor>text.primary</focusedcolor>
						<selectedcolor>text.primary</selectedcolor>
						<textoffsetx>60</textoffsetx>
						<textwidth>210</textwidth>
						<texturefocus colordiffuse="white">addbuttonf.png</texturefocus>
						<texturenofocus colordiffuse="text.primary">addbutton.png</texturenofocus>	
						<onup>11</onup>
						<onleft>60</onleft>
						<onright>10</onright>
						<ondown>14</ondown>
					</control>
		
					<!--remove circle border-->
					<control type="image">
						<left>0</left>
						<top>140</top>
						<width>60</width>
						<height>60</height>
						<texture colordiffuse="text.primary">buttoncircleborder.png</texture>
						<visible>Control.HasFocus(14)</visible>
					</control>
					
					<!--remove circle animation-->
					<control type="image">
						<left>-1</left>
						<top>139</top>
						<width>62</width>
						<height>62</height>
						<texture colordiffuse="$VAR[Colour.500]">buttoncircle.png</texture>
						<visible>Control.HasFocus(14)</visible>
						<animation effect="zoom" start="0" end="100" time="250" center="auto">Visible</animation>
					</control>
					
					<!--remove button-->
					<control type="button" id="14">
						<left>0</left>
						<top>140</top>
						<width>285</width>
						<height>60</height>
						<label>1210</label>
						<focusedcolor>text.primary</focusedcolor>
						<selectedcolor>text.primary</selectedcolor>
						<textoffsetx>60</textoffsetx>
						<textwidth>210</textwidth>
						<texturefocus colordiffuse="white">removebuttonf.png</texturefocus>
						<texturenofocus colordiffuse="text.primary">removebutton.png</texturenofocus>	
						<onup>13</onup>
						<onleft>60</onleft>
						<onright>10</onright>
						<ondown>12</ondown>
					</control>
					
				</control>
				
				<!--title background-->
				<control type="image">
					<left>545</left>
					<top>580</top>
					<width>1210</width>
					<height>75</height>
					<texture background="true" colordiffuse="$VAR[Colour.900]">backgrounds/white.png</texture>
				</control>
		
				<!--title shadow-->
				<control type="image">
					<left>545</left>
					<top>580</top>
					<width>1210</width>
					<height>20</height>
					<texture>homeshadow.png</texture>
					<animation effect="fade" start="100" end="75" time="0" condition="true">Conditional</animation>
				</control>
			
				<!--sub title shadow-->
				<control type="image">
					<left>545</left>
					<top>655</top>
					<width>1210</width>
					<height>10</height>
					<texture>homeshadow.png</texture>
					<animation effect="fade" start="100" end="75" time="0" condition="true">Conditional</animation>
				</control>
				
				<!--name title-->
				<control type="label">
					<left>590</left>
					<top>585</top>
					<width>1545</width>
					<height>60</height>
					<font>breadcrumb</font>
					<align>left</align>
					<aligny>center</aligny>
					<textcolor>white</textcolor>
					<label>1022</label>
				</control>
				
				<!--name button-->
				<control type="edit" id="12">
					<left>590</left>
					<top>685</top>
					<width>1110</width>
					<height>60</height>
					<align>left</align>
					<aligny>center</aligny>
					<label>-</label>
					<font>label</font>
					<textcolor>text.primary</textcolor>
					<focusedcolor>white</focusedcolor>
					<texturefocus colordiffuse="$VAR[Colour.500]">backgrounds/white.png</texturefocus>
					<texturenofocus colordiffuse="button.border">button-border-1110.png</texturenofocus>
					<onup>10</onup>
					<onleft>12</onleft>
					<onright>19</onright>
					<ondown>9001</ondown>
				</control>
		
				<!--buttons bg-->
				<control type="image">
					<left>545</left>
					<top>1010</top>
					<width>1210</width>
					<height>70</height>
					<texture colordiffuse="primary">backgrounds/white.png</texture>
				</control>
		
				<!--buttons shadow-->
				<control type="image">
					<left>545</left>
					<top>1010</top>
					<width>1210</width>
					<height>10</height>
					<texture>homeshadow.png</texture>
					<animation effect="fade" start="100" end="75" time="0" condition="true">Conditional</animation>
				</control>
				
				<!--bottom buttons-->
				<control type="group" id="9001">
					<left>1420</left>
					<top>1015</top>
		
					<!--ok circle border-->
					<control type="image">
						<left>0</left>
						<top>0</top>
						<width>60</width>
						<height>60</height>
						<texture colordiffuse="text.primary">buttoncircleborder.png</texture>
						<visible>Control.HasFocus(18)</visible>
					</control>
					
					<!--ok circle animation-->
					<control type="image">
						<left>-1</left>
						<top>-1</top>
						<width>62</width>
						<height>62</height>
						<texture colordiffuse="$VAR[Colour.500]">buttoncircle.png</texture>
						<visible>Control.HasFocus(18)</visible>
						<animation effect="zoom" start="0" end="100" time="250" center="auto">Visible</animation>
					</control>
					
					<!--ok button-->
					<control type="button" id="18">
						<left>0</left>
						<top>0</top>
						<width>130</width>
						<height>60</height>
						<font>button</font>
						<align>left</align>
						<textoffsetx>60</textoffsetx>
						<textwidth>130</textwidth>
						<textcolor>text.primary</textcolor>
						<focusedcolor>text.primary</focusedcolor>
						<align>center</align>
						<texturefocus colordiffuse="white">yesbuttonf.png</texturefocus>
						<texturenofocus colordiffuse="text.primary">yesbutton.png</texturenofocus>	
						<label>186</label>
						<onup>12</onup>
						<onleft>19</onleft>
						<onright>19</onright>
						<ondown>10</ondown>
					</control>
		
					<!--cancel circle border-->
					<control type="image">
						<left>130</left>
						<top>0</top>
						<width>60</width>
						<height>60</height>
						<texture colordiffuse="text.primary">buttoncircleborder.png</texture>
						<visible>Control.HasFocus(19)</visible>
					</control>
					
					<!--cancel circle animation-->
					<control type="image">
						<left>129</left>
						<top>-1</top>
						<width>62</width>
						<height>62</height>
						<texture colordiffuse="$VAR[Colour.500]">buttoncircle.png</texture>
						<visible>Control.HasFocus(19)</visible>
						<animation effect="zoom" start="0" end="100" time="250" center="auto">Visible</animation>
					</control>
					
					<!--cancel button-->
					<control type="button" id="19">
						<left>130</left>
						<top>0</top>
						<width>130</width>
						<height>60</height>
						<font>button</font>
						<align>left</align>
						<textoffsetx>60</textoffsetx>
						<textwidth>130</textwidth>
						<textcolor>text.primary</textcolor>
						<focusedcolor>text.primary</focusedcolor>
						<align>center</align>
						<texturefocus colordiffuse="white">nobuttonf.png</texturefocus>
						<texturenofocus colordiffuse="text.primary">nobutton.png</texturenofocus>	
						<label>222</label>
						<onup>12</onup>
						<onleft>18</onleft>
						<onright>18</onright>
						<ondown>10</ondown>
					</control>
					
				</control>
				
			</control>
			
		</control>
		
	</controls>
	
</window>