<?xml version="1.0" encoding="UTF-8"?>

<window>

	<defaultcontrol>1000</defaultcontrol>
	<include>dialogeffect</include>
	
	<coordinates>
		<system>1</system>
		<left>0</left>
		<top>0</top>
	</coordinates>
	
	<controls>
	
		<!--all content-->		
		<control type="group">
			<include>SideBladeRight</include>
			<visible>!Window.IsActive(shutdownmenu)</visible>
		
			<!--close window button-->
			<control type="button">
				<left>1925</left>
				<top>0</top>
				<width>50</width>
				<height>25</height>
				<label>-</label>
				<font>-</font>
				<onclick>PreviousMenu</onclick>
				<texturefocus>DialogCloseButton-focus.png</texturefocus>
				<texturenofocus>DialogCloseButton.png</texturenofocus>
				<onleft>2</onleft>
				<onright>2</onright>
				<onup>2</onup>
				<ondown>2</ondown>
				<visible>system.getbool(input.enablemouse)</visible>
			</control>
		
			<!--title-->
			<control type="label">
				<left>1920</left>
				<top>15</top>
				<width>360</width>
				<height>60</height>
				<font>menu.title</font>
				<textcolor>white</textcolor>
				<align>right</align>
				<aligny>center</aligny>
				<label>31065</label>
			</control>
			
			<!--buttons grouplist-->
			<control type="grouplist" id="996">
				<left>1930</left>
				<top>105</top>
				<width>450</width>
				<height max="1005">auto</height>
				<itemgap>3</itemgap>
			</control>
			
			<!--button appearance-->
			<control type="button" id="1000">
				<include>ButtonCommonValues</include>
				<align>right</align>
			</control>
			
		</control>
		
	</controls>
	
</window>