<?xml version="1.0" encoding="UTF-8"?>

<includes>

	<include file="defaults.xml" />
	<include file="script-skinshortcuts-includes.xml" />
	<include file="ViewsVideoLibrary.xml" />
	<include file="ViewsMusicLibrary.xml" />
	<include file="ViewsFileMode.xml" />
	<include file="ViewsPictures.xml" />
	<include file="ViewsAddonBrowser.xml" />
	<include file="ViewsLiveTV.xml" />
	<include file="ViewsPVRGuide.xml" />
	<include file="ViewsWeather.xml" />
	<include file="IncludesCodecFlagging.xml" />
	<include file="IncludesHomeRecentlyAdded.xml" />
	<include file="IncludesHomeMenuItems.xml" />
	<include file="IncludesBackgroundBuilding.xml" />
	<include file="IncludesPVR.xml" />
	
	<constant name="FanartCrossfadeTime">500</constant>
	<constant name="IconCrossfadeTime">400</constant>
	
	<variable name="WeatherView">
		<value condition="IsEmpty(Window.Property(Weather.CurrentView))">$LOCALIZE[31904]</value>
		<value condition="StringCompare(Window.Property(Weather.CurrentView),36hour)">$LOCALIZE[31901]</value>
		<value condition="StringCompare(Window.Property(Weather.CurrentView),weekend)">$LOCALIZE[31903]</value>
		<value condition="StringCompare(Window.Property(Weather.CurrentView),hourly)">$LOCALIZE[31902]</value>
		<value condition="StringCompare(Window.Property(Weather.CurrentView),map)">$LOCALIZE[31910]</value>
		<value condition="StringCompare(Window.Property(Weather.CurrentView),alerts)">$LOCALIZE[33050]</value>
	</variable>
	
	<variable name="BannerThumb">
		<value condition="!IsEmpty(ListItem.Art(banner))">$INFO[ListItem.Art(banner)]</value>
		<value condition="IsEmpty(ListItem.Art(banner))">$INFO[ListItem.Icon]</value>
	</variable>
	
	<variable name="PosterThumb">
		<value condition="!IsEmpty(ListItem.Art(poster))">$INFO[ListItem.Art(poster)]</value>
		<value condition="IsEmpty(ListItem.Art(poster))">$INFO[ListItem.Icon]</value>
	</variable>
	
	<variable name="PlayList">
		<value condition="Window.IsActive(videolibrary) + !StringCompare(Playlist.Length(video),0)">ActivateWindow(videoplaylist)</value>
		<value condition="[Window.IsActive(musiclibrary) | Window.IsActive(musicfiles)] + !StringCompare(Playlist.Length(music),0)">ActivateWindow(musicplaylist)</value>
	</variable>
	
	<variable name="SelectBack">
		<value condition="![Window.IsVisible(FullscreenVideo) | Window.IsVisible(Visualisation)]">DialogBack.png</value>
		<value condition="Window.IsVisible(FullscreenVideo) | Window.IsVisible(Visualisation)">DialogBack2.png</value>
	</variable>
	
	<variable name="Forwarding">
		<value condition="Player.Forwarding2x">$LOCALIZE[31044] 2x</value>
		<value condition="Player.Forwarding4x">$LOCALIZE[31044] 4x</value>
		<value condition="Player.Forwarding8x">$LOCALIZE[31044] 8x</value>
		<value condition="Player.Forwarding16x">$LOCALIZE[31044] 16x</value>
		<value condition="Player.Forwarding32x">$LOCALIZE[31044] 32x</value>
	</variable>
	
	<variable name="Rewinding">
		<value condition="Player.Rewinding2x">$LOCALIZE[31045] 2x</value>
		<value condition="Player.Rewinding4x">$LOCALIZE[31045] 4x</value>
		<value condition="Player.Rewinding8x">$LOCALIZE[31045] 8x</value>
		<value condition="Player.Rewinding16x">$LOCALIZE[31045] 16x</value>
		<value condition="Player.Rewinding32x">$LOCALIZE[31045] 32x</value>
	</variable>
	
	<variable name="Colour.500">
		<value condition="StringCompare(Skin.String(Colour.Theme),Red)">FFe51c23</value>
		<value condition="StringCompare(Skin.String(Colour.Theme),Pink)">FFe91e63</value>
		<value condition="StringCompare(Skin.String(Colour.Theme),Purple)">FF9c27b0</value>
		<value condition="StringCompare(Skin.String(Colour.Theme),Deep Purple)">FF673ab7</value>
		<value condition="StringCompare(Skin.String(Colour.Theme),Indigo)">FF3f51b5</value>
		<value condition="StringCompare(Skin.String(Colour.Theme),Blue)">FF5677fc</value>
		<value condition="StringCompare(Skin.String(Colour.Theme),Light Blue)">FF03a9f4</value>
		<value condition="StringCompare(Skin.String(Colour.Theme),Cyan)">FF00bcd4</value>
		<value condition="StringCompare(Skin.String(Colour.Theme),Teal)">FF009688</value>
		<value condition="StringCompare(Skin.String(Colour.Theme),Green)">FF259b24</value>
		<value condition="StringCompare(Skin.String(Colour.Theme),Light Green)">FF8bc34a</value>
		<value condition="StringCompare(Skin.String(Colour.Theme),Lime)">FFcddc39</value>
		<value condition="StringCompare(Skin.String(Colour.Theme),Yellow)">FFf6e233</value>
		<value condition="StringCompare(Skin.String(Colour.Theme),Amber)">FFf6b904</value>
		<value condition="StringCompare(Skin.String(Colour.Theme),Orange)">FFff9800</value>
		<value condition="StringCompare(Skin.String(Colour.Theme),Deep Orange)">FFff5722</value>
		<value condition="StringCompare(Skin.String(Colour.Theme),Brown)">FF795548</value>
		<value condition="StringCompare(Skin.String(Colour.Theme),Blue Grey)">FF587482</value>
		<value condition="StringCompare(Skin.String(Colour.Theme),Grey)">FF908e8e</value>
		<value>FFff9900</value>
	</variable>
	
	<variable name="Colour.900">
		<value condition="StringCompare(Skin.String(Colour.Theme),Red)">FF850a04</value>
		<value condition="StringCompare(Skin.String(Colour.Theme),Pink)">FF880e4f</value>
		<value condition="StringCompare(Skin.String(Colour.Theme),Purple)">FF5b1287</value>
		<value condition="StringCompare(Skin.String(Colour.Theme),Deep Purple)">FF341e96</value>
		<value condition="StringCompare(Skin.String(Colour.Theme),Indigo)">FF1c2688</value>
		<value condition="StringCompare(Skin.String(Colour.Theme),Blue)">FF313ebc</value>
		<value condition="StringCompare(Skin.String(Colour.Theme),Light Blue)">FF1275c4</value>
		<value condition="StringCompare(Skin.String(Colour.Theme),Cyan)">FF057a7f</value>
		<value condition="StringCompare(Skin.String(Colour.Theme),Teal)">FF056857</value>
		<value condition="StringCompare(Skin.String(Colour.Theme),Green)">FF156808</value>
		<value condition="StringCompare(Skin.String(Colour.Theme),Light Green)">FF4f9833</value>
		<value condition="StringCompare(Skin.String(Colour.Theme),Lime)">FFa89b26</value>
		<value condition="StringCompare(Skin.String(Colour.Theme),Yellow)">FFefb415</value>
		<value condition="StringCompare(Skin.String(Colour.Theme),Amber)">FFff8a00</value>
		<value condition="StringCompare(Skin.String(Colour.Theme),Orange)">FFe06603</value>
		<value condition="StringCompare(Skin.String(Colour.Theme),Deep Orange)">FFb9330a</value>
		<value condition="StringCompare(Skin.String(Colour.Theme),Brown)">FF55322c</value>
		<value condition="StringCompare(Skin.String(Colour.Theme),Blue Grey)">FF3a4b5c</value>
		<value condition="StringCompare(Skin.String(Colour.Theme),Grey)">FF5d5c5c</value>
		<value>FF850a04</value>
	</variable>
	
	<variable name="Colour.400">
		<value condition="StringCompare(Skin.String(Colour.Theme),Red)">FFe84e40</value>
		<value condition="StringCompare(Skin.String(Colour.Theme),Pink)">FFec407a</value>
		<value condition="StringCompare(Skin.String(Colour.Theme),Purple)">FFab47bc</value>
		<value condition="StringCompare(Skin.String(Colour.Theme),Deep Purple)">FF7e57c2</value>
		<value condition="StringCompare(Skin.String(Colour.Theme),Indigo)">FF5c6bc0</value>
		<value condition="StringCompare(Skin.String(Colour.Theme),Blue)">FF738ffe</value>
		<value condition="StringCompare(Skin.String(Colour.Theme),Light Blue)">FF3ebcf5</value>
		<value condition="StringCompare(Skin.String(Colour.Theme),Cyan)">FF3fd8eb</value>
		<value condition="StringCompare(Skin.String(Colour.Theme),Teal)">FF2ebeb0</value>
		<value condition="StringCompare(Skin.String(Colour.Theme),Green)">FF39c439</value>
		<value condition="StringCompare(Skin.String(Colour.Theme),Light Green)">FFa0d068</value>
		<value condition="StringCompare(Skin.String(Colour.Theme),Lime)">FFddea60</value>
		<value condition="StringCompare(Skin.String(Colour.Theme),Yellow)">FFffee58</value>
		<value condition="StringCompare(Skin.String(Colour.Theme),Amber)">FFfbcb37</value>
		<value condition="StringCompare(Skin.String(Colour.Theme),Orange)">FFfaac3a</value>
		<value condition="StringCompare(Skin.String(Colour.Theme),Deep Orange)">FFfb6536</value>
		<value condition="StringCompare(Skin.String(Colour.Theme),Brown)">FF8d6e63</value>
		<value condition="StringCompare(Skin.String(Colour.Theme),Blue Grey)">FF78909c</value>
		<value condition="StringCompare(Skin.String(Colour.Theme),Grey)">FFbdbdbd</value>
		<value>FFe84e40</value>
	</variable>
	
	<variable name="Colour.Alt">
		<value condition="StringCompare(Skin.String(Colour.Theme),Red)">FFffeb3b</value>
		<value condition="StringCompare(Skin.String(Colour.Theme),Pink)">FFffeb3b</value>
		<value condition="StringCompare(Skin.String(Colour.Theme),Purple)">FFffeb3b</value>
		<value condition="StringCompare(Skin.String(Colour.Theme),Deep Purple)">FFffeb3b</value>
		<value condition="StringCompare(Skin.String(Colour.Theme),Indigo)">FFffeb3b</value>
		<value condition="StringCompare(Skin.String(Colour.Theme),Blue)">FFffeb3b</value>
		<value condition="StringCompare(Skin.String(Colour.Theme),Light Blue)">FFffeb3b</value>
		<value condition="StringCompare(Skin.String(Colour.Theme),Cyan)">FFffeb3b</value>
		<value condition="StringCompare(Skin.String(Colour.Theme),Teal)">FFffeb3b</value>
		<value condition="StringCompare(Skin.String(Colour.Theme),Green)">FFffeb3b</value>
		<value condition="StringCompare(Skin.String(Colour.Theme),Light Green)">FFffeb3b</value>
		<value condition="StringCompare(Skin.String(Colour.Theme),Lime)">FFe51c23</value>
		<value condition="StringCompare(Skin.String(Colour.Theme),Yellow)">FFe51c23</value>
		<value condition="StringCompare(Skin.String(Colour.Theme),Amber)">FFe51c23</value>
		<value condition="StringCompare(Skin.String(Colour.Theme),Orange)">FFffeb3b</value>
		<value condition="StringCompare(Skin.String(Colour.Theme),Deep Orange)">FFffeb3b</value>
		<value condition="StringCompare(Skin.String(Colour.Theme),Brown)">FFffeb3b</value>
		<value condition="StringCompare(Skin.String(Colour.Theme),Blue Grey)">FFffeb3b</value>
		<value condition="StringCompare(Skin.String(Colour.Theme),Grey)">FFffeb3b</value>
		<value>FFffeb3b</value>
	</variable>
	
	<variable name="Addon.Description">
		<value condition="SubString(Container.FolderPath,plugin.program.advanced.launcher)">$INFO[ListItem.Plot]</value>
		<value>$INFO[ListItem.Property(Addon.Description)]</value>
	</variable>
	
	<variable name="Addon.Secondary.Label">
		<value condition="SubString(Container.FolderPath,plugin.program.advanced.launcher)">$INFO[ListItem.Year,, • ]$INFO[ListItem.Genre,, • ]$INFO[ListItem.Studio]</value>
		<value>$INFO[ListItem.Property(Addon.Version),$LOCALIZE[24051] ,]$INFO[ListItem.Property(Addon.Creator), • $LOCALIZE[21863]: ,]</value>
	</variable>
	
	<variable name="Addon.Secondary.Label.1">
		<value condition="SubString(Container.FolderPath,plugin.program.advanced.launcher)">$INFO[ListItem.Year]</value>
		<value>$INFO[ListItem.Property(Addon.Creator),,$LOCALIZE[21863]: ]</value>
	</variable>
	
	<variable name="Addon.Secondary.Label.2">
		<value condition="SubString(Container.FolderPath,plugin.program.advanced.launcher)">$INFO[ListItem.Genre]</value>
		<value>$INFO[ListItem.Property(Addon.Version),,$LOCALIZE[24051] ]</value>
	</variable>
	
	<variable name="Addon.Secondary.Label.3">
		<value condition="SubString(Container.FolderPath,plugin.program.advanced.launcher)">$INFO[ListItem.Studio]</value>
		<value></value>
	</variable>
	
	<include name="WindowID">
			<textcolor>pink</textcolor>
	</include>
	
	<include name="DialogID">
			<textcolor>orange</textcolor>
	</include>
	
	<include name="BehindDialogFadeOut">
	
		<control type="image">
			<left>0</left>
			<top>0</top>
			<width>1920</width>
			<height>1080</height>
			<aspectratio>scale</aspectratio>
			<texture background="true" colordiffuse="dialog.overlay">backgrounds/white.png</texture>
			<include>backgroundfade2</include>
			<visible>
			ControlGroup(9000).HasFocus | 
			Control.HasFocus(9001) | 
			Control.HasFocus(8999) |  
			Window.IsVisible(AddonInformation) | 
			Window.IsVisible(ShutdownMenu) | 
			Window.IsVisible(ContextMenu) | 
			Window.IsVisible(MovieInformation) | 
			Window.IsVisible(MusicInformation) | 
			Window.IsVisible(SongInformation) | 
			Window.IsVisible(FileBrowser) | 
			Window.IsVisible(TextViewer) | 
			Window.IsVisible(AddonSettings) | 
			Window.IsVisible(ContentSettings) | 
			Window.IsVisible(SelectDialog) | 
			Window.IsVisible(FileStackingDialog) | 
			Window.IsVisible(MediaSource) | 
			Window.IsVisible(PictureInfo) | 
			Window.IsVisible(PlayerControls) | 
			Window.IsVisible(VirtualKeyboard) | 
			Window.IsVisible(NumericInput) | 
			Window.IsVisible(ProfileSettings) | 
			Window.IsVisible(LockSettings) | 
			Window.IsVisible(SmartPlaylistEditor) | 
			Window.IsVisible(SmartPlaylistRule) |
			Window.IsVisible(script-RSS_Editor-rssEditor.xml) | 
			Window.IsVisible(script-RSS_Editor-setEditor.xml) | 
			Window.IsVisible(AddonInformation) | 
			Window.IsVisible(Peripherals) | 
			Window.IsVisible(PeripheralSettings) | 
			Window.IsVisible(script-XBMC_Lyrics-main.xml) | 
			Window.IsVisible(PVRChannelManager) | 
			Window.IsVisible(MediaFilter) | 
			Window.IsVisible(OKDialog) | 
			Window.IsVisible(YesNoDialog) | 
			Window.IsVisible(ProgressDialog) | 
			Window.IsVisible(MediaSource) | 
			Window.IsVisible(1100)
			</visible>
		</control>
		
	</include>
	
	<include name="WindowTitleCommons">
		<left>0</left>
		<top>0</top>
		<width min="0" max="150">auto</width>
		<height>45</height>
		<font>breadcrumb</font>
		<textcolor>text.primary</textcolor>
		<scroll>false</scroll>
		<align>left</align>
		<aligny>center</aligny>
	</include>		
	
	<include name="WindowTitleCommons2">
		<left>0</left>
		<top>0</top>
		<width min="0" max="385">auto</width>
		<height>45</height>
		<font>breadcrumb</font>
		<textcolor>text.primary</textcolor>
		<scroll>false</scroll>
		<align>left</align>
		<aligny>center</aligny>
	</include>	
	
	<include name="ButtonCommonValues">
		<height>60</height>
		<width>355</width>
		<textoffsetx>15</textoffsetx>
		<textwidth>280</textwidth>
		<aligny>center</aligny>
		<font>button</font>
		<texturefocus colordiffuse="$VAR[Colour.500]">backgrounds/white.png</texturefocus>
		<texturenofocus colordiffuse="button.border">-</texturenofocus>
		<alttexturefocus colordiffuse="$VAR[Colour.500]">backgrounds/white.png</alttexturefocus>
		<alttexturenofocus colordiffuse="button.border">-</alttexturenofocus>
		<pulseonselect>false</pulseonselect>
		<textcolor>text.primary</textcolor>
		<selectedcolor>white</selectedcolor>
		<focusedcolor>white</focusedcolor>
		<disabledcolor>disabled</disabledcolor>
	</include>
	
	<include name="ButtonSettingCommonValues">
		<height>60</height>
		<width>355</width>
		<textoffsetx>15</textoffsetx>
		<textwidth>280</textwidth>
		<aligny>center</aligny>
		<font>button</font>
		<texturefocus colordiffuse="white">backgrounds/white.png</texturefocus>
		<texturenofocus>-</texturenofocus>
		<alttexturefocus colordiffuse="white">backgrounds/white.png</alttexturefocus>
		<alttexturenofocus>-</alttexturenofocus>
		<pulseonselect>false</pulseonselect>
		<textcolor>white</textcolor>
		<selectedcolor>$VAR[Colour.900]</selectedcolor>
		<focusedcolor>$VAR[Colour.900]</focusedcolor>
		<disabledcolor>disabled</disabledcolor>
	</include>
	
	<include name="ButtonMediaSubCommonValues">
		<height>60</height>
		<width>332</width>
		<textoffsetx>30</textoffsetx>
		<textwidth>292</textwidth>
		<aligny>center</aligny>
		<font>font12_title</font>
		<texturefocus border="5">button-focus.png</texturefocus>
		<texturenofocus border="5">button-nofocus.png</texturenofocus>
		<pulseonselect>false</pulseonselect>
	</include>
	
	<include name="ButtonHomeSubCommonValues">
		<height>60</height>
		<width>270</width>
		<textwidth>292</textwidth>
		<align>center</align>
		<aligny>center</aligny>
		<font>button</font>
		<textcolor>text.primary</textcolor>
		<focusedcolor>white</focusedcolor>
		<texturefocus colordiffuse="$VAR[Colour.500]">backgrounds/white.png</texturefocus>
		<texturenofocus colordiffuse="tertiary">backgrounds/white.png</texturenofocus>
		<pulseonselect>false</pulseonselect>
	</include>
	
	<include name="HomeSubMenuCommonValues">
		<left>0</left>
		<top>13</top>
		<width>1920</width>
		<height>70</height>
		<align>center</align>
		<onup>9000</onup>
		<ondown>9002</ondown>
		<itemgap>0</itemgap>
		<orientation>Horizontal</orientation>
		<animation effect="slide" start="0,-60" end="0,0" delay="200" time="200" tween="quadratic" easing="out">Visible</animation>
		<animation effect="slide" start="0,0" end="0,-60" time="200" tween="quadratic" easing="out">Hidden</animation>
	</include>
	
	<include name="ButtonInfoDialogsCommonValues">
		<height>60</height>
		<width>180</width>
		<textoffsetx>15</textoffsetx>
		<align>center</align>
		<aligny>center</aligny>
		<font>button</font>
		<textcolor>text.primary</textcolor>
		<focusedcolor>white</focusedcolor>
		<texturefocus colordiffuse="$VAR[Colour.500]">backgrounds/white.png</texturefocus>
		<texturenofocus colordiffuse="button.border">button-border-180.png</texturenofocus>
		<pulseonselect>false</pulseonselect>
	</include>
	
	<include name="SideBladeLeft">
		<animation effect="slide" start="0,0" end="375,0" time="300" tween="quadratic" easing="out" condition="ControlGroup(9000).HasFocus | Control.HasFocus(9001) | Control.HasFocus(8999)">Conditional</animation>
		<animation effect="slide" start="0,0" end="-450,0" time="300" tween="quadratic" easing="out" condition="ControlGroup(9000).HasFocus | Control.HasFocus(9001)">WindowClose</animation>
		<animation effect="slide" start="0,0" end="-75,0" time="300" tween="quadratic" easing="out" condition="![ControlGroup(9000).HasFocus | Control.HasFocus(9001)]">WindowClose</animation>
		<animation effect="slide" start="-75,0" end="0,0" time="300" tween="quadratic" easing="out">WindowOpen</animation>
		<animation effect="slide" start="0,0" end="-375,0" time="300" tween="quadratic" easing="out" condition="Window.IsActive(ShutdownMenu)">Conditional</animation>
		
		<!--fake button for mouse control-->
		<control type="button" id="8999">
			<left>0</left>
			<top>0</top>
			<width>375</width>
			<height>1080</height>
			<label>-</label>
			<font>-</font>
			<texturenofocus>-</texturenofocus>
			<texturefocus>-</texturefocus>
			<visible>true</visible>
		</control>
		
		<!--side blade tab bg (for fade effect)-->
		<control type="button" id="9001">
			<left>363</left>
			<centertop>50%</centertop>
			<width>60</width>
			<height>128</height>
			<font>-</font>
			<texturefocus colordiffuse="black">hassubbg.png</texturefocus>
			<texturenofocus colordiffuse="black">hassubbg.png</texturenofocus>
		</control>
		
		<!--side blade tab-->
		<control type="button" id="9001">
			<left>363</left>
			<centertop>50%</centertop>
			<width>60</width>
			<height>128</height>
			<font>-</font>
			<texturefocus colordiffuse="$VAR[Colour.500]">hassub.png</texturefocus>
			<texturenofocus colordiffuse="$VAR[Colour.500]">hassub.png</texturenofocus>
			<animation effect="fade" start="100" end="70" time="300" condition="Window.IsVisible(movieinformation) | Window.IsVisible(selectdialog) | Window.IsVisible(contentsettings) | Window.IsVisible(filebrowser) | Window.IsVisible(addoninformation) | Window.IsVisible(addonSettings) | Window.IsVisible(mediasource) | Window.IsVisible(shutdownmenu) | Window.IsVisible(contextmenu)">Conditional</animation>
		</control>
		
		<!--side blade tab arrow bg (for fade effect)-->
		<control type="image">
			<left>375</left>
			<top>523</top>
			<width>32</width>
			<height>32</height>
			<texture colordiffuse="black">previous-32.png</texture>
			<animation effect="rotate" start="0" end="180" center="auto" time="200"  condition="ControlGroup(9000).HasFocus | Control.HasFocus(9001)">Conditional</animation>
		</control>
		
		<!--side blade tab arrow-->
		<control type="image">
			<left>375</left>
			<top>523</top>
			<width>32</width>
			<height>32</height>
			<texture colordiffuse="white">previous-32.png</texture>
			<animation effect="rotate" start="0" end="180" center="auto" time="200"  condition="ControlGroup(9000).HasFocus | Control.HasFocus(9001)">Conditional</animation>
			<animation effect="fade" start="100" end="70" time="300" condition="Window.IsVisible(movieinformation) | Window.IsVisible(selectdialog) | Window.IsVisible(contentsettings) | Window.IsVisible(filebrowser) | Window.IsVisible(addonSettings) | Window.IsVisible(mediasource) | Window.IsVisible(shutdownmenu) | Window.IsVisible(contextmenu)">Conditional</animation>
		</control>
		
		<!--side blade bg-->
		<control type="image">
			<left>-15</left>
			<top>0</top>
			<width>390</width>
			<height>1080</height>
			<texture colordiffuse="tertiary">backgrounds/white.png</texture>
		</control>
		
		<control type="image">
			<left>-15</left>
			<top>0</top>
			<width>390</width>
			<height>90</height>
			<texture colordiffuse="$VAR[Colour.500]">backgrounds/white.png</texture>
		</control>
		
		<!--bottom shadow-->
		<control type="image">
			<left>-15</left>
			<top>90</top>
			<width>390</width>
			<height>10</height>
			<texture>homeshadow.png</texture>
			<animation effect="fade" start="100" end="75" time="0" condition="true">Conditional</animation>
		</control>
		
		<!--control type="image">
			<left>-15</left>
			<top>0</top>
			<width>390</width>
			<height>60</height>
			<texture colordiffuse="$VAR[Colour.500]">backgrounds/white.png</texture>
		</control-->
		
		<!--side blade title-->
		<control type="label">
			<left>15</left>
			<top>15</top>
			<width>360</width>
			<height>60</height>
			<label>31112</label>
			<font>menu.title</font>
			<textcolor>white</textcolor>
			<aligny>center</aligny>
		</control>
		
		<!--side blade shadow-->
		<control type="image">
			<left>375</left>
			<top>0</top>
			<width>30</width>
			<height>1080</height>
			<texture>sidebarshadow.png</texture>
			<visible>ControlGroup(9000).HasFocus | Control.HasFocus(9001) | Control.HasFocus(8999)</visible>
		</control>
		
	</include>
	
	<include name="SideBladeRight">
		<animation effect="slide" start="0,0" end="-375,0" time="300" tween="quadratic" easing="out">WindowOpen</animation>
		<animation effect="slide" start="-375,0" end="0,0" time="300" tween="quadratic" easing="out">WindowClose</animation>
		<animation effect="slide" start="375,0" end="0,0" time="300" tween="quadratic" easing="out">Visible</animation>
		<animation effect="slide" start="0,0" end="375,0" time="300" tween="quadratic" easing="out">Hidden</animation>
		
		<control type="image">
			<left>1920</left>
			<top>0</top>
			<width>390</width>
			<height>1080</height>
			<texture colordiffuse="tertiary">backgrounds/white.png</texture>
		</control>
		
		<!--title bg-->
		<control type="image">
			<left>1920</left>
			<top>0</top>
			<width>390</width>
			<height>90</height>
			<texture colordiffuse="$VAR[Colour.500]">backgrounds/white.png</texture>
		</control>
		
		<!--bottom shadow-->
		<control type="image">
			<left>1920</left>
			<top>90</top>
			<width>390</width>
			<height>10</height>
			<texture>homeshadow.png</texture>
			<animation effect="fade" start="100" end="75" time="0" condition="true">Conditional</animation>
		</control>
		
		<control type="image">
			<left>1890</left>
			<top>0</top>
			<width>30</width>
			<height>1080</height>
			<texture flipx="true">sidebarshadow.png</texture>
		</control>
		
	</include>
	
	<include name="SideBladeRightBig">
		<animation effect="slide" start="0,0" end="-1375,0" time="400" tween="quadratic" easing="out">WindowOpen</animation>
		<animation effect="slide" start="-1375,0" end="0,0" time="400" tween="quadratic" easing="out">WindowClose</animation>
		<animation effect="slide" start="1375,0" end="0,0" time="400" tween="quadratic" easing="out">Visible</animation>
		<animation effect="slide" start="0,0" end="1375,0" time="400" tween="quadratic" easing="out">Hidden</animation>
		
		<control type="image">
			<left>1920</left>
			<top>0</top>
			<width>1390</width>
			<height>1080</height>
			<texture colordiffuse="tertiary">backgrounds/white.png</texture>
		</control>
		
		<!--control type="image">
			<left>1920</left>
			<top>0</top>
			<width>1390</width>
			<height>60</height>
			<texture colordiffuse="$VAR[Colour.500]">backgrounds/white.png</texture>
		</control-->
		
		<control type="image">
			<left>1890</left>
			<top>0</top>
			<width>30</width>
			<height>1080</height>
			<texture flipx="true">sidebarshadow.png</texture>
		</control>
		
	</include>
	
	<include name="MainWindowMouseButtons">
	
		<control type="group">
			<left>314r</left>
			<top>60</top>
			<animation effect="fade" time="250" condition="Window.Previous(Home)">WindowOpen</animation>
			<animation effect="fade" time="250" condition="Window.Next(Home)">WindowClose</animation>
			<animation effect="slide" start="0,0" end="40,0" time="0" condition="!SubString(System.Time,am) + !SubString(System.Time,pm)">Conditional</animation>
			<animation effect="slide" start="0,0" end="-50,0" time="100" condition="Window.IsVisible(Mutebug)">conditional</animation>
			<visible>system.getbool(input.enablemouse)</visible>
			
			<control type="button" id="122">
				<description>Back push button</description>
				<left>0</left>
				<top>0</top>
				<width>45</width>
				<height>45</height>
				<label>1036</label>
				<font>-</font>
				<onclick>back</onclick>
				<texturefocus colordiffuse="tertiary">backgrounds/white.png</texturefocus>
				<texturenofocus colordiffuse="tertiary">backgrounds/white.png</texturenofocus>
				<onleft>50</onleft>
				<onright>50</onright>
				<onup>50</onup>
				<ondown>50</ondown>
			</control>
			
			<control type="image">
				<description>Back Icon</description>
				<left>0</left>
				<top>0</top>
				<width>45</width>
				<height>45</height>
				<aspectratio>keep</aspectratio>
				<texture colordiffuse="text.primary">icon_back.png</texture>
				<visible>!Control.HasFocus(122)</visible>
			</control>
			
			<control type="image">
				<description>Back Icon</description>
				<left>0</left>
				<top>0</top>
				<width>45</width>
				<height>45</height>
				<aspectratio>keep</aspectratio>
				<texture colordiffuse="$VAR[Colour.500]">icon_back.png</texture>
				<visible>Control.HasFocus(122)</visible>
			</control>
			
			<control type="button" id="123">
				<description>Home push button</description>
				<left>50</left>
				<top>0</top>
				<width>45</width>
				<height>45</height>
				<label>31003</label>
				<font>-</font>
				<onclick>ActivateWindow(home)</onclick>
				<texturefocus colordiffuse="tertiary">backgrounds/white.png</texturefocus>
				<texturenofocus colordiffuse="tertiary">backgrounds/white.png</texturenofocus>
				<onleft>50</onleft>
				<onright>50</onright>
				<onup>50</onup>
				<ondown>50</ondown>
			</control>
			
			<control type="image">
				<description>Home Icon</description>
				<left>50</left>
				<top>0</top>
				<width>45</width>
				<height>45</height>
				<aspectratio>keep</aspectratio>
				<texture colordiffuse="text.primary">icon_home.png</texture>
				<visible>!Control.HasFocus(123)</visible>
			</control>
			
			<control type="image">
				<description>Home Icon</description>
				<left>50</left>
				<top>0</top>
				<width>45</width>
				<height>45</height>
				<aspectratio>keep</aspectratio>
				<texture colordiffuse="$VAR[Colour.500]">icon_home.png</texture>
				<visible>Control.HasFocus(123)</visible>
			</control>
			
		</control>
		
	</include>
	
	<include name="CommonNowPlaying">
	
		<control type="group">
			<visible>Player.HasMedia + !SubString(Window(videolibrary).Property(TvTunesIsAlive),TRUE)</visible>
			<include>VisibleFadeEffect</include>
			<animation effect="fade" time="250" condition="Window.Previous(Home)">WindowOpen</animation>
			<animation effect="fade" time="250" condition="Window.Next(Home)">WindowClose</animation>
			
			<!--background-->
			<control type="image">
				<left>664r</left>
				<top>133r</top>
				<width>600</width>
				<height>73</height>
				<texture colordiffuse="tertiary">backgrounds/white.png</texture>
			</control>
			
			<!--background strip-->
			<control type="image" id="12345">
				<left>64r</left>
				<top>133r</top>
				<width>4</width>
				<height>73</height>
				<texture colordiffuse="$VAR[Colour.500]">backgrounds/white.png</texture>
			</control>
			
			<!--player controls button-->
			<control type="button">
				<left>134r</left>
				<top>130r</top>
				<width>68</width>
				<height>68</height>
				<label>31003</label>
				<font>-</font>
				<onclick>ActivateWindow(PlayerControls)</onclick>
				<texturefocus>floor_buttonFO.png</texturefocus>
				<texturenofocus>floor_button.png</texturenofocus>
				<onleft>50</onleft>
				<onright>50</onright>
				<onup>50</onup>
				<ondown>50</ondown>
			</control>
			
			<!--music cover-->
			<control type="image">
				<left>134r</left>
				<top>130r</top>
				<width>68</width>
				<height>68</height>
				<aspectratio>keep</aspectratio>
				<texture>$INFO[MusicPlayer.Cover]</texture>
			</control>
			
			<!--video cover-->
			<control type="image">
				<left>134r</left>
				<top>130r</top>
				<width>68</width>
				<height>68</height>
				<aspectratio>scale</aspectratio>
				<texture>$INFO[VideoPlayer.Cover]</texture>
			</control>
			
			<!--line 1 (music)-->
			<control type="label">
				<left>1265</left>
				<top>125r</top>
				<width>512</width>
				<height>27</height>
				<font>kai.secondary</font>
				<textcolor>text.primary</textcolor>
				<align>right</align>
				<aligny>center</aligny>
				<scrollout>false</scrollout>
				<pauseatend>2000</pauseatend>
				<label>$INFO[Player.Title] - ($INFO[Player.Time] / $INFO[Player.Duration,])</label>
			</control>
			
			<!--line 2 (music)-->
			<control type="label">
				<left>1265</left>
				<top>97r</top>
				<width>512</width>
				<height>30</height>
				<font>kai.secondary</font>
				<textcolor>text.primary</textcolor>
				<align>right</align>
				<aligny>center</aligny>
				<scrollout>false</scrollout>
				<pauseatend>2000</pauseatend>
				<label>$INFO[MusicPlayer.Artist]$INFO[MusicPlayer.Album, - ]</label>
			</control>
			
			<!--line 2 (movies)-->
			<control type="label">
				<left>1265</left>
				<top>97r</top>
				<width>512</width>
				<height>30</height>
				<font>kai.secondary</font>
				<textcolor>text.primary</textcolor>
				<align>right</align>
				<aligny>center</aligny>
				<scrollout>false</scrollout>
				<pauseatend>2000</pauseatend>
				<label>$INFO[VideoPlayer.Studio]</label>
				<visible>Player.HasVideo + VideoPlayer.Content(Movies)</visible>
			</control>
			
			<!--line 2 (tv shows)-->
			<control type="label">
				<left>1265</left>
				<top>97r</top>
				<width>512</width>
				<height>30</height>
				<font>kai.secondary</font>
				<textcolor>text.primary</textcolor>
				<align>right</align>
				<aligny>center</aligny>
				<scrollout>false</scrollout>
				<pauseatend>2000</pauseatend>
				<label>$INFO[VideoPlayer.TVShowTitle]</label>
				<visible>Player.HasVideo + VideoPlayer.Content(Episodes)</visible>
			</control>
			
			<!--line 2 (music videos)-->
			<control type="label">
				<left>1265</left>
				<top>97r</top>
				<width>512</width>
				<height>30</height>
				<font>kai.secondary</font>
				<textcolor>text.primary</textcolor>
				<align>right</align>
				<aligny>center</aligny>
				<scrollout>false</scrollout>
				<pauseatend>2000</pauseatend>
				<label>$INFO[VideoPlayer.Artist]</label>
				<visible>Player.HasVideo + VideoPlayer.Content(MusicVideos)</visible>
			</control>
			
			<!--line 2 (live tv)-->
			<control type="label">
				<left>1265</left>
				<top>97r</top>
				<width>512</width>
				<height>30</height>
				<font>kai.secondary</font>
				<textcolor>text.primary</textcolor>
				<align>right</align>
				<aligny>center</aligny>
				<scrollout>false</scrollout>
				<pauseatend>2000</pauseatend>
				<label>$INFO[VideoPlayer.ChannelName]$INFO[VideoPlayer.ChannelNumberLabel, - ([COLOR=blue],[/COLOR])]</label>
				<visible>Player.HasVideo + VideoPlayer.Content(LiveTV)</visible>
			</control>
			
		</control>
		
	</include>
	
	<include name="CommonPageCount">
	
		<control type="group">
				
			<control type="image">
				<left>64</left>
				<top>94r</top>
				<width>280</width>
				<height>34</height>
				<texture colordiffuse="tertiary">backgrounds/white.png</texture>
			</control>
		
			<control type="image">
				<left>60</left>
				<top>94r</top>
				<width>4</width>
				<height>34</height>
				<texture colordiffuse="$VAR[Colour.500]">backgrounds/white.png</texture>
			</control>
			
			<control type="label">
				<description>Page Count Label</description>
				<left>73</left>
				<top>94r</top>
				<width>750</width>
				<height>34</height>
				<font>breadcrumb.secondary</font>
				<textcolor>text.primary</textcolor>
				<scroll>false</scroll>
				<align>left</align>
				<aligny>center</aligny>
				<label>$INFO[Container.NumItems] $LOCALIZE[31025] [COLOR=$VAR[Colour.500]]$INFO[Container.CurrentPage, $LOCALIZE[31024] ]$INFO[Container.NumPages,/,][/COLOR]</label>
				<include>Window_OpenClose_Animation</include>
			</control>
			
			<control type="group">
				<visible>!IsEmpty(Container.TotalTime)</visible>
				
				<control type="image">
					<left>64</left>
					<top>133r</top>
					<width>300</width>
					<height>34</height>
					<texture colordiffuse="tertiary">backgrounds/white.png</texture>
				</control>
			
				<control type="image">
					<left>60</left>
					<top>133r</top>
					<width>4</width>
					<height>34</height>
					<texture colordiffuse="$VAR[Colour.500]">backgrounds/white.png</texture>
				</control>
				
				<control type="label">
					<description>Container Duration Label</description>
					<left>73</left>
					<top>133r</top>
					<width>750</width>
					<height>34</height>
					<font>breadcrumb.secondary</font>
					<textcolor>text.primary</textcolor>
					<scroll>false</scroll>
					<align>left</align>
					<aligny>center</aligny>
					<label>$LOCALIZE[31009] [COLOR=$VAR[Colour.500]]$INFO[Container.TotalTime][/COLOR]</label>
					<include>Window_OpenClose_Animation</include>
				</control>
				
			</control>
			
		</control>
		
	</include>
	
	<include name="SmallMusicInfo">
		<control type="image">
			<description>gradient</description>
			<left>0</left>
			<top>0</top>
			<width>750</width>
			<height>248</height>
			<colordiffuse>DDFFFFFF</colordiffuse>
			<texture border="20">OverlayDialogBackground.png</texture>
		</control>
		<control type="image">
			<description>Cover image</description>
			<left>30</left>
			<top>26</top>
			<width>195</width>
			<height>195</height>
			<texture>$INFO[MusicPlayer.Cover]</texture>
		</control>
		<control type="label">
			<description>Artist label</description>
			<left>240</left>
			<top>30</top>
			<height>45</height>
			<width>488</width>
			<label>$INFO[MusicPlayer.Artist]</label>
			<align>left</align>
			<aligny>center</aligny>
			<font>font12_title</font>
			<textcolor>grey2</textcolor>
			<shadowcolor>black</shadowcolor>
		</control>
		<control type="fadelabel">
			<description>Title label</description>
			<left>240</left>
			<top>64</top>
			<height>45</height>
			<width>488</width>
			<label>$INFO[Player.Title]</label>
			<align>left</align>
			<aligny>center</aligny>
			<font>font13_title</font>
			<textcolor>white</textcolor>
			<shadowcolor>black</shadowcolor>
			<scrollout>false</scrollout>
			<pauseatend>2000</pauseatend>
		</control>
		<control type="label">
			<description>Album Label</description>
			<left>240</left>
			<top>105</top>
			<height>45</height>
			<width>488</width>
			<label>$INFO[MusicPlayer.Album]$INFO[musicplayer.discnumber, - $LOCALIZE[427]:]</label>
			<align>left</align>
			<aligny>center</aligny>
			<font>font12</font>
			<textcolor>white</textcolor>
			<shadowcolor>black</shadowcolor>
		</control>
		<control type="label">
			<description>Time Label</description>
			<left>240</left>
			<top>142</top>
			<height>45</height>
			<width>488</width>
			<label>$INFO[MusicPlayer.Time]$INFO[MusicPlayer.Duration, / ]</label>
			<align>left</align>
			<aligny>center</aligny>
			<font>font12</font>
			<textcolor>white</textcolor>
			<shadowcolor>black</shadowcolor>
		</control>
		<control type="label">
			<description>Next Label</description>
			<left>240</left>
			<top>180</top>
			<height>45</height>
			<width>488</width>
			<label>[COLOR=blue]$LOCALIZE[19031] :[/COLOR] $INFO[MusicPlayer.offset(1).Title]</label>
			<align>right</align>
			<aligny>center</aligny>
			<font>font12</font>
			<textcolor>grey</textcolor>
			<shadowcolor>black</shadowcolor>
		</control>
	</include>
	
	<include name="SmallVideoInfo">
		<control type="image">
			<description>gradient</description>
			<left>0</left>
			<top>0</top>
			<width>750</width>
			<height>248</height>
			<colordiffuse>DDFFFFFF</colordiffuse>
			<texture border="20">OverlayDialogBackground.png</texture>
		</control>
		<control type="image">
			<description>Cover image</description>
			<left>30</left>
			<top>26</top>
			<width>195</width>
			<height>195</height>
			<aspectratio>keep</aspectratio>
			<texture>$INFO[VideoPlayer.cover]</texture>
		</control>
		<control type="label">
			<description>Studio label</description>
			<left>240</left>
			<top>30</top>
			<height>45</height>
			<width>488</width>
			<label>$INFO[VideoPlayer.Studio]</label>
			<align>left</align>
			<aligny>center</aligny>
			<font>font12_title</font>
			<textcolor>grey2</textcolor>
			<shadowcolor>black</shadowcolor>
			<visible>!videoplayer.content(episodes) + !videoplayer.content(musicvideos)</visible>
		</control>
		<control type="label">
			<description>TV Show Title label</description>
			<left>240</left>
			<top>30</top>
			<height>45</height>
			<width>488</width>
			<label>$INFO[VideoPlayer.tvshowtitle]</label>
			<align>left</align>
			<aligny>center</aligny>
			<font>font12_title</font>
			<textcolor>white</textcolor>
			<shadowcolor>black</shadowcolor>
			<visible>videoplayer.content(episodes)</visible>
		</control>
		<control type="fadelabel">
			<description>Music Video Artist label</description>
			<left>240</left>
			<top>30</top>
			<height>45</height>
			<width>488</width>
			<label>$INFO[VideoPlayer.Artist]</label>
			<align>left</align>
			<aligny>center</aligny>
			<font>font12_title</font>
			<textcolor>white</textcolor>
			<shadowcolor>black</shadowcolor>
			<visible>videoplayer.content(musicvideos)</visible>
			<scrollout>false</scrollout>
			<pauseatend>2000</pauseatend>
		</control>
		<control type="fadelabel">
			<description>Title label</description>
			<left>240</left>
			<top>64</top>
			<height>45</height>
			<width>488</width>
			<label>$INFO[Player.Title]</label>
			<align>left</align>
			<aligny>center</aligny>
			<font>font13_title</font>
			<textcolor>white</textcolor>
			<shadowcolor>black</shadowcolor>
			<scrollout>false</scrollout>
			<pauseatend>2000</pauseatend>
		</control>
		<control type="label">
			<description>Genre label</description>
			<left>240</left>
			<top>105</top>
			<height>45</height>
			<width>488</width>
			<label>$INFO[VideoPlayer.Genre]</label>
			<align>left</align>
			<aligny>center</aligny>
			<font>font12</font>
			<textcolor>white</textcolor>
			<shadowcolor>black</shadowcolor>
			<visible>!videoplayer.content(episodes) + !videoplayer.content(musicvideos)</visible>
		</control>
		<control type="label">
			<left>240</left>
			<top>105</top>
			<height>45</height>
			<width>488</width>
			<label>$INFO[VideoPlayer.Album]</label>
			<align>left</align>
			<aligny>center</aligny>
			<font>font12</font>
			<textcolor>white</textcolor>
			<shadowcolor>black</shadowcolor>
			<visible>videoplayer.content(musicvideos)</visible>
		</control>
		<control type="label">
			<description>Season and Episode label</description>
			<left>240</left>
			<top>105</top>
			<height>45</height>
			<width>488</width>
			<label>$LOCALIZE[20373] $INFO[VideoPlayer.Season] - $LOCALIZE[20359] $INFO[VideoPlayer.episode]</label>
			<align>left</align>
			<aligny>center</aligny>
			<font>font12</font>
			<textcolor>white</textcolor>
			<shadowcolor>black</shadowcolor>
			<visible>videoplayer.content(episodes)</visible>
		</control>
		<control type="label">
			<description>Time Label</description>
			<left>240</left>
			<top>142</top>
			<height>45</height>
			<width>488</width>
			<label>$INFO[VideoPlayer.Time]$INFO[VideoPlayer.Duration, / ]</label>
			<align>left</align>
			<aligny>center</aligny>
			<font>font12</font>
			<textcolor>white</textcolor>
			<shadowcolor>black</shadowcolor>
		</control>
	</include>
	
	<include name="CommonNowPlaying_Controls">
		<control type="button" id="610">
			<description>Fake Button to fix Player Controls Navigation</description>
			<visible>false</visible>
		</control>
		<control type="group" id="9006">
			<width>355</width>
			<height>68</height>
			<visible>VideoPlayer.Content(LiveTV)</visible>
			<include>VisibleFadeEffect</include>
			<control type="button" id="600">
				<left>30</left>
				<top>3</top>
				<width>58</width>
				<height>58</height>
				<label>-</label>
				<texturefocus colordiffuse="$VAR[Colour.500]">OSDChannelUPNF.png</texturefocus>
				<texturenofocus colordiffuse="text.primary">OSDChannelUPNF.png</texturenofocus>
				<onleft>50</onleft>
				<onright>601</onright>
				<onup>610</onup>
				<ondown>611</ondown>
				<onclick>ChannelDown</onclick>
			</control>
			<control type="button" id="601">
				<left>90</left>
				<top>3</top>
				<width>58</width>
				<height>58</height>
				<label>-</label>
				<texturefocus colordiffuse="$VAR[Colour.500]">OSDChannelDownNF.png</texturefocus>
				<texturenofocus colordiffuse="text.primary">OSDChannelDownNF.png</texturenofocus>
				<onleft>600</onleft>
				<onright>603</onright>
				<onup>610</onup>
				<ondown>611</ondown>
				<onclick>ChannelUp</onclick>
			</control>
			<control type="button" id="603">
				<left>150</left>
				<top>3</top>
				<width>58</width>
				<height>58</height>
				<label>-</label>
				<texturefocus colordiffuse="$VAR[Colour.500]">OSDStopNF.png</texturefocus>
				<texturenofocus colordiffuse="text.primary">OSDStopNF.png</texturenofocus>
				<onleft>601</onleft>
				<onright>604</onright>
				<onup>610</onup>
				<ondown>611</ondown>
				<onclick>down</onclick>
				<onclick>XBMC.PlayerControl(Stop)</onclick>
			</control>
			<control type="togglebutton" id="604">
				<left>210</left>
				<top>3</top>
				<width>58</width>
				<height>58</height>
				<label>-</label>
				<texturefocus colordiffuse="$VAR[Colour.500]">OSDPauseNF.png</texturefocus>
				<texturenofocus colordiffuse="text.primary">OSDPauseNF.png</texturenofocus>
				<usealttexture>Player.Paused | Player.Forwarding | Player.Rewinding</usealttexture>
				<alttexturefocus colordiffuse="$VAR[Colour.500]">OSDPlayNF.png</alttexturefocus>
				<alttexturenofocus colordiffuse="text.primary">OSDPlayNF.png</alttexturenofocus>
				<onleft>603</onleft>
				<onright>605</onright>
				<onup>610</onup>
				<ondown>606</ondown>
				<onback>50</onback>
				<onclick>XBMC.PlayerControl(Play)</onclick>
				<enable>Player.PauseEnabled</enable>
				<animation effect="fade" start="100" end="30" time="100" condition="!Player.PauseEnabled">Conditional</animation>
			</control>
			<control type="button" id="605">
				<left>270</left>
				<top>3</top>
				<width>58</width>
				<height>58</height>
				<label>-</label>
				<texturefocus colordiffuse="$VAR[Colour.500]">OSDRecordOffNF.png</texturefocus>
				<texturenofocus colordiffuse="text.primary">OSDRecordOffNF.png</texturenofocus>
				<onleft>604</onleft>
				<onright>50</onright>
				<onup>610</onup>
				<ondown>611</ondown>
				<onclick>XBMC.PlayerControl(record)</onclick>
				<enable>Player.CanRecord</enable>
				<animation effect="fade" start="100" end="30" time="100" condition="!Player.CanRecord">Conditional</animation>
			</control>
		</control>
		<control type="group" id="9005">
			<visible>Player.HasMedia</visible>
			<visible>!VideoPlayer.Content(LiveTV)</visible>
			<include>VisibleFadeEffect</include>
			<width>355</width>
			<height>68</height>
			<defaultcontrol always="true">603</defaultcontrol>
			<control type="button" id="600">
				<left>0</left>
				<top>3</top>
				<width>58</width>
				<height>58</height>
				<label>-</label>
				<texturefocus colordiffuse="$VAR[Colour.500]">OSDPrevTrackNF.png</texturefocus>
				<texturenofocus colordiffuse="text.primary">OSDPrevTrackNF.png</texturenofocus>
				<onleft>50</onleft>
				<onright>606</onright>
				<onup>610</onup>
				<ondown>611</ondown>
				<onback>50</onback>
				<onclick>XBMC.PlayerControl(Previous)</onclick>
			</control>
			<control type="button" id="606">
				<left>58</left>
				<top>3</top>
				<width>58</width>
				<height>58</height>
				<label>-</label>
				<texturefocus colordiffuse="$VAR[Colour.500]">OSDRewindNF.png</texturefocus>
				<texturenofocus colordiffuse="text.primary">OSDRewindNF.png</texturenofocus>
				<onleft>600</onleft>
				<onright>603</onright>
				<onup>610</onup>
				<ondown>611</ondown>
				<onback>50</onback>
				<onclick>XBMC.PlayerControl(Rewind)</onclick>
				<visible>Window.IsVisible(MusicPlaylist) | Window.IsVisible(VideoPlaylist) | Player.HasVideo</visible>
			</control>
			<control type="group">
				<animation effect="slide" start="0,0" end="58,0" time="0" condition="Window.IsVisible(MusicPlaylist) | Window.IsVisible(VideoPlaylist) | Player.HasVideo">Conditional</animation>
				<control type="togglebutton" id="603">
					<left>58</left>
					<top>3</top>
					<width>58</width>
					<height>58</height>
					<label>-</label>
					<texturefocus colordiffuse="$VAR[Colour.500]">OSDPauseNF.png</texturefocus>
					<texturenofocus colordiffuse="text.primary">OSDPauseNF.png</texturenofocus>
					<usealttexture>Player.Paused | Player.Forwarding | Player.Rewinding</usealttexture>
					<alttexturefocus colordiffuse="$VAR[Colour.500]">OSDPlayNF.png</alttexturefocus>
					<alttexturenofocus colordiffuse="text.primary">OSDPlayNF.png</alttexturenofocus>
					<onleft>606</onleft>
					<onright>601</onright>
					<onup>610</onup>
					<ondown>611</ondown>
					<onback>50</onback>
					<onclick>XBMC.PlayerControl(Play)</onclick>
				</control>
				<control type="button" id="601">
					<left>116</left>
					<top>3</top>
					<width>58</width>
					<height>58</height>
					<label>-</label>
					<texturefocus colordiffuse="$VAR[Colour.500]">OSDStopNF.png</texturefocus>
					<texturenofocus colordiffuse="text.primary">OSDStopNF.png</texturenofocus>
					<onleft>603</onleft>
					<onright>607</onright>
					<onup>610</onup>
					<ondown>611</ondown>
					<onback>50</onback>
					<onclick>down</onclick>
					<onclick>XBMC.PlayerControl(Stop)</onclick>
				</control>
				<control type="button" id="607">
					<left>174</left>
					<top>3</top>
					<width>58</width>
					<height>58</height>
					<label>-</label>
					<texturefocus colordiffuse="$VAR[Colour.500]">OSDForwardNF.png</texturefocus>
					<texturenofocus colordiffuse="text.primary">OSDForwardNF.png</texturenofocus>
					<onleft>601</onleft>
					<onright>602</onright>
					<onup>610</onup>
					<ondown>611</ondown>
					<onback>50</onback>
					<onclick>XBMC.PlayerControl(Forward)</onclick>
					<visible>Window.IsVisible(MusicPlaylist) | Window.IsVisible(VideoPlaylist) | Player.HasVideo</visible>
				</control>
				<control type="button" id="602">
					<left>174</left>
					<top>3</top>
					<width>58</width>
					<height>58</height>
					<label>-</label>
					<texturefocus colordiffuse="$VAR[Colour.500]">OSDNextTrackNF.png</texturefocus>
					<texturenofocus colordiffuse="text.primary">OSDNextTrackNF.png</texturenofocus>
					<onleft>607</onleft>
					<onright>604</onright>
					<onup>610</onup>
					<ondown>611</ondown>
					<onback>50</onback>
					<onclick>XBMC.PlayerControl(Next)</onclick>
					<animation effect="slide" start="0,0" end="58,0" time="0" condition="Window.IsVisible(MusicPlaylist) | Window.IsVisible(VideoPlaylist) | Player.HasVideo">Conditional</animation>
				</control>
			</control>
			<control type="group">
				<visible>!Window.IsVisible(MusicPlaylist) + !Window.IsVisible(VideoPlaylist) + !Player.HasVideo</visible>
				<control type="button" id="604">
					<left>232</left>
					<top>3</top>
					<width>58</width>
					<height>58</height>
					<label>-</label>
					<texturefocus>-</texturefocus>
					<texturenofocus>-</texturenofocus>
					<onclick>XBMC.PlayerControl(Repeat)</onclick>
					<onleft>602</onleft>
					<onright>605</onright>
					<onup>610</onup>
					<ondown>611</ondown>
					<onback>50</onback>
				</control>
				<control type="image">
					<left>232</left>
					<top>3</top>
					<width>58</width>
					<height>58</height>
					<texture colordiffuse="text.primary">OSDRepeatNF.png</texture>
					<visible>!Playlist.IsRepeat + !Playlist.IsRepeatOne</visible>
					<visible>!Control.HasFocus(604)</visible>
				</control>
				<control type="image">
					<left>232</left>
					<top>3</top>
					<width>58</width>
					<height>58</height>
					<texture colordiffuse="$VAR[Colour.500]">OSDRepeatNF.png</texture>
					<visible>!Playlist.IsRepeat + !Playlist.IsRepeatOne</visible>
					<visible>Control.HasFocus(604)</visible>
				</control>
				<control type="image">
					<left>232</left>
					<top>3</top>
					<width>58</width>
					<height>58</height>
					<texture colordiffuse="text.primary">OSDRepeatOneNF.png</texture>
					<visible>Playlist.IsRepeatOne</visible>
					<visible>!Control.HasFocus(604)</visible>
				</control>
				<control type="image">
					<left>232</left>
					<top>3</top>
					<width>58</width>
					<height>58</height>
					<texture colordiffuse="$VAR[Colour.500]">OSDRepeatOneNF.png</texture>
					<visible>Playlist.IsRepeatOne</visible>
					<visible>Control.HasFocus(604)</visible>
				</control>
				<control type="image">
					<left>232</left>
					<top>3</top>
					<width>58</width>
					<height>58</height>
					<texture colordiffuse="text.primary">OSDRepeatAllNF.png</texture>
					<visible>Playlist.IsRepeat</visible>
					<visible>!Control.HasFocus(604)</visible>
				</control>
				<control type="image">
					<left>232</left>
					<top>3</top>
					<width>58</width>
					<height>58</height>
					<texture colordiffuse="$VAR[Colour.500]">OSDRepeatAllNF.png</texture>
					<visible>Playlist.IsRepeat</visible>
					<visible>Control.HasFocus(604)</visible>
				</control>
				<control type="togglebutton" id="605">
					<left>290</left>
					<top>3</top>
					<width>58</width>
					<height>58</height>
					<label>-</label>
					<texturefocus colordiffuse="$VAR[Colour.500]">OSDRandomOffNF.png</texturefocus>
					<texturenofocus colordiffuse="text.primary">OSDRandomOffNF.png</texturenofocus>
					<usealttexture>Playlist.IsRandom</usealttexture>
					<alttexturefocus colordiffuse="$VAR[Colour.500]">OSDRandomOnNF.png</alttexturefocus>
					<alttexturenofocus colordiffuse="text.primary">OSDRandomOnNF.png</alttexturenofocus>
					<onclick>XBMC.PlayerControl(Random)</onclick>
					<onleft>604</onleft>
					<onright>50</onright>
					<onup>610</onup>
					<ondown>611</ondown>
					<onback>50</onback>
				</control>
			</control>
		</control>
		<control type="radiobutton" id="611">
			<description>Go to fullscreen Playback</description>
			<include>ButtonCommonValues</include>
			<label>31008</label>
			<onclick>fullscreen</onclick>
			<textureradioonfocus colordiffuse="white">GoFullscreen.png</textureradioonfocus>
			<textureradioonnofocus colordiffuse="text.primary">GoFullscreen.png</textureradioonnofocus>
			<textureradioofffocus colordiffuse="white">GoFullscreen.png</textureradioofffocus>
			<textureradiooffnofocus colordiffuse="text.primary">GoFullscreen.png</textureradiooffnofocus>
			<visible>Player.HasMedia</visible>
		</control>
		<control type="button" id="612">
			<description>Go to playlist</description>
			<include>ButtonCommonValues</include>
			<label>13350</label>
			<onclick>$VAR[PlayList]</onclick>
			<visible>[Window.IsActive(videolibrary) + !StringCompare(Playlist.Length(video),0)] | [[Window.IsActive(musiclibrary) | Window.IsActive(musicfiles)] + !StringCompare(Playlist.Length(music),0)]</visible>
			<visible>!Window.IsVisible(MusicPlaylist) + !Window.IsVisible(VideoPlaylist)</visible>
		</control>
	</include>
	
	<include name="ScrollOffsetLabel">
	
		<control type="group">
			<visible>Container.Scrolling + [StringCompare(Container.SortMethod,$LOCALIZE[551]) | StringCompare(Container.SortMethod,$LOCALIZE[561]) | StringCompare(Container.SortMethod,$LOCALIZE[558]) | StringCompare(Container.SortMethod,$LOCALIZE[557]) | StringCompare(Container.SortMethod,$LOCALIZE[556])]</visible>
			<animation effect="slide" start="-55,0" end="0,0" time="100">Visible</animation>
			<animation effect="slide" start="0,0" end="-55,0" delay="400" time="100">Hidden</animation>
			<left>0</left>
			<top>0</top>
			
			<control type="image">
				<left>569</left>
				<top>60</top>
				<width>45</width>
				<height>45</height>
				<texture colordiffuse="tertiary">backgrounds/white.png</texture>
			</control>
			
			<control type="label">
				<left>542</left>
				<top>60</top>
				<width>98</width>
				<height>45</height>
				<align>center</align>
				<aligny>center</aligny>
				<label>$INFO[ListItem.SortLetter]</label>
				<textcolor>text.primary</textcolor>
				<font>breadcrumb</font>
			</control>
			
		</control>
		
	</include>
	
	<include name="Clock">
	
		<control type="group">
			<animation effect="slide" start="0,0" end="-50,0" time="100" condition="Window.IsVisible(Mutebug)">conditional</animation>
				
			<!--time background (12 hour)-->
			<control type="image">
				<left>214r</left>
				<top>60</top>
				<width>150</width>
				<height>45</height>
				<texture colordiffuse="tertiary">backgrounds/white.png</texture>
				<visible>SubString(System.Time,am) | SubString(System.Time,pm)</visible>
			</control>
					
			<!--time background (24 hour)-->
			<control type="image">
				<left>174r</left>
				<top>60</top>
				<width>110</width>
				<height>45</height>
				<texture colordiffuse="tertiary">backgrounds/white.png</texture>
				<visible>!SubString(System.Time,am) + !SubString(System.Time,pm)</visible>
			</control>
		
			<!--time background strip-->
			<control type="image">
				<left>64r</left>
				<top>60</top>
				<width>4</width>
				<height>45</height>
				<texture colordiffuse="$VAR[Colour.500]">backgrounds/white.png</texture>
			</control>
		
			<!--time-->
			<control type="label">
				<right>71</right>
				<top>60</top>
				<width>300</width>
				<height>45</height>
				<align>right</align>
				<aligny>center</aligny>
				<font>breadcrumb</font>
				<textcolor>text.primary</textcolor>
				<label>$INFO[System.Time(hh:mm)]$INFO[System.Time(xx), ,]</label>
			</control>
			
			<!--date background-->
			<control type="image">
				<left>369r</left>
				<top>110</top>
				<width>305</width>
				<height>34</height>
				<texture colordiffuse="tertiary">backgrounds/white.png</texture>
			</control>
		
			<!--date background strip-->
			<control type="image">
				<left>64r</left>
				<top>110</top>
				<width>4</width>
				<height>34</height>
				<texture colordiffuse="$VAR[Colour.500]">backgrounds/white.png</texture>
			</control>
		
			<!--date-->
			<control type="label">
				<right>71</right>
				<top>110</top>
				<width>300</width>
				<height>34</height>
				<align>right</align>
				<aligny>center</aligny>
				<font>breadcrumb.secondary</font>
				<textcolor>text.primary</textcolor>
				<label>$INFO[System.Date(DDD)] $INFO[System.Date(MMM)] $INFO[System.Date(dd)]</label>
			</control>
			
		</control>
		
	</include>
	
	<include name="HomeAddonsCommonLayout">
	
		<include>Window_OpenClose_Animation</include>
		
		<animation type="Visible">
			<effect type="slide" start="0,45" end="0,0" delay="200" easing="out" tween="quadratic" time="200" />
			<effect type="fade" start="0" end="100" delay="200" time="200" />
		</animation>
		<animation type="Hidden">
			<effect type="zoom" start="100" end="70" center="auto" easing="in" tween="quadratic" time="300" />
			<effect type="fade" start="100" end="0" time="300" />
		</animation>

		<centerleft>50%</centerleft>
		<top>215r</top>
		<width>1120</width>
		<height>300</height>
		<pagecontrol>-</pagecontrol>
		<scrolltime>300</scrolltime>
		<focusposition>3</focusposition>
		<movement>2</movement>
		<orientation>Horizontal</orientation>
		
		<itemlayout height="160" width="160">
		
			<control type="image">
				<left>0</left>
				<top>0</top>
				<width>160</width>
				<height>160</height>
				<aspectratio aligny="bottom">stretch</aspectratio>
				<texture colordiffuse="tertiary">backgrounds/white.png</texture>
				<bordersize>5</bordersize>
				<bordertexture colordiffuse="$VAR[Colour.500]">backgrounds/square shadow small l.png</bordertexture>
			</control>
		
			<control type="image">
				<left>5</left>
				<top>5</top>
				<width>150</width>
				<height>150</height>
				<aspectratio aligny="bottom">stretch</aspectratio>
				<texture background="true">$INFO[ListItem.Icon]</texture>
			</control>
			
		</itemlayout>
		
		<focusedlayout height="160" width="160">
		
			<control type="image">
				<left>0</left>
				<top>0</top>
				<width>160</width>
				<height>160</height>
				<aspectratio aligny="bottom">stretch</aspectratio>
				<texture colordiffuse="tertiary">backgrounds/white.png</texture>
				<bordersize>5</bordersize>
				<bordertexture colordiffuse="$VAR[Colour.500]">backgrounds/square shadow small l.png</bordertexture>
				<visible>!ControlGroup(9002).HasFocus</visible>
			</control>
		
			<control type="image">
				<left>0</left>
				<top>0</top>
				<width>160</width>
				<height>160</height>
				<aspectratio aligny="bottom">stretch</aspectratio>
				<texture colordiffuse="tertiary">backgrounds/white.png</texture>
				<bordersize>5</bordersize>
				<bordertexture colordiffuse="$VAR[Colour.500]">backgrounds/white.png</bordertexture>
				<visible>ControlGroup(9002).HasFocus</visible>
			</control>
		
			<control type="image">
				<left>5</left>
				<top>5</top>
				<width>150</width>
				<height>150</height>
				<aspectratio aligny="bottom">stretch</aspectratio>
				<texture background="true">$INFO[ListItem.Icon]</texture>
			</control>
			
			<!--label background-->
			<control type="image">
				<left>5</left>
				<top>115</top>
				<width>150</width>
				<height>40</height>
				<texture colordiffuse="tertiary">backgrounds/white.png</texture>
				<visible>ControlGroup(9002).HasFocus</visible>
			</control>
					
			<!--main label-->
			<control type="label">
				<left>15</left>
				<top>119</top>
				<width>130</width>
				<height>60</height>
				<font>secondary.info.light</font>
				<textcolor>text.primary</textcolor>
				<selectedcolor>$VAR[Colour.500]</selectedcolor>
				<align>left</align>
				<label>$INFO[ListItem.Label]</label>
				<visible>ControlGroup(9002).HasFocus</visible>
				<scroll>true</scroll>
			</control>
			
		</focusedlayout>
		
	</include>
	
	<include name="KeyboardButton">
		<width>75</width>
		<height>75</height>
		<texturenofocus colordiffuse="text.primary">backgrounds/white.png</texturenofocus>
		<texture colordiffuse="$VAR[Colour.500]">backgrounds/white.png</texture>
		<align>center</align>
		<aligny>center</aligny>
		<font>button</font>
		<textcolor>tertiary</textcolor>
		<focusedcolor>white</focusedcolor>
	</include>
	
	<include name="TVNextAiredListCommonLayout">
		<itemlayout height="225" width="420">
			<control type="image">
				<left>0</left>
				<top>0</top>
				<width>420</width>
				<height>218</height>
				<texture border="10">button-nofocus.png</texture>
			</control>
			<control type="image">
				<description>Thumb</description>
				<left>8</left>
				<top>8</top>
				<width>405</width>
				<height>82</height>
				<aspectratio>keep</aspectratio>
				<texture background="true">$INFO[ListItem.Property(Art(poster))]</texture>
				<visible>StringCompare(Window(Home).Property(TVGuide.ThumbType),0)</visible>
			</control>
			<control type="image">
				<description>Banner</description>
				<left>8</left>
				<top>8</top>
				<width>405</width>
				<height>82</height>
				<aspectratio>keep</aspectratio>
				<texture background="true">$INFO[ListItem.Property(Art(banner))]</texture>
				<visible>StringCompare(Window(Home).Property(TVGuide.ThumbType),1)</visible>
			</control>
			<control type="image">
				<description>Logo</description>
				<left>8</left>
				<top>8</top>
				<width>405</width>
				<height>82</height>
				<aspectratio>keep</aspectratio>
				<texture background="true">$INFO[ListItem.Property(Path),,logo.png]</texture>
				<visible>StringCompare(Window(Home).Property(TVGuide.ThumbType),2)</visible>
			</control>
			<control type="label">
				<description>Episode Number</description>
				<left>210</left>
				<top>90</top>
				<width>390</width>
				<height>22</height>
				<label>$INFO[ListItem.Property(NextNumber),$LOCALIZE[20359] [COLOR=blue]-[/COLOR] ]</label>
				<textcolor>white</textcolor>
				<font>font12</font>
				<align>center</align>
			</control>
			<control type="label">
				<description>Episode Name</description>
				<left>210</left>
				<top>120</top>
				<width>390</width>
				<height>22</height>
				<label>$INFO[ListItem.Property(NextTitle)]</label>
				<textcolor>white</textcolor>
				<font>font12</font>
				<align>center</align>
			</control>
			<control type="label">
				<description>Next air date/time</description>
				<left>210</left>
				<top>150</top>
				<width>390</width>
				<height>22</height>
				<label>$INFO[ListItem.Property(ShortTime)]$INFO[ListItem.Property(NextDate), [COLOR=blue]-[/COLOR] ]</label>
				<textcolor>grey2</textcolor>
				<font>font12</font>
				<align>center</align>
			</control>
			<control type="label">
				<description>Duration</description>
				<left>210</left>
				<top>180</top>
				<width>390</width>
				<height>22</height>
				<label>$INFO[ListItem.Property(Runtime),, $LOCALIZE[12391]]$INFO[ListItem.Property(Network), [COLOR=blue]-[/COLOR] (,)]</label>
				<textcolor>grey2</textcolor>
				<font>font12</font>
				<align>center</align>
			</control>
		</itemlayout>
		<focusedlayout height="225" width="420">
			<control type="image">
				<left>0</left>
				<top>0</top>
				<width>420</width>
				<height>218</height>
				<texture border="10">button-focus2.png</texture>
			</control>
			<control type="image">
				<description>Thumb</description>
				<left>8</left>
				<top>8</top>
				<width>405</width>
				<height>82</height>
				<aspectratio>keep</aspectratio>
				<texture background="true">$INFO[ListItem.Property(Art(poster))]</texture>
				<visible>StringCompare(Window(Home).Property(TVGuide.ThumbType),0)</visible>
			</control>
			<control type="image">
				<description>Banner</description>
				<left>8</left>
				<top>8</top>
				<width>405</width>
				<height>82</height>
				<aspectratio>keep</aspectratio>
				<texture background="true">$INFO[ListItem.Property(Art(banner))]</texture>
				<visible>StringCompare(Window(Home).Property(TVGuide.ThumbType),1)</visible>
			</control>
			<control type="image">
				<description>Logo</description>
				<left>8</left>
				<top>8</top>
				<width>405</width>
				<height>82</height>
				<aspectratio>keep</aspectratio>
				<texture background="true">$INFO[ListItem.Property(Path),,logo.png]</texture>
				<visible>StringCompare(Window(Home).Property(TVGuide.ThumbType),2)</visible>
			</control>
			<control type="label">
				<description>Episode Number</description>
				<left>210</left>
				<top>90</top>
				<width>390</width>
				<height>22</height>
				<label>$INFO[ListItem.Property(NextNumber),$LOCALIZE[20359] [COLOR=blue]-[/COLOR] ]</label>
				<textcolor>selected</textcolor>
				<font>font12</font>
				<align>center</align>
			</control>
			<control type="label">
				<description>Episode Name</description>
				<left>210</left>
				<top>120</top>
				<width>390</width>
				<height>22</height>
				<label>$INFO[ListItem.Property(NextTitle)]</label>
				<textcolor>selected</textcolor>
				<font>font12</font>
				<align>center</align>
			</control>
			<control type="label">
				<description>Next air date/time</description>
				<left>210</left>
				<top>150</top>
				<width>390</width>
				<height>22</height>
				<label>$INFO[ListItem.Property(ShortTime)]$INFO[ListItem.Property(NextDate), [COLOR=blue]-[/COLOR] ]</label>
				<textcolor>white</textcolor>
				<font>font12</font>
				<align>center</align>
			</control>
			<control type="label">
				<description>Duration</description>
				<left>210</left>
				<top>180</top>
				<width>390</width>
				<height>22</height>
				<label>$INFO[ListItem.Property(Runtime),, $LOCALIZE[12391]]$INFO[ListItem.Property(Network), [COLOR=blue]-[/COLOR] (,)]</label>
				<textcolor>white</textcolor>
				<font>font12</font>
				<align>center</align>
			</control>
		</focusedlayout>
	</include>
	
	<include name="backgroundfade">
		<animation effect="fade" time="600">Visible</animation>
		<animation effect="fade" time="600">Hidden</animation>
	</include>
	
	<include name="backgroundfade2">
		<animation effect="fade" time="300">Visible</animation>
		<animation effect="fade" time="300">Hidden</animation>
	</include>
	
	<include name="Window_OpenClose_Animation">
		<animation effect="fade" time="250">WindowOpen</animation>
		<animation effect="fade" time="250">WindowClose</animation>
		<animation effect="fade" time="400">Visible</animation>
		<animation effect="fade" time="400">Hidden</animation>
	</include>
	
	<include name="dialogeffect">
		<animation effect="fade" time="250">WindowOpen</animation>
		<animation effect="fade" time="250">WindowClose</animation>
	</include>
	
	<include name="VisibleFadeEffect">
		<animation effect="fade" time="300">Visible</animation>
		<animation effect="fade" time="300">Hidden</animation>
	</include>
	
</includes>