<?xml version="1.0" encoding="UTF-8"?>

<window>

	<defaultcontrol>-</defaultcontrol>
	
	<controls>
	
		<!-- media infos -->
		<control type="group" id="1">
			<visible>[Player.ShowInfo] + ![Window.IsVisible(seekbar) | Window.IsVisible(OSDVideoSettings) | Window.IsVisible(OSDAudioSettings) | Window.IsVisible(VideoBookmarks) | Window.IsVisible(PVROSDChannels) | Window.IsVisible(PVROSDGuide) | Window.IsVisible(SliderDialog)]</visible>
		
			<!--channel-->
			<control type="group" id="1">
				<visible>VideoPlayer.Content(LiveTV)</visible>
				
				<!--channel bg-->
				<control type="image" id="1">
					<left>64</left>
					<top>60</top>
					<width>500</width>
					<height>45</height>
					<texture colordiffuse="tertiary">backgrounds/white.png</texture>
				</control>
				
				<!--channel strip-->
				<control type="image" id="1">
					<left>60</left>
					<top>60</top>
					<width>4</width>
					<height>45</height>
					<texture colordiffuse="$VAR[Colour.500]">backgrounds/white.png</texture>
				</control>
				
				<!--channel labels-->
				<control type="grouplist" id="1">
					<left>73</left>
					<top>60</top>
					<width>1500</width>
					<height>45</height>
					<orientation>horizontal</orientation>
					<align>left</align>
					<itemgap>8</itemgap>
					
					<control type="label" id="1">
						<width min="0" max="482">auto</width>
						<include>WindowTitleCommons</include>
						<label>$INFO[VideoPlayer.ChannelNumberLabel]. $INFO[VideoPlayer.ChannelName]</label>
					</control>
					
				</control>
					
				<!--channel group bg-->
				<control type="image" id="1">
					<left>64</left>
					<top>110</top>
					<width>400</width>
					<height>34</height>
					<texture colordiffuse="tertiary">backgrounds/white.png</texture>
				</control>
			
				<!--channel group strip-->
				<control type="image" id="1">
					<left>60</left>
					<top>110</top>
					<width>4</width>
					<height>34</height>
					<texture colordiffuse="$VAR[Colour.500]">backgrounds/white.png</texture>
				</control>
			
				<!--channel group label-->
				<control type="label" id="1">
					<left>73</left>
					<top>110</top>
					<width>400</width>
					<height>34</height>
					<align>left</align>
					<aligny>center</aligny>
					<font>breadcrumb.secondary</font>
					<textcolor>text.primary</textcolor>
					<label>$INFO[VideoPlayer.ChannelGroup,$LOCALIZE[31509]: ]</label>
				</control>
				
			</control>
	
			<!--time-->
			<control type="group" id="1">
				<animation effect="slide" start="0,0" end="-50,0" time="100" condition="Window.IsVisible(Mutebug)">conditional</animation>
					
				<!--time background (12 hour)-->
				<control type="image" id="1">
					<left>214r</left>
					<top>60</top>
					<width>150</width>
					<height>45</height>
					<texture colordiffuse="tertiary">backgrounds/white.png</texture>
					<visible>SubString(System.Time,am) | SubString(System.Time,pm)</visible>
				</control>
						
				<!--time background (24 hour)-->
				<control type="image" id="1">
					<left>174r</left>
					<top>60</top>
					<width>110</width>
					<height>45</height>
					<texture colordiffuse="tertiary">backgrounds/white.png</texture>
					<visible>!SubString(System.Time,am) + !SubString(System.Time,pm)</visible>
				</control>
			
				<!--time background strip-->
				<control type="image" id="1">
					<left>64r</left>
					<top>60</top>
					<width>4</width>
					<height>45</height>
					<texture colordiffuse="$VAR[Colour.500]">backgrounds/white.png</texture>
				</control>
			
				<!--time-->
				<control type="label" id="1">
					<right>71</right>
					<top>60</top>
					<width>300</width>
					<height>45</height>
					<align>right</align>
					<aligny>center</aligny>
					<font>breadcrumb</font>
					<textcolor>text.primary</textcolor>
					<label>$INFO[System.Time(hh:mm)]$INFO[System.Time(xx), ,]</label>
				</control>
				
				<!--finish background-->
				<control type="image" id="1">
					<left>369r</left>
					<top>110</top>
					<width>305</width>
					<height>34</height>
					<texture colordiffuse="tertiary">backgrounds/white.png</texture>
				</control>
			
				<!--finish time background strip-->
				<control type="image" id="1">
					<left>64r</left>
					<top>110</top>
					<width>4</width>
					<height>34</height>
					<texture colordiffuse="$VAR[Colour.500]">backgrounds/white.png</texture>
				</control>
			
				<!--finish time-->
				<control type="label" id="1">
					<right>71</right>
					<top>110</top>
					<width>300</width>
					<height>34</height>
					<align>right</align>
					<aligny>center</aligny>
					<font>breadcrumb.secondary</font>
					<textcolor>text.primary</textcolor>
					<label>$LOCALIZE[31049]: $INFO[Player.FinishTime]</label>
				</control>
				
			</control>
			
			<!--bottom info-->
			<control type="group" id="1">
				<animation effect="slide" start="0,0" end="0,100" time="0" condition="IsEmpty(VideoPlayer.Plot)">Conditional</animation>
		
				<!--background-->
				<control type="image" id="1">
					<left>390</left>
					<top>697</top>
					<width>1140</width>
					<height>190</height>
					<texture colordiffuse="tertiary">backgrounds/np info bg.png</texture>
					<animation effect="zoom" start="390,697,1140,190" end="390,700,1140,290" time="0" condition="!IsEmpty(VideoPlayer.Plot)">Conditional</animation>
				</control>
				
				<!--title bg-->
				<control type="image" id="1">
					<left>400</left>
					<top>377r</top>
					<width>1120</width>
					<height>70</height>
					<texture colordiffuse="$VAR[Colour.500]">backgrounds/white.png</texture>
				</control>
				
				<!--title shadow-->
				<control type="image" id="1">
					<left>400</left>
					<top>307r</top>
					<width>1120</width>
					<height>10</height>
					<texture>homeshadow.png</texture>
					<animation effect="fade" start="100" end="75" time="0" condition="true">Conditional</animation>
				</control>
				
				<!--info-->
				<control type="group" id="1">
					<top>377r</top>
				
					<!--title-->
					<control type="label" id="1"> <!--1-->
						<left>415</left>
						<top>3</top>
						<width>1090</width>
						<height>60</height>
						<font>menu.title</font>
						<align>left</align>
						<aligny>center</aligny>
						<textcolor>white</textcolor>
						<label>$INFO[Player.Title]</label>
						<scroll>true</scroll>
					</control>
					
					<!--recording image-->
					<control type="image" id="1">
						<top>70</top>
						<left>1470</left>
						<width>48</width>
						<height>48</height>
						<texture colordiffuse="red">PVR-IsRecording.png</texture>
						<visible>VideoPlayer.Content(LiveTV) + Player.Recording</visible>
					</control>
					
					<!--tagline-->
					<control type="label" id="1">
						<left>415</left>
						<top>75</top>
						<width>1090</width>
						<height>38</height>
						<align>left</align>
						<font>font12</font>
						<textcolor>$VAR[Colour.500]</textcolor>
						<label fallback="$INFO[VideoPlayer.Genre]">$INFO[VideoPlayer.Tagline]</label>
						<visible>VideoPlayer.Content(Movies)</visible>
					</control>
					
					<!--tv show label-->
					<control type="label" id="1">
						<left>415</left>
						<top>75</top>
						<width>1090</width>
						<height>38</height>
						<align>left</align>
						<font>font12</font>
						<textcolor>$VAR[Colour.500]</textcolor>
						<label>$INFO[VideoPlayer.TVShowTitle] ($INFO[VideoPlayer.Season,,x]$INFO[VideoPlayer.Episode])</label>
						<visible>VideoPlayer.Content(Episodes)</visible>
					</control>
					
					<!--music video info-->
					<control type="label" id="1">
						<left>415</left>
						<top>75</top>
						<width>1090</width>
						<height>38</height>
						<align>left</align>
						<font>font12</font>
						<textcolor>$VAR[Colour.500]</textcolor>
						<label>$INFO[VideoPlayer.Artist] $INFO[VideoPlayer.Album, - ]</label>
						<visible>VideoPlayer.Content(MusicVideos)</visible>
					</control>
					
					<!--live tv info (not recording)-->
					<control type="label" id="1">
						<left>415</left>
						<top>75</top>
						<width>1090</width>
						<height>38</height>
						<align>left</align>
						<font>font12</font>
						<textcolor>$VAR[Colour.500]</textcolor>
						<label>$INFO[VideoPlayer.NextTitle,$LOCALIZE[19031]: ] ($INFO[VideoPlayer.NextStartTime] - $INFO[VideoPlayer.NextEndTime])</label>
						<visible>VideoPlayer.Content(LiveTV) + !Player.Recording</visible>
					</control>
					
					<!--live tv info (recording)-->
					<control type="label" id="1">
						<left>415</left>
						<top>75</top>
						<width>1060</width>
						<height>38</height>
						<align>left</align>
						<font>font12</font>
						<textcolor>$VAR[Colour.500]</textcolor>
						<label>$INFO[VideoPlayer.NextTitle,$LOCALIZE[19031]: ] ($INFO[VideoPlayer.NextStartTime] - $INFO[VideoPlayer.NextEndTime])</label>
						<visible>VideoPlayer.Content(LiveTV) + Player.Recording</visible>
					</control>
				
					<!--path-->
					<control type="label" id="1">
						<left>415</left>
						<top>75</top>
						<width>1090</width>
						<height>38</height>
						<align>left</align>
						<font>font12</font>
						<textcolor>$VAR[Colour.500]</textcolor>
						<label>$INFO[Player.FileNameAndPath]</label>
						<visible>VideoPlayer.Content(Files)</visible>
					</control>
					
					<!--plot-->
					<control type="textbox" id="1">
						<left>415</left>
						<top>108</top>
						<width>1090</width>
						<height>110</height>
						<font>label</font>
						<align>left</align>
						<textcolor>text.primary</textcolor>
						<label>$INFO[VideoPlayer.Plot]</label>
						<autoscroll time="1500" delay="15000" repeat="10000">Skin.HasSetting(AutoScroll)</autoscroll>
					</control>
					
				</control>
				
				<!--progress-->
				<control type="group" id="1">
					<top>150r</top>
					<visible>!VideoPlayer.Content(LiveTV) | [VideoPlayer.Content(LiveTV) + VideoPlayer.HasEpg]</visible>
					<animation effect="slide" start="0,0" end="0,-100" time="0" condition="IsEmpty(VideoPlayer.Plot)">Conditional</animation>
					
					<!--cache-->
					<control type="progress" id="1">
						<left>415</left>
						<top>0</top>
						<width>1090</width>
						<height>7</height>
						<info>Player.ProgressCache</info>
						<midtexture colordiffuse="$VAR[Colour.400]">backgrounds/white.png</midtexture>
					</control>
					
					<!--progress-->
					<control type="progress" id="1">
						<left>415</left>
						<top>0</top>
						<width>1090</width>
						<height>7</height>
						<info>Player.Progress</info>
					</control>
							
					<!--current time-->
					<control type="label" id="1">
						<left>415</left>
						<top>-8</top>
						<width>150</width>
						<height>60</height>
						<font>breadcrumb.secondary</font>
						<align>left</align>
						<aligny>center</aligny>
						<label>$INFO[Player.Time(hh:mm:ss)]</label>
					</control>
							
					<!--chapter-->
					<control type="label" id="1">
						<visible>!VideoPlayer.Content(LiveTV)</visible>
						<left>415</left>
						<top>-8</top>
						<width>1080</width>
						<height>60</height>
						<font>breadcrumb.secondary</font>
						<align>center</align>
						<aligny>center</aligny>
						<label>$INFO[player.chapter,$LOCALIZE[21396]  ]$INFO[player.chaptercount, / ]</label>
						<visible>!Player.Paused + !Player.Caching + !Player.Seeking + !Player.DisplayAfterSeek + !Player.Forwarding + !Player.Rewinding</visible>
					</control>
							
					<!--chapter (paused)-->
					<control type="label" id="1">
						<visible>!VideoPlayer.Content(LiveTV)</visible>
						<left>415</left>
						<top>-8</top>
						<width>1080</width>
						<height>60</height>
						<font>breadcrumb.secondary</font>
						<align>center</align>
						<aligny>center</aligny>
						<label>$LOCALIZE[31043] • $INFO[player.chapter,$LOCALIZE[21396]  ]$INFO[player.chaptercount, / ]</label>
						<visible>[Player.Paused + !Player.Caching] + !Player.Seeking + !Player.DisplayAfterSeek</visible>
					</control>
							
					<!--chapter (caching)-->
					<control type="label" id="1">
						<visible>!VideoPlayer.Content(LiveTV)</visible>
						<left>415</left>
						<top>-8</top>
						<width>1080</width>
						<height>60</height>
						<font>breadcrumb.secondary</font>
						<align>center</align>
						<aligny>center</aligny>
						<label>$LOCALIZE[15107] $INFO[Player.CacheLevel]% • $INFO[player.chapter,$LOCALIZE[21396]  ]$INFO[player.chaptercount, / ]</label>
						<visible>[Player.Paused + Player.Caching] + !Player.Seeking</visible>
					</control>
							
					<!--chapter (seeking)-->
					<control type="label" id="1">
						<visible>!VideoPlayer.Content(LiveTV)</visible>
						<left>415</left>
						<top>-8</top>
						<width>1080</width>
						<height>60</height>
						<font>breadcrumb.secondary</font>
						<align>center</align>
						<aligny>center</aligny>
						<label>$LOCALIZE[31046] • $INFO[player.chapter,$LOCALIZE[21396]  ]$INFO[player.chaptercount, / ]</label>
						<visible>Player.Seeking</visible>
					</control>
							
					<!--chapter (final seek amount)-->
					<control type="label" id="1">
						<visible>!VideoPlayer.Content(LiveTV)</visible>
						<left>415</left>
						<top>-8</top>
						<width>1080</width>
						<height>60</height>
						<font>breadcrumb.secondary</font>
						<align>center</align>
						<aligny>center</aligny>
						<label>$LOCALIZE[31046] $INFO[Player.SeekOffset] • $INFO[player.chapter,$LOCALIZE[21396]  ]$INFO[player.chaptercount, / ]</label>
						<visible>Player.DisplayAfterSeek + ![player.forwarding | player.rewinding]</visible>
					</control>
							
					<!--chapter (fast forwarding)-->
					<control type="label" id="1">
						<visible>!VideoPlayer.Content(LiveTV)</visible>
						<left>415</left>
						<top>-8</top>
						<width>1080</width>
						<height>60</height>
						<font>breadcrumb.secondary</font>
						<align>center</align>
						<aligny>center</aligny>
						<label>$VAR[Forwarding] • $INFO[player.chapter,$LOCALIZE[21396]  ]$INFO[player.chaptercount, / ]</label>
						<visible>Player.Forwarding</visible>
					</control>
							
					<!--chapter (rewinding)-->
					<control type="label" id="1">
						<visible>!VideoPlayer.Content(LiveTV)</visible>
						<left>415</left>
						<top>-8</top>
						<width>1080</width>
						<height>60</height>
						<font>breadcrumb.secondary</font>
						<align>center</align>
						<aligny>center</aligny>
						<label>$VAR[Rewinding] • $INFO[player.chapter,$LOCALIZE[21396]  ]$INFO[player.chaptercount, / ]</label>
						<visible>Player.Rewinding</visible>
					</control>
							
					<!--end time-->
					<control type="label" id="1">
						<left>1355</left>
						<top>-8</top>
						<width>150</width>
						<height>60</height>
						<font>breadcrumb.secondary</font>
						<align>right</align>
						<aligny>center</aligny>
						<label>$INFO[Player.Duration(hh:mm:ss)]</label>
					</control>
					
				</control>
				
			</control>
			
		</control>
		
		<!-- codec info -->
		<control type="group" id="0">
			<left>0</left>
			<top>30</top>
			<animation effect="fade" time="200">VisibleChange</animation>
			
			<control type="image">
				<description>media info background image</description>
				<left>0</left>
				<top>0</top>
				<width>1920</width>
				<height>210</height>
				<texture>black-back.png</texture>
			</control>
			
			<control type="label" id="10">
				<description>row 1 label</description>
				<left>75</left>
				<top>15</top>
				<width>1770</width>
				<height>45</height>
				<align>left</align>
				<aligny>center</aligny>
				<font>font12</font>
				<label>-</label>
			</control>
			
			<control type="label" id="11">
				<description>row 2 label</description>
				<left>75</left>
				<top>82</top>
				<width>1770</width>
				<height>45</height>
				<align>left</align>
				<aligny>center</aligny>
				<font>font12</font>
				<label>-</label>
			</control>
			
			<control type="label" id="12">
				<description>row 3 label</description>
				<left>75</left>
				<top>150</top>
				<width>1770</width>
				<height>45</height>
				<align>left</align>
				<aligny>center</aligny>
				<font>font12</font>
				<label>-</label>
			</control>
			
		</control>
		
		<control type="selectbutton" id="503">
			<left>660</left>
			<top>150</top>
			<width>600</width>
			<height>150</height>
			<font>font13caps</font>
			<description>TV Channel Group Select Button</description>
			<texturebg border="20">OverlayDialogBackground.png</texturebg>
			<onleft>503</onleft>
			<onright>503</onright>
			<onup>500</onup>
			<ondown>500</ondown>
			<include>VisibleFadeEffect</include>
		</control>
		
		<control type="group">
			<visible>Player.ShowCodec + VideoPlayer.Content(LiveTV) + system.getbool(pvrplayback.signalquality)</visible>
			<top>248</top>
			
			<control type="image">
				<description>media info background image</description>
				<left>0</left>
				<top>0</top>
				<width>1920</width>
				<height>330</height>
				<texture>black-back.png</texture>
			</control>
			
			<control type="label">
				<description>Header</description>
				<left>75</left>
				<top>8</top>
				<width>1800</width>
				<height>38</height>
				<label>$LOCALIZE[19005]</label>
				<align>left</align>
				<aligny>center</aligny>
				<font>font13_title</font>
				<textcolor>blue</textcolor>
			</control>
			
			<control type="label">
				<description>Backend</description>
				<left>75</left>
				<top>60</top>
				<width>248</width>
				<height>38</height>
				<label>$LOCALIZE[19012]:</label>
				<align>left</align>
				<aligny>center</aligny>
				<font>font12</font>
				<textcolor>grey2</textcolor>
			</control>
			
			<control type="label">
				<description>Backend value</description>
				<left>330</left>
				<top>60</top>
				<width>1500</width>
				<height>38</height>
				<label>$INFO[PVR.ActStreamClient]</label>
				<align>left</align>
				<aligny>center</aligny>
				<font>font12</font>
				<textcolor>white</textcolor>
			</control>
			
			<control type="label">
				<description>Device</description>
				<left>75</left>
				<top>98</top>
				<width>248</width>
				<height>38</height>
				<label>$LOCALIZE[19006]:</label>
				<align>left</align>
				<aligny>center</aligny>
				<font>font12</font>
				<textcolor>grey2</textcolor>
			</control>
			
			<control type="label">
				<description>Device value</description>
				<left>330</left>
				<top>98</top>
				<width>1500</width>
				<height>38</height>
				<label>$INFO[PVR.ActStreamDevice]</label>
				<align>left</align>
				<aligny>center</aligny>
				<font>font12</font>
				<textcolor>white</textcolor>
			</control>
			
			<control type="label">
				<description>Status</description>
				<left>75</left>
				<top>135</top>
				<width>248</width>
				<height>38</height>
				<label>$LOCALIZE[19007]:</label>
				<align>left</align>
				<aligny>center</aligny>
				<font>font12</font>
				<textcolor>grey2</textcolor>
			</control>
			
			<control type="label">
				<description>Status value</description>
				<left>330</left>
				<top>135</top>
				<width>1500</width>
				<height>38</height>
				<label>$INFO[PVR.ActStreamStatus]</label>
				<align>left</align>
				<aligny>center</aligny>
				<font>font12</font>
				<textcolor>white</textcolor>
			</control>
			
			<control type="label">
				<description>Signal</description>
				<left>75</left>
				<top>172</top>
				<width>248</width>
				<height>38</height>
				<label>$LOCALIZE[19008]:</label>
				<align>left</align>
				<aligny>center</aligny>
				<font>font12</font>
				<textcolor>grey2</textcolor>
			</control>
			
			<control type="progress">
				<description>Progressbar</description>
				<left>330</left>
				<top>183</top>
				<width>1365</width>
				<height>21</height>
				<info>PVR.ActStreamProgrSignal</info>
			</control>
			
			<control type="label">
				<description>Signal value</description>
				<left>1800</left>
				<top>172</top>
				<width>270</width>
				<height>38</height>
				<label>$INFO[PVR.ActStreamSignal]</label>
				<align>left</align>
				<aligny>center</aligny>
				<font>font12</font>
				<textcolor>white</textcolor>
			</control>
			
			<control type="label">
				<description>SNR</description>
				<left>75</left>
				<top>210</top>
				<width>248</width>
				<height>38</height>
				<label>$LOCALIZE[19009]:</label>
				<align>left</align>
				<aligny>center</aligny>
				<font>font12</font>
				<textcolor>grey2</textcolor>
			</control>
			
			<control type="progress">
				<description>Progressbar</description>
				<left>330</left>
				<top>220</top>
				<width>1365</width>
				<height>21</height>
				<overlaytexture>-</overlaytexture>
				<info>PVR.ActStreamProgrSNR</info>
			</control>
			
			<control type="label">
				<description>SNR value</description>
				<left>1800</left>
				<top>210</top>
				<width>270</width>
				<height>38</height>
				<label>$INFO[PVR.ActStreamSNR]</label>
				<align>left</align>
				<aligny>center</aligny>
				<font>font12</font>
				<textcolor>white</textcolor>
			</control>
			
			<control type="label">
				<description>BER</description>
				<left>75</left>
				<top>248</top>
				<width>248</width>
				<height>38</height>
				<label>$LOCALIZE[19010]:</label>
				<align>left</align>
				<aligny>center</aligny>
				<font>font12</font>
				<textcolor>grey2</textcolor>
			</control>
			
			<control type="label">
				<description>BER value</description>
				<left>330</left>
				<top>248</top>
				<width>248</width>
				<height>38</height>
				<label>$INFO[PVR.ActStreamBER]</label>
				<align>left</align>
				<aligny>center</aligny>
				<font>font12</font>
				<textcolor>white</textcolor>
			</control>
			
			<control type="label">
				<description>UNC</description>
				<left>585</left>
				<top>248</top>
				<width>248</width>
				<height>38</height>
				<label>$LOCALIZE[19011]:</label>
				<align>left</align>
				<aligny>center</aligny>
				<font>font12</font>
				<textcolor>grey2</textcolor>
			</control>
			
			<control type="label">
				<description>UNC value</description>
				<left>840</left>
				<top>248</top>
				<width>248</width>
				<height>38</height>
				<label>$INFO[PVR.ActStreamUNC]</label>
				<align>left</align>
				<aligny>center</aligny>
				<font>font12</font>
				<textcolor>white</textcolor>
			</control>
			
			<control type="label">
				<description>Service</description>
				<left>1095</left>
				<top>248</top>
				<width>248</width>
				<height>38</height>
				<label>$LOCALIZE[19099]:</label>
				<align>left</align>
				<aligny>center</aligny>
				<font>font12</font>
				<textcolor>grey2</textcolor>
			</control>
			
			<control type="label">
				<description>Service value</description>
				<left>1350</left>
				<top>248</top>
				<width>495</width>
				<height>38</height>
				<label>$INFO[PVR.ActStreamServiceName]</label>
				<align>left</align>
				<aligny>center</aligny>
				<font>font12</font>
				<textcolor>white</textcolor>
			</control>
			
			<control type="label">
				<description>Encryption</description>
				<left>75</left>
				<top>285</top>
				<width>248</width>
				<height>38</height>
				<label>$LOCALIZE[19015]:</label>
				<align>left</align>
				<aligny>center</aligny>
				<font>font12</font>
				<textcolor>grey2</textcolor>
			</control>
			
			<control type="label">
				<description>Encryption value</description>
				<left>330</left>
				<top>285</top>
				<width>248</width>
				<height>38</height>
				<label>$INFO[PVR.ActStreamEncryptionName]</label>
				<align>left</align>
				<aligny>center</aligny>
				<font>font12</font>
				<textcolor>white</textcolor>
			</control>
			
			<control type="label">
				<description>Provider</description>
				<left>585</left>
				<top>285</top>
				<width>248</width>
				<height>38</height>
				<label>$LOCALIZE[19101]:</label>
				<align>left</align>
				<aligny>center</aligny>
				<font>font12</font>
				<textcolor>grey2</textcolor>
			</control>
			
			<control type="label">
				<description>Provider value</description>
				<left>840</left>
				<top>285</top>
				<width>248</width>
				<height>38</height>
				<label>$INFO[PVR.ActStreamProviderName]</label>
				<align>left</align>
				<aligny>center</aligny>
				<font>font12</font>
				<textcolor>white</textcolor>
			</control>
			
			<control type="label">
				<description>Mux</description>
				<left>1095</left>
				<top>285</top>
				<width>248</width>
				<height>38</height>
				<label>$LOCALIZE[19100]:</label>
				<align>left</align>
				<aligny>center</aligny>
				<font>font12</font>
				<textcolor>grey2</textcolor>
			</control>
			
			<control type="label">
				<description>Mux value</description>
				<left>1350</left>
				<top>285</top>
				<width>495</width>
				<height>38</height>
				<label>$INFO[PVR.ActStreamMux]</label>
				<align>left</align>
				<aligny>center</aligny>
				<font>font12</font>
				<textcolor>white</textcolor>
			</control>
			
		</control>
		
	</controls>
	
</window>