<?xml version="1.0" encoding="UTF-8"?>
<shortcuts>
	<shortcut>
		<label>166</label>
		<label2>32034</label2>
		<icon>DefaultFolder.png</icon>
		<thumb />
		<action>ActivateWindow(SkinSettings)</action>
	</shortcut>
	<shortcut>
		<label>7</label>
		<label2>32034</label2>
		<icon>DefaultFolder.png</icon>
		<thumb />
		<action>ActivateWindow(FileManager)</action>
	</shortcut>
	<shortcut>
		<label>13200</label>
		<label2>32034</label2>
		<icon>UnknownUser.png</icon>
		<thumb />
		<action>ActivateWindow(Profiles)</action>
	</shortcut>
	<shortcut>
		<label>130</label>
		<label2>32034</label2>
		<icon>DefaultShortcut.png</icon>
		<thumb />
		<action>ActivateWindow(SystemInfo)</action>
	</shortcut>
</shortcuts>
