<?xml version="1.0" encoding="UTF-8"?>
<window>
	<!-- addonsettings -->
	<defaultcontrol always="true">9</defaultcontrol>
	<controls>
		<!-- Background -->
		<include>DialogBackgroundImage</include>
		<control type="group">
			<include>DialogAnimation</include>
			<left>90</left>
			<top>258</top>
			<width>1740</width>
			<height>564</height>
			<control type="image">
				<width>1740</width>
				<height>564</height>
				<texture>dialogs/addon_settings_back.png</texture>
			</control>
			<control id="20" type="label">
				<left>40</left>
				<top>14</top>
				<height>30</height>
				<width>1300</width>
				<aligny>center</aligny>
				<font>Bold30</font>
				<textcolor>ffdadada</textcolor>
			</control>
			<control id="9" type="grouplist">
				<top>60</top>
				<width>422</width>
				<height>504</height>
				<itemgap>0</itemgap>
				<onleft>Close</onleft>
				<onright>2</onright>
				<onup>noop</onup>
				<ondown>noop</ondown>
				<scrolltime>0</scrolltime>
			</control>
			<!-- Default button -->
			<control id="13" type="togglebutton">
				<height>126</height>
				<width>422</width>
				<textoffsetx>40</textoffsetx>
				<textwidth>342</textwidth>
				<aligny>center</aligny>
				<font>Light30Spaced</font>
				<onright>2</onright>
				<onclick>SetFocus(2)</onclick>
				<textcolor>ff505153</textcolor>
				<focusedcolor>$VAR[AddonSettingsDefaultButton]</focusedcolor>
				<texturefocus border="3">settings/button_focus.png</texturefocus>
				<texturenofocus border="3">settings/button_no_focus.png</texturenofocus>
				<pulseonselect>false</pulseonselect>
			</control>
			<!-- Right grouplist -->
			<control id="2" type="grouplist">
				<left>422</left>
				<top>60</top>
				<width>958</width>
				<height>504</height>
				<itemgap>0</itemgap>
				<onleft>9</onleft>
				<onright>9000</onright>
				<onup>noop</onup>
				<ondown>noop</ondown>
				<onback>9</onback>
				<scrolltime>0</scrolltime>
				<usecontrolcoords>true</usecontrolcoords>
			</control>
			<!-- Default button -->
			<control id="3" type="button">
				<width>958</width>
				<height>84</height>
				<font>Light32</font>
				<textwidth>878</textwidth>
				<textoffsetx>40</textoffsetx>
				<textcolor>ff505153</textcolor>
				<focusedcolor>ffffaf37</focusedcolor>
				<texturefocus border="3">settings/button_focus.png</texturefocus>
				<texturenofocus border="3">settings/button_no_focus.png</texturenofocus>
			</control>
			<!-- Default radiobutton -->
			<control id="4" type="radiobutton">
				<width>958</width>
				<height>84</height>
				<font>Light32</font>
				<textwidth>738</textwidth>
				<textoffsetx>40</textoffsetx>
				<textcolor>ff505153</textcolor>
				<focusedcolor>ffffaf37</focusedcolor>
				<radiowidth>125</radiowidth>
				<radioheight>53</radioheight>
				<radioposx>813</radioposx>
				<textureradioonfocus>settings/radio_on_focus.png</textureradioonfocus>
				<textureradioonnofocus>settings/radio_on_no_focus.png</textureradioonnofocus>
				<textureradioondisabled>settings/radio_on_disabled.png</textureradioondisabled>
				<textureradioofffocus>settings/radio_off_focus.png</textureradioofffocus>
				<textureradiooffnofocus>settings/radio_off_no_focus.png</textureradiooffnofocus>
				<textureradiooffdisabled>settings/radio_off_disabled.png</textureradiooffdisabled>
				<texturefocus border="3">settings/button_focus.png</texturefocus>
				<texturenofocus border="3">settings/button_no_focus.png</texturenofocus>
			</control>
			<!-- Default spincontrolex -->
			<control id="5" type="spincontrolex">
				<width>958</width>
				<height>84</height>
				<font>Light32</font>
				<textwidth>738</textwidth>
				<textoffsetx>40</textoffsetx>
				<textcolor>ff505153</textcolor>
				<focusedcolor>ffffaf37</focusedcolor>
				<selectedcolor2>ffffffff</selectedcolor2>
				<texturefocus border="3">settings/button_focus.png</texturefocus>
				<texturenofocus border="3">settings/button_no_focus.png</texturenofocus>
				<aligny>center</aligny>
				<reverse>yes</reverse>
			</control>
			<!-- Default label -->
			<control id="7" type="label">
				<textoffsetx>40</textoffsetx>
				<width>878</width>
				<height>84</height>
				<font>Light32</font>
				<textcolor>ffbebebe</textcolor>
				<label>-</label>
			</control>
			<!-- Default seperator -->
			<control id="6" type="image">
				<top>-1</top>
				<height>1</height>
				<texture>-</texture>
			</control>
			<!-- Default slider -->
			<control id="8" type="sliderex">
				<width>958</width>
				<height>84</height>
				<font>Light32</font>
				<textwidth>738</textwidth>
				<textoffsetx>40</textoffsetx>
				<textcolor>ff505153</textcolor>
				<focusedcolor>ffffaf37</focusedcolor>
				<texturefocus border="3">settings/button_focus.png</texturefocus>
				<texturenofocus border="3">settings/button_no_focus.png</texturenofocus>
				<sliderwidth>200</sliderwidth>
				<sliderheight>11</sliderheight>
				<texturesliderbar border="4">osd/progress_back.png</texturesliderbar>
				<textureslidernib border="4">osd/progress_cache.png</textureslidernib>
				<textureslidernibfocus border="4">osd/progress_bar.png</textureslidernibfocus>
			</control>
			<!-- Button grouplist -->
			<control id="9000" type="grouplist">
				<left>1404</left>
				<bottom>33</bottom>
				<width>311</width>
				<height>400</height>
				<onleft>2</onleft>
				<onright>noop</onright>
				<onup>noop</onup>
				<ondown>noop</ondown>
				<onback>2</onback>
				<itemgap>10</itemgap>
				<align>right</align>
				<!-- Defaults Button -->
				<control id="12" type="button">
					<width>311</width>
					<height>76</height>
					<aligny>top</aligny>
					<font>Med24</font>
					<textoffsetx>23</textoffsetx>
					<textoffsety>27</textoffsety>
					<label>409</label>
					<visible>Control.IsEnabled(5)</visible>
				</control>
				<!-- Cancel Button -->
				<control id="11" type="button">
					<width>311</width>
					<height>76</height>
					<aligny>top</aligny>
					<font>Med24</font>
					<textoffsetx>23</textoffsetx>
					<textoffsety>27</textoffsety>
					<label>222</label>
					<visible>Control.IsEnabled(11)</visible>
				</control>
				<!-- OK Button -->
				<control id="10" type="button">
					<width>311</width>
					<height>76</height>
					<aligny>top</aligny>
					<font>Med24</font>
					<textoffsetx>23</textoffsetx>
					<textoffsety>27</textoffsety>
					<label>186</label>
					<visible>Control.IsEnabled(10)</visible>
				</control>
			</control>
		</control>
	</controls>
</window>