<?xml version='1.0' encoding='UTF-8'?>
<includes>
	<include name="skinshortcuts-mainmenu">
		<item id="1">
			<property name="id">$NUM[1]</property>
			<label>$LOCALIZE[137]</label>
			<label2>Custom shortcut</label2>
			<icon>DefaultShortcut.png</icon>
			<thumb />
			<property name="labelID">script.globalsearch</property>
			<property name="defaultID">script.globalsearch</property>
			<onclick>RunAddOn(script.globalsearch)</onclick>
			<property name="path">RunAddOn(script.globalsearch)</property>
			<property name="list">RunAddOn(script.globalsearch)</property>
			<visible>StringCompare(System.ProfileName,Master user)</visible>
			<property name="submenuVisibility">script-globalsearch</property>
			<property name="group">mainmenu</property>
			<property name="hasSubmenu">False</property>
		</item>
		<item id="2">
			<property name="id">$NUM[2]</property>
			<label>Watchlist</label>
			<label2>Custom shortcut</label2>
			<icon>DefaultShortcut.png</icon>
			<thumb />
			<property name="labelID">watchlist</property>
			<property name="defaultID" />
			<property name="widgetName">Widget Group 7</property>
			<property name="widget">widget7</property>
			<onclick>noop</onclick>
			<property name="path">noop</property>
			<property name="list">noop</property>
			<visible>StringCompare(System.ProfileName,Master user)</visible>
			<property name="submenuVisibility">watchlist</property>
			<property name="group">mainmenu</property>
			<property name="hasSubmenu">False</property>
		</item>
		<item id="3">
			<property name="id">$NUM[3]</property>
			<label>$LOCALIZE[342]</label>
			<label2>Common Shortcut</label2>
			<icon>DefaultMovies.png</icon>
			<thumb />
			<property name="labelID">movies</property>
			<property name="defaultID">movies</property>
			<property name="widgetName">Widget Group 1</property>
			<property name="widget">widget1</property>
			<visible>Library.HasContent(Movies)</visible>
			<onclick>ActivateWindow(Videos,MovieTitles,return)</onclick>
			<property name="path">ActivateWindow(Videos,MovieTitles,return)</property>
			<property name="list">MovieTitles</property>
			<visible>StringCompare(System.ProfileName,Master user)</visible>
			<property name="submenuVisibility">movies</property>
			<property name="group">mainmenu</property>
			<property name="hasSubmenu">True</property>
		</item>
		<item id="4">
			<property name="id">$NUM[4]</property>
			<label>$LOCALIZE[20343]</label>
			<label2>Common Shortcut</label2>
			<icon>DefaultTVShows.png</icon>
			<thumb />
			<property name="labelID">tvshows</property>
			<property name="defaultID">tvshows</property>
			<property name="widgetName">Widget Group 2</property>
			<property name="widget">widget2</property>
			<visible>Library.HasContent(TVShows)</visible>
			<onclick>ActivateWindow(Videos,TVShowTitles,return)</onclick>
			<property name="path">ActivateWindow(Videos,TVShowTitles,return)</property>
			<property name="list">TVShowTitles</property>
			<visible>StringCompare(System.ProfileName,Master user)</visible>
			<property name="submenuVisibility">tvshows</property>
			<property name="group">mainmenu</property>
			<property name="hasSubmenu">True</property>
		</item>
		<item id="5">
			<property name="id">$NUM[5]</property>
			<label>$LOCALIZE[1036]</label>
			<label2>Common Shortcut</label2>
			<icon>DefaultShortcut.png</icon>
			<thumb />
			<property name="labelID">1036</property>
			<property name="defaultID">favourites</property>
			<onclick>ActivateWindow(favourites)</onclick>
			<property name="path">ActivateWindow(favourites)</property>
			<property name="list">favourites</property>
			<visible>StringCompare(System.ProfileName,Master user)</visible>
			<property name="submenuVisibility">num-1036</property>
			<property name="group">mainmenu</property>
			<property name="hasSubmenu">False</property>
		</item>
		<item id="6">
			<property name="id">$NUM[6]</property>
			<label>$LOCALIZE[10006]</label>
			<label2>Common Shortcut</label2>
			<icon>DefaultVideo.png</icon>
			<thumb />
			<property name="labelID">videos</property>
			<property name="defaultID">videos</property>
			<property name="widgetName">Widget Group 3</property>
			<property name="widget">widget3</property>
			<onclick>ActivateWindow(Videos,root)</onclick>
			<property name="path">ActivateWindow(Videos,root)</property>
			<property name="list">root</property>
			<visible>StringCompare(System.ProfileName,Master user)</visible>
			<property name="submenuVisibility">videos</property>
			<property name="group">mainmenu</property>
			<property name="hasSubmenu">True</property>
		</item>
		<item id="7">
			<property name="id">$NUM[7]</property>
			<label>$LOCALIZE[10005]</label>
			<label2>Common Shortcut</label2>
			<icon>DefaultMusicAlbums.png</icon>
			<thumb />
			<property name="labelID">music</property>
			<property name="defaultID">music</property>
			<property name="widgetName">Widget Group 4</property>
			<property name="widget">widget4</property>
			<onclick>ActivateWindow(Music,root)</onclick>
			<property name="path">ActivateWindow(Music,root)</property>
			<property name="list">root</property>
			<visible>StringCompare(System.ProfileName,Master user)</visible>
			<property name="submenuVisibility">music</property>
			<property name="group">mainmenu</property>
			<property name="hasSubmenu">True</property>
		</item>
		<item id="8">
			<property name="id">$NUM[8]</property>
			<label>$LOCALIZE[31101]</label>
			<label2>Custom shortcut</label2>
			<icon>DefaultProgram.png</icon>
			<thumb />
			<property name="labelID">31101</property>
			<property name="defaultID">programs</property>
			<property name="widgetName">Widget Group 5</property>
			<property name="widget">widget5</property>
			<onclick>ActivateWindow(Programs)</onclick>
			<property name="path">ActivateWindow(Programs)</property>
			<property name="list">Programs</property>
			<visible>StringCompare(System.ProfileName,Master user)</visible>
			<property name="submenuVisibility">num-31101</property>
			<property name="group">mainmenu</property>
			<property name="hasSubmenu">False</property>
		</item>
		<item id="9">
			<property name="id">$NUM[9]</property>
			<label>$LOCALIZE[31100]</label>
			<label2>Common Shortcut</label2>
			<icon>DefaultPicture.png</icon>
			<thumb />
			<property name="labelID">31100</property>
			<property name="defaultID">pictures</property>
			<property name="widgetName">Widget Group 6</property>
			<property name="widget">widget6</property>
			<onclick>ActivateWindow(Pictures)</onclick>
			<property name="path">ActivateWindow(Pictures)</property>
			<property name="list">Pictures</property>
			<visible>StringCompare(System.ProfileName,Master user)</visible>
			<property name="submenuVisibility">num-31100</property>
			<property name="group">mainmenu</property>
			<property name="hasSubmenu">True</property>
		</item>
		<item id="10">
			<property name="id">$NUM[10]</property>
			<label>$LOCALIZE[12600]</label>
			<label2>Common Shortcut</label2>
			<icon>DefaultShortcut.png</icon>
			<thumb />
			<property name="labelID">weather</property>
			<property name="defaultID">weather</property>
			<visible>!IsEmpty(Weather.Plugin)</visible>
			<onclick>ActivateWindow(Weather)</onclick>
			<property name="path">ActivateWindow(Weather)</property>
			<property name="list">Weather</property>
			<visible>StringCompare(System.ProfileName,Master user)</visible>
			<property name="submenuVisibility">weather</property>
			<property name="group">mainmenu</property>
			<property name="hasSubmenu">False</property>
		</item>
		<item id="11">
			<property name="id">$NUM[11]</property>
			<label>$LOCALIZE[10004]</label>
			<label2>Common Shortcut</label2>
			<icon>DefaultSettings.png</icon>
			<thumb />
			<property name="labelID">settings</property>
			<property name="defaultID">settings</property>
			<onclick>ActivateWindow(Settings)</onclick>
			<property name="path">ActivateWindow(Settings)</property>
			<property name="list">Settings</property>
			<visible>StringCompare(System.ProfileName,Master user)</visible>
			<property name="submenuVisibility">settings</property>
			<property name="group">mainmenu</property>
			<property name="hasSubmenu">True</property>
		</item>
		<item id="12">
			<property name="id">$NUM[12]</property>
			<label>$LOCALIZE[13012]</label>
			<label2>Kodi Command</label2>
			<icon>DefaultShortcut.png</icon>
			<thumb />
			<property name="labelID">13012</property>
			<property name="defaultID">exit</property>
			<onclick>ActivateWindow(ShutdownMenu)</onclick>
			<property name="path">ActivateWindow(ShutdownMenu)</property>
			<property name="list">ShutdownMenu</property>
			<visible>StringCompare(System.ProfileName,Master user)</visible>
			<property name="submenuVisibility">num-13012</property>
			<property name="group">mainmenu</property>
			<property name="hasSubmenu">False</property>
			<property name="hasSubmenu">True</property>
		</item>
	</include>
	<include />
	<include name="skinshortcuts-submenu">
		<item id="1">
			<property name="id">$NUM[1]</property>
			<label>$LOCALIZE[31167]</label>
			<label2>movie</label2>
			<icon>ftv_icon.png</icon>
			<thumb />
			<property name="labelID">31167</property>
			<property name="defaultID">31167</property>
			<property name="translatedPath">ActivateWindow(Videos,special://skin/extras/video/RecentlyAddedMovies.xsp,return)</property>
			<onclick>ActivateWindow(Videos,special://skin/extras/video/RecentlyAddedMovies.xsp,return)</onclick>
			<property name="path">ActivateWindow(Videos,special://skin/extras/video/RecentlyAddedMovies.xsp,return)</property>
			<property name="list">special://skin/extras/video/RecentlyAddedMovies.xsp</property>
			<visible>[StringCompare(System.ProfileName,Master user)] + StringCompare(Container(9000).ListItem.Property(submenuVisibility),movies)</visible>
			<property name="group">movies</property>
			<property name="isSubmenu">True</property>
		</item>
		<item id="2">
			<property name="id">$NUM[2]</property>
			<label>$LOCALIZE[31169]</label>
			<label2>movie</label2>
			<icon>ftv_icon.png</icon>
			<thumb />
			<property name="labelID">31169</property>
			<property name="defaultID">31169</property>
			<property name="translatedPath">ActivateWindow(Videos,special://skin/extras/video/InProgressMovies.xsp,return)</property>
			<onclick>ActivateWindow(Videos,special://skin/extras/video/InProgressMovies.xsp,return)</onclick>
			<property name="path">ActivateWindow(Videos,special://skin/extras/video/InProgressMovies.xsp,return)</property>
			<property name="list">special://skin/extras/video/InProgressMovies.xsp</property>
			<visible>[StringCompare(System.ProfileName,Master user)] + StringCompare(Container(9000).ListItem.Property(submenuVisibility),movies)</visible>
			<property name="group">movies</property>
			<property name="isSubmenu">True</property>
		</item>
		<item id="3">
			<property name="id">$NUM[3]</property>
			<label>$LOCALIZE[31168]</label>
			<label2>movie</label2>
			<icon>ftv_icon.png</icon>
			<thumb />
			<property name="labelID">31168</property>
			<property name="defaultID">31168</property>
			<property name="translatedPath">ActivateWindow(Videos,special://skin/extras/video/YourMovies.xsp,return)</property>
			<onclick>ActivateWindow(Videos,special://skin/extras/video/YourMovies.xsp,return)</onclick>
			<property name="path">ActivateWindow(Videos,special://skin/extras/video/YourMovies.xsp,return)</property>
			<property name="list">special://skin/extras/video/YourMovies.xsp</property>
			<visible>[StringCompare(System.ProfileName,Master user)] + StringCompare(Container(9000).ListItem.Property(submenuVisibility),movies)</visible>
			<property name="group">movies</property>
			<property name="isSubmenu">True</property>
		</item>
		<item id="4">
			<property name="id">$NUM[4]</property>
			<label>Sets</label>
			<label2>Videos</label2>
			<icon>DefaultShortcut.png</icon>
			<thumb />
			<property name="labelID">sets</property>
			<property name="defaultID" />
			<property name="translatedPath">ActivateWindow(10025,"library://video/movies/sets.xml/",return)</property>
			<onclick>ActivateWindow(10025,"library://video/movies/sets.xml/",return)</onclick>
			<property name="path">ActivateWindow(10025,"library://video/movies/sets.xml/",return)</property>
			<property name="list">library://video/movies/sets.xml/</property>
			<visible>[StringCompare(System.ProfileName,Master user)] + StringCompare(Container(9000).ListItem.Property(submenuVisibility),movies)</visible>
			<property name="group">movies</property>
			<property name="isSubmenu">True</property>
		</item>
		<item id="5">
			<property name="id">$NUM[5]</property>
			<label>Genres</label>
			<label2>Videos</label2>
			<icon>DefaultShortcut.png</icon>
			<thumb />
			<property name="labelID">genres</property>
			<property name="defaultID" />
			<property name="translatedPath">ActivateWindow(10025,"library://video/movies/genres.xml/",return)</property>
			<onclick>ActivateWindow(10025,"library://video/movies/genres.xml/",return)</onclick>
			<property name="path">ActivateWindow(10025,"library://video/movies/genres.xml/",return)</property>
			<property name="list">library://video/movies/genres.xml/</property>
			<visible>[StringCompare(System.ProfileName,Master user)] + StringCompare(Container(9000).ListItem.Property(submenuVisibility),movies)</visible>
			<property name="group">movies</property>
			<property name="isSubmenu">True</property>
		</item>
		<item id="1">
			<property name="id">$NUM[1]</property>
			<label>$LOCALIZE[20387]</label>
			<label2>$ADDON[script.skinshortcuts 32014]</label2>
			<icon>DefaultRecentlyAddedEpisodes.png</icon>
			<thumb />
			<property name="labelID">20387</property>
			<property name="defaultID">20387</property>
			<visible>[Library.HasContent(TVShows)] + StringCompare(Container(9000).ListItem.Property(submenuVisibility),tvshows)</visible>
			<onclick>ActivateWindow(Videos,videodb://recentlyaddedepisodes/,return)</onclick>
			<property name="path">ActivateWindow(Videos,videodb://recentlyaddedepisodes/,return)</property>
			<property name="list">videodb://recentlyaddedepisodes/</property>
			<visible>StringCompare(System.ProfileName,Master user)</visible>
			<property name="group">tvshows</property>
			<property name="isSubmenu">True</property>
		</item>
		<item id="2">
			<property name="id">$NUM[2]</property>
			<label>$LOCALIZE[369]</label>
			<label2>$LOCALIZE[20343]</label2>
			<icon>DefaultShortcut.png</icon>
			<thumb />
			<property name="labelID">369</property>
			<property name="defaultID">369</property>
			<onclick>ActivateWindow(Videos,videodb://tvshows/titles/,return)</onclick>
			<property name="path">ActivateWindow(Videos,videodb://tvshows/titles/,return)</property>
			<property name="list">videodb://tvshows/titles/</property>
			<visible>[StringCompare(System.ProfileName,Master user)] + StringCompare(Container(9000).ListItem.Property(submenuVisibility),tvshows)</visible>
			<property name="group">tvshows</property>
			<property name="isSubmenu">True</property>
		</item>
		<item id="3">
			<property name="id">$NUM[3]</property>
			<label>$LOCALIZE[135]</label>
			<label2>$LOCALIZE[20343]</label2>
			<icon>DefaultShortcut.png</icon>
			<thumb />
			<property name="labelID">135</property>
			<property name="defaultID">135</property>
			<onclick>ActivateWindow(Videos,videodb://tvshows/genres/,return)</onclick>
			<property name="path">ActivateWindow(Videos,videodb://tvshows/genres/,return)</property>
			<property name="list">videodb://tvshows/genres/</property>
			<visible>[StringCompare(System.ProfileName,Master user)] + StringCompare(Container(9000).ListItem.Property(submenuVisibility),tvshows)</visible>
			<property name="group">tvshows</property>
			<property name="isSubmenu">True</property>
		</item>
		<item id="4">
			<property name="id">$NUM[4]</property>
			<label>$LOCALIZE[562]</label>
			<label2>$LOCALIZE[20343]</label2>
			<icon>DefaultShortcut.png</icon>
			<thumb />
			<property name="labelID">562</property>
			<property name="defaultID">562</property>
			<onclick>ActivateWindow(Videos,videodb://tvshows/years/,return)</onclick>
			<property name="path">ActivateWindow(Videos,videodb://tvshows/years/,return)</property>
			<property name="list">videodb://tvshows/years/</property>
			<visible>[StringCompare(System.ProfileName,Master user)] + StringCompare(Container(9000).ListItem.Property(submenuVisibility),tvshows)</visible>
			<property name="group">tvshows</property>
			<property name="isSubmenu">True</property>
		</item>
		<item id="5">
			<property name="id">$NUM[5]</property>
			<label>$LOCALIZE[344]</label>
			<label2>$LOCALIZE[20343]</label2>
			<icon>DefaultActor.png</icon>
			<thumb />
			<property name="labelID">344</property>
			<property name="defaultID">344</property>
			<onclick>ActivateWindow(Videos,videodb://tvshows/actors/,return)</onclick>
			<property name="path">ActivateWindow(Videos,videodb://tvshows/actors/,return)</property>
			<property name="list">videodb://tvshows/actors/</property>
			<visible>[StringCompare(System.ProfileName,Master user)] + StringCompare(Container(9000).ListItem.Property(submenuVisibility),tvshows)</visible>
			<property name="group">tvshows</property>
			<property name="isSubmenu">True</property>
		</item>
		<item id="1">
			<property name="id">$NUM[1]</property>
			<label>$LOCALIZE[20389]</label>
			<label2>$ADDON[script.skinshortcuts 32034]</label2>
			<icon>DefaultMusicVideos.png</icon>
			<thumb />
			<property name="labelID">musicvideos</property>
			<property name="defaultID">musicvideos</property>
			<onclick>ActivateWindow(Videos,videodb://musicvideos/titles/,return)</onclick>
			<property name="path">ActivateWindow(Videos,videodb://musicvideos/titles/,return)</property>
			<property name="list">videodb://musicvideos/titles/</property>
			<visible>[StringCompare(System.ProfileName,Master user)] + StringCompare(Container(9000).ListItem.Property(submenuVisibility),videos)</visible>
			<property name="group">videos</property>
			<property name="isSubmenu">True</property>
		</item>
		<item id="2">
			<property name="id">$NUM[2]</property>
			<label>$LOCALIZE[744]</label>
			<label2>$ADDON[script.skinshortcuts 32014]</label2>
			<icon>DefaultFolder.png</icon>
			<thumb />
			<property name="labelID">744</property>
			<property name="defaultID">744</property>
			<onclick>ActivateWindow(Videos,Files,return)</onclick>
			<property name="path">ActivateWindow(Videos,Files,return)</property>
			<property name="list">Files</property>
			<visible>[StringCompare(System.ProfileName,Master user)] + StringCompare(Container(9000).ListItem.Property(submenuVisibility),videos)</visible>
			<property name="group">videos</property>
			<property name="isSubmenu">True</property>
		</item>
		<item id="3">
			<property name="id">$NUM[3]</property>
			<label>$LOCALIZE[1037]</label>
			<label2>$ADDON[script.skinshortcuts 32014]</label2>
			<icon>DefaultAddonVideo.png</icon>
			<thumb />
			<property name="labelID">1037</property>
			<property name="defaultID">1037</property>
			<onclick>ActivateWindow(Videos,Addons,return)</onclick>
			<property name="path">ActivateWindow(Videos,Addons,return)</property>
			<property name="list">Addons</property>
			<visible>[StringCompare(System.ProfileName,Master user)] + StringCompare(Container(9000).ListItem.Property(submenuVisibility),videos)</visible>
			<property name="group">videos</property>
			<property name="isSubmenu">True</property>
		</item>
		<item id="1">
			<property name="id">$NUM[1]</property>
			<label>$LOCALIZE[744]</label>
			<label2>$ADDON[script.skinshortcuts 32019]</label2>
			<icon>DefaultFolder.png</icon>
			<thumb />
			<property name="labelID">744</property>
			<property name="defaultID">744</property>
			<onclick>ActivateWindow(Music,Files,Return)</onclick>
			<property name="path">ActivateWindow(Music,Files,Return)</property>
			<property name="list">Files</property>
			<visible>[StringCompare(System.ProfileName,Master user)] + StringCompare(Container(9000).ListItem.Property(submenuVisibility),music)</visible>
			<property name="group">music</property>
			<property name="isSubmenu">True</property>
		</item>
		<item id="2">
			<property name="id">$NUM[2]</property>
			<label>$LOCALIZE[15100]</label>
			<label2>$ADDON[script.skinshortcuts 32019]</label2>
			<icon>DefaultFolder.png</icon>
			<thumb />
			<property name="labelID">15100</property>
			<property name="defaultID">15100</property>
			<visible>[Library.HasContent(Music)] + StringCompare(Container(9000).ListItem.Property(submenuVisibility),music)</visible>
			<onclick>ActivateWindow(Music,MusicLibrary,return)</onclick>
			<property name="path">ActivateWindow(Music,MusicLibrary,return)</property>
			<property name="list">MusicLibrary</property>
			<visible>StringCompare(System.ProfileName,Master user)</visible>
			<property name="group">music</property>
			<property name="isSubmenu">True</property>
		</item>
		<item id="3">
			<property name="id">$NUM[3]</property>
			<label>$LOCALIZE[1038]</label>
			<label2>$ADDON[script.skinshortcuts 32019]</label2>
			<icon>DefaultAddonMusic.png</icon>
			<thumb />
			<property name="labelID">1038</property>
			<property name="defaultID">1038</property>
			<onclick>ActivateWindow(Music,Addons,return)</onclick>
			<property name="path">ActivateWindow(Music,Addons,return)</property>
			<property name="list">Addons</property>
			<visible>[StringCompare(System.ProfileName,Master user)] + StringCompare(Container(9000).ListItem.Property(submenuVisibility),music)</visible>
			<property name="group">music</property>
			<property name="isSubmenu">True</property>
		</item>
		<item id="1">
			<property name="id">$NUM[1]</property>
			<label>$LOCALIZE[1039]</label>
			<label2>$ADDON[script.skinshortcuts 32020]</label2>
			<icon>DefaultAddonPicture.png</icon>
			<thumb />
			<property name="labelID">1039</property>
			<property name="defaultID">1039</property>
			<onclick>ActivateWindow(Pictures,Addons,return)</onclick>
			<property name="path">ActivateWindow(Pictures,Addons,return)</property>
			<property name="list">Addons</property>
			<visible>[StringCompare(System.ProfileName,Master user)] + StringCompare(Container(9000).ListItem.Property(submenuVisibility),num-31100)</visible>
			<property name="group">31100</property>
			<property name="isSubmenu">True</property>
		</item>
		<item id="1">
			<property name="id">$NUM[1]</property>
			<label>$LOCALIZE[7]</label>
			<label2>$ADDON[script.skinshortcuts 32034]</label2>
			<icon>DefaultFolder.png</icon>
			<thumb />
			<property name="labelID">7</property>
			<property name="defaultID">7</property>
			<onclick>ActivateWindow(FileManager)</onclick>
			<property name="path">ActivateWindow(FileManager)</property>
			<property name="list">FileManager</property>
			<visible>[StringCompare(System.ProfileName,Master user)] + StringCompare(Container(9000).ListItem.Property(submenuVisibility),settings)</visible>
			<property name="group">settings</property>
			<property name="isSubmenu">True</property>
		</item>
		<item id="2">
			<property name="id">$NUM[2]</property>
			<label>$LOCALIZE[13200]</label>
			<label2>$ADDON[script.skinshortcuts 32034]</label2>
			<icon>DefaultShortcut.png</icon>
			<thumb />
			<property name="labelID">13200</property>
			<property name="defaultID">13200</property>
			<onclick>ActivateWindow(Profiles)</onclick>
			<property name="path">ActivateWindow(Profiles)</property>
			<property name="list">Profiles</property>
			<visible>[StringCompare(System.ProfileName,Master user)] + StringCompare(Container(9000).ListItem.Property(submenuVisibility),settings)</visible>
			<property name="group">settings</property>
			<property name="isSubmenu">True</property>
		</item>
		<item id="3">
			<property name="id">$NUM[3]</property>
			<label>$LOCALIZE[10007]</label>
			<label2>$ADDON[script.skinshortcuts 32034]</label2>
			<icon>DefaultShortcut.png</icon>
			<thumb />
			<property name="labelID">10007</property>
			<property name="defaultID">10007</property>
			<onclick>ActivateWindow(SystemInfo)</onclick>
			<property name="path">ActivateWindow(SystemInfo)</property>
			<property name="list">SystemInfo</property>
			<visible>[StringCompare(System.ProfileName,Master user)] + StringCompare(Container(9000).ListItem.Property(submenuVisibility),settings)</visible>
			<property name="group">settings</property>
			<property name="isSubmenu">True</property>
		</item>
		<item id="4">
			<property name="id">$NUM[4]</property>
			<label>$LOCALIZE[14111]</label>
			<label2>$ADDON[script.skinshortcuts 32034]</label2>
			<icon>DefaultShortcut.png</icon>
			<thumb />
			<property name="labelID">14111</property>
			<property name="defaultID">14111</property>
			<visible>[system.getbool(eventlog.enabled)] + StringCompare(Container(9000).ListItem.Property(submenuVisibility),settings)</visible>
			<onclick>ActivateWindow(EventLog,events://,return)</onclick>
			<property name="path">ActivateWindow(EventLog,events://,return)</property>
			<property name="list">events://</property>
			<visible>StringCompare(System.ProfileName,Master user)</visible>
			<property name="group">settings</property>
			<property name="isSubmenu">True</property>
		</item>
		<item id="1">
			<property name="id">$NUM[1]</property>
			<label>$LOCALIZE[13009]</label>
			<label2>Kodi Command</label2>
			<icon>DefaultQuit.png</icon>
			<thumb />
			<property name="labelID">13009</property>
			<property name="defaultID">13009</property>
			<visible>[System.ShowExitButton] + StringCompare(Container(9000).ListItem.Property(submenuVisibility),shutdown)</visible>
			<onclick condition="true">Close</onclick>
			<onclick>Quit</onclick>
			<property name="path">Quit</property>
			<property name="list">Quit</property>
			<visible>StringCompare(System.ProfileName,Master user)</visible>
			<property name="group">shutdown</property>
			<property name="isSubmenu">True</property>
		</item>
		<item id="2">
			<property name="id">$NUM[2]</property>
			<label>$LOCALIZE[13011]</label>
			<label2>Kodi Command</label2>
			<icon>DefaultSleep.png</icon>
			<thumb />
			<property name="labelID">13011</property>
			<property name="defaultID">13011</property>
			<visible>[System.CanSuspend] + StringCompare(Container(9000).ListItem.Property(submenuVisibility),shutdown)</visible>
			<onclick condition="true">Close</onclick>
			<onclick>Suspend</onclick>
			<property name="path">Suspend</property>
			<property name="list">Suspend</property>
			<visible>StringCompare(System.ProfileName,Master user)</visible>
			<property name="group">shutdown</property>
			<property name="isSubmenu">True</property>
		</item>
		<item id="3">
			<property name="id">$NUM[3]</property>
			<label>$LOCALIZE[13010]</label>
			<label2>Kodi Command</label2>
			<icon>DefaultSleep.png</icon>
			<thumb />
			<property name="labelID">13010</property>
			<property name="defaultID">13010</property>
			<visible>[System.CanHibernate] + StringCompare(Container(9000).ListItem.Property(submenuVisibility),shutdown)</visible>
			<onclick condition="true">Close</onclick>
			<onclick>Hibernate</onclick>
			<property name="path">Hibernate</property>
			<property name="list">Hibernate</property>
			<visible>StringCompare(System.ProfileName,Master user)</visible>
			<property name="group">shutdown</property>
			<property name="isSubmenu">True</property>
		</item>
		<item id="4">
			<property name="id">$NUM[4]</property>
			<label>$LOCALIZE[13013]</label>
			<label2>Kodi Command</label2>
			<icon>DefaultReboot.png</icon>
			<thumb />
			<property name="labelID">13013</property>
			<property name="defaultID">13013</property>
			<onclick condition="true">Close</onclick>
			<onclick>Reboot</onclick>
			<property name="path">Reboot</property>
			<property name="list">Reboot</property>
			<visible>[StringCompare(System.ProfileName,Master user)] + StringCompare(Container(9000).ListItem.Property(submenuVisibility),shutdown)</visible>
			<property name="group">shutdown</property>
			<property name="isSubmenu">True</property>
		</item>
		<item id="5">
			<property name="id">$NUM[5]</property>
			<label>$LOCALIZE[13016]</label>
			<label2>Kodi Command</label2>
			<icon>DefaultShutdown.png</icon>
			<thumb />
			<property name="labelID">13016</property>
			<property name="defaultID">13016</property>
			<visible>[System.CanPowerDown] + StringCompare(Container(9000).ListItem.Property(submenuVisibility),shutdown)</visible>
			<onclick condition="true">Close</onclick>
			<onclick>PowerDown</onclick>
			<property name="path">PowerDown</property>
			<property name="list">PowerDown</property>
			<visible>StringCompare(System.ProfileName,Master user)</visible>
			<property name="group">shutdown</property>
			<property name="isSubmenu">True</property>
		</item>
		<item id="6">
			<property name="id">$NUM[6]</property>
			<label>$LOCALIZE[13005]</label>
			<label2>Kodi Command</label2>
			<icon>DefaultShutdown.png</icon>
			<thumb />
			<property name="labelID">13005</property>
			<property name="defaultID">13005</property>
			<onclick condition="true">Close</onclick>
			<onclick>ShutDown</onclick>
			<property name="path">ShutDown</property>
			<property name="list">ShutDown</property>
			<visible>[StringCompare(System.ProfileName,Master user)] + StringCompare(Container(9000).ListItem.Property(submenuVisibility),shutdown)</visible>
			<property name="group">shutdown</property>
			<property name="isSubmenu">True</property>
		</item>
		<item id="7">
			<property name="id">$NUM[7]</property>
			<label>$LOCALIZE[19026]</label>
			<label2>Kodi Command</label2>
			<icon>DefaultTimer.png</icon>
			<thumb />
			<property name="labelID">19026</property>
			<property name="defaultID">19026</property>
			<onclick condition="true">Close</onclick>
			<onclick>AlarmClock(shutdowntimer,XBMC.Shutdown())</onclick>
			<property name="path">AlarmClock(shutdowntimer,XBMC.Shutdown())</property>
			<property name="list">AlarmClock(shutdowntimer,XBMC.Shutdown())</property>
			<visible>[StringCompare(System.ProfileName,Master user)] + StringCompare(Container(9000).ListItem.Property(submenuVisibility),shutdown)</visible>
			<property name="group">shutdown</property>
			<property name="isSubmenu">True</property>
		</item>
		<item id="8">
			<property name="id">$NUM[8]</property>
			<label>$LOCALIZE[20151]</label>
			<label2>Kodi Command</label2>
			<icon>DefaultQuit.png</icon>
			<thumb />
			<property name="labelID">20151</property>
			<property name="defaultID">20151</property>
			<visible>[System.HasAlarm(shutdowntimer)] + StringCompare(Container(9000).ListItem.Property(submenuVisibility),shutdown)</visible>
			<onclick condition="true">Close</onclick>
			<onclick>CancelAlarm(shutdowntimer)</onclick>
			<property name="path">CancelAlarm(shutdowntimer)</property>
			<property name="list">CancelAlarm(shutdowntimer)</property>
			<visible>StringCompare(System.ProfileName,Master user)</visible>
			<property name="group">shutdown</property>
			<property name="isSubmenu">True</property>
		</item>
		<item id="9">
			<property name="id">$NUM[9]</property>
			<label>$LOCALIZE[360]</label>
			<label2>Kodi Command</label2>
			<icon>DefaultScreensaver.png</icon>
			<thumb />
			<property name="labelID">360</property>
			<property name="defaultID">360</property>
			<onclick condition="true">Close</onclick>
			<onclick>ActivateScreensaver</onclick>
			<property name="path">ActivateScreensaver</property>
			<property name="list">ActivateScreensaver</property>
			<visible>[StringCompare(System.ProfileName,Master user)] + StringCompare(Container(9000).ListItem.Property(submenuVisibility),shutdown)</visible>
			<property name="group">shutdown</property>
			<property name="isSubmenu">True</property>
		</item>
		<item id="10">
			<property name="id">$NUM[10]</property>
			<label>$LOCALIZE[20045]</label>
			<label2>Kodi Command</label2>
			<icon>DefaultMastermode.png</icon>
			<thumb />
			<property name="labelID">20045</property>
			<property name="defaultID">20045</property>
			<visible>[System.HasLocks] + StringCompare(Container(9000).ListItem.Property(submenuVisibility),shutdown)</visible>
			<onclick condition="true">Close</onclick>
			<onclick>Mastermode</onclick>
			<property name="path">Mastermode</property>
			<property name="list">Mastermode</property>
			<visible>StringCompare(System.ProfileName,Master user)</visible>
			<property name="group">shutdown</property>
			<property name="isSubmenu">True</property>
		</item>
		<item id="11">
			<property name="id">$NUM[11]</property>
			<label>$LOCALIZE[20126]</label>
			<label2>Kodi Command</label2>
			<icon>DefaultActor.png</icon>
			<thumb />
			<property name="labelID">20126</property>
			<property name="defaultID">20126</property>
			<visible>[[System.HasLoginScreen | IntegerGreaterThan(System.ProfileCount,1)] + System.Loggedon] + StringCompare(Container(9000).ListItem.Property(submenuVisibility),shutdown)</visible>
			<onclick condition="true">Close</onclick>
			<onclick>System.LogOff</onclick>
			<property name="path">System.LogOff</property>
			<property name="list">System.LogOff</property>
			<visible>StringCompare(System.ProfileName,Master user)</visible>
			<property name="group">shutdown</property>
			<property name="isSubmenu">True</property>
		</item>
		<item id="12">
			<property name="id">$NUM[12]</property>
			<label>$LOCALIZE[10004]</label>
			<label2>Common Shortcut</label2>
			<icon>DefaultSettings.png</icon>
			<thumb />
			<property name="labelID">settings</property>
			<property name="defaultID">settings</property>
			<onclick condition="true">Close</onclick>
			<onclick>ActivateWindow(Settings)</onclick>
			<property name="path">ActivateWindow(Settings)</property>
			<property name="list">Settings</property>
			<visible>[StringCompare(System.ProfileName,Master user)] + StringCompare(Container(9000).ListItem.Property(submenuVisibility),shutdown)</visible>
			<property name="group">shutdown</property>
			<property name="isSubmenu">True</property>
		</item>
	</include>
	<include name="skinshortcuts-group-script-globalsearch" />
	<include name="skinshortcuts-group-alt-script-globalsearch" />
	<include name="skinshortcuts-group-watchlist" />
	<include name="skinshortcuts-group-alt-watchlist" />
	<include name="skinshortcuts-group-movies">
		<item id="1">
			<property name="id">$NUM[1]</property>
			<label>$LOCALIZE[31167]</label>
			<label2>movie</label2>
			<icon>ftv_icon.png</icon>
			<thumb />
			<property name="labelID">31167</property>
			<property name="defaultID">31167</property>
			<property name="translatedPath">ActivateWindow(Videos,special://skin/extras/video/RecentlyAddedMovies.xsp,return)</property>
			<onclick>ActivateWindow(Videos,special://skin/extras/video/RecentlyAddedMovies.xsp,return)</onclick>
			<property name="path">ActivateWindow(Videos,special://skin/extras/video/RecentlyAddedMovies.xsp,return)</property>
			<property name="list">special://skin/extras/video/RecentlyAddedMovies.xsp</property>
			<visible>StringCompare(System.ProfileName,Master user)</visible>
			<property name="group">movies</property>
			<property name="isSubmenu">True</property>
		</item>
		<item id="2">
			<property name="id">$NUM[2]</property>
			<label>$LOCALIZE[31169]</label>
			<label2>movie</label2>
			<icon>ftv_icon.png</icon>
			<thumb />
			<property name="labelID">31169</property>
			<property name="defaultID">31169</property>
			<property name="translatedPath">ActivateWindow(Videos,special://skin/extras/video/InProgressMovies.xsp,return)</property>
			<onclick>ActivateWindow(Videos,special://skin/extras/video/InProgressMovies.xsp,return)</onclick>
			<property name="path">ActivateWindow(Videos,special://skin/extras/video/InProgressMovies.xsp,return)</property>
			<property name="list">special://skin/extras/video/InProgressMovies.xsp</property>
			<visible>StringCompare(System.ProfileName,Master user)</visible>
			<property name="group">movies</property>
			<property name="isSubmenu">True</property>
		</item>
		<item id="3">
			<property name="id">$NUM[3]</property>
			<label>$LOCALIZE[31168]</label>
			<label2>movie</label2>
			<icon>ftv_icon.png</icon>
			<thumb />
			<property name="labelID">31168</property>
			<property name="defaultID">31168</property>
			<property name="translatedPath">ActivateWindow(Videos,special://skin/extras/video/YourMovies.xsp,return)</property>
			<onclick>ActivateWindow(Videos,special://skin/extras/video/YourMovies.xsp,return)</onclick>
			<property name="path">ActivateWindow(Videos,special://skin/extras/video/YourMovies.xsp,return)</property>
			<property name="list">special://skin/extras/video/YourMovies.xsp</property>
			<visible>StringCompare(System.ProfileName,Master user)</visible>
			<property name="group">movies</property>
			<property name="isSubmenu">True</property>
		</item>
		<item id="4">
			<property name="id">$NUM[4]</property>
			<label>Sets</label>
			<label2>Videos</label2>
			<icon>DefaultShortcut.png</icon>
			<thumb />
			<property name="labelID">sets</property>
			<property name="defaultID" />
			<property name="translatedPath">ActivateWindow(10025,"library://video/movies/sets.xml/",return)</property>
			<onclick>ActivateWindow(10025,"library://video/movies/sets.xml/",return)</onclick>
			<property name="path">ActivateWindow(10025,"library://video/movies/sets.xml/",return)</property>
			<property name="list">library://video/movies/sets.xml/</property>
			<visible>StringCompare(System.ProfileName,Master user)</visible>
			<property name="group">movies</property>
			<property name="isSubmenu">True</property>
		</item>
		<item id="5">
			<property name="id">$NUM[5]</property>
			<label>Genres</label>
			<label2>Videos</label2>
			<icon>DefaultShortcut.png</icon>
			<thumb />
			<property name="labelID">genres</property>
			<property name="defaultID" />
			<property name="translatedPath">ActivateWindow(10025,"library://video/movies/genres.xml/",return)</property>
			<onclick>ActivateWindow(10025,"library://video/movies/genres.xml/",return)</onclick>
			<property name="path">ActivateWindow(10025,"library://video/movies/genres.xml/",return)</property>
			<property name="list">library://video/movies/genres.xml/</property>
			<visible>StringCompare(System.ProfileName,Master user)</visible>
			<property name="group">movies</property>
			<property name="isSubmenu">True</property>
		</item>
	</include>
	<include name="skinshortcuts-group-alt-movies">
		<item id="1">
			<property name="id">$NUM[1]</property>
			<label>$LOCALIZE[31167]</label>
			<label2>movie</label2>
			<icon>ftv_icon.png</icon>
			<thumb />
			<property name="labelID">31167</property>
			<property name="defaultID">31167</property>
			<property name="translatedPath">ActivateWindow(Videos,special://skin/extras/video/RecentlyAddedMovies.xsp,return)</property>
			<onclick>ActivateWindow(Videos,special://skin/extras/video/RecentlyAddedMovies.xsp,return)</onclick>
			<property name="path">ActivateWindow(Videos,special://skin/extras/video/RecentlyAddedMovies.xsp,return)</property>
			<property name="list">special://skin/extras/video/RecentlyAddedMovies.xsp</property>
			<visible>[StringCompare(System.ProfileName,Master user)] + StringCompare(Window(10000).Property(submenuVisibility),movies)</visible>
			<property name="group">movies</property>
			<property name="isSubmenu">True</property>
		</item>
		<item id="2">
			<property name="id">$NUM[2]</property>
			<label>$LOCALIZE[31169]</label>
			<label2>movie</label2>
			<icon>ftv_icon.png</icon>
			<thumb />
			<property name="labelID">31169</property>
			<property name="defaultID">31169</property>
			<property name="translatedPath">ActivateWindow(Videos,special://skin/extras/video/InProgressMovies.xsp,return)</property>
			<onclick>ActivateWindow(Videos,special://skin/extras/video/InProgressMovies.xsp,return)</onclick>
			<property name="path">ActivateWindow(Videos,special://skin/extras/video/InProgressMovies.xsp,return)</property>
			<property name="list">special://skin/extras/video/InProgressMovies.xsp</property>
			<visible>[StringCompare(System.ProfileName,Master user)] + StringCompare(Window(10000).Property(submenuVisibility),movies)</visible>
			<property name="group">movies</property>
			<property name="isSubmenu">True</property>
		</item>
		<item id="3">
			<property name="id">$NUM[3]</property>
			<label>$LOCALIZE[31168]</label>
			<label2>movie</label2>
			<icon>ftv_icon.png</icon>
			<thumb />
			<property name="labelID">31168</property>
			<property name="defaultID">31168</property>
			<property name="translatedPath">ActivateWindow(Videos,special://skin/extras/video/YourMovies.xsp,return)</property>
			<onclick>ActivateWindow(Videos,special://skin/extras/video/YourMovies.xsp,return)</onclick>
			<property name="path">ActivateWindow(Videos,special://skin/extras/video/YourMovies.xsp,return)</property>
			<property name="list">special://skin/extras/video/YourMovies.xsp</property>
			<visible>[StringCompare(System.ProfileName,Master user)] + StringCompare(Window(10000).Property(submenuVisibility),movies)</visible>
			<property name="group">movies</property>
			<property name="isSubmenu">True</property>
		</item>
		<item id="4">
			<property name="id">$NUM[4]</property>
			<label>Sets</label>
			<label2>Videos</label2>
			<icon>DefaultShortcut.png</icon>
			<thumb />
			<property name="labelID">sets</property>
			<property name="defaultID" />
			<property name="translatedPath">ActivateWindow(10025,"library://video/movies/sets.xml/",return)</property>
			<onclick>ActivateWindow(10025,"library://video/movies/sets.xml/",return)</onclick>
			<property name="path">ActivateWindow(10025,"library://video/movies/sets.xml/",return)</property>
			<property name="list">library://video/movies/sets.xml/</property>
			<visible>[StringCompare(System.ProfileName,Master user)] + StringCompare(Window(10000).Property(submenuVisibility),movies)</visible>
			<property name="group">movies</property>
			<property name="isSubmenu">True</property>
		</item>
		<item id="5">
			<property name="id">$NUM[5]</property>
			<label>Genres</label>
			<label2>Videos</label2>
			<icon>DefaultShortcut.png</icon>
			<thumb />
			<property name="labelID">genres</property>
			<property name="defaultID" />
			<property name="translatedPath">ActivateWindow(10025,"library://video/movies/genres.xml/",return)</property>
			<onclick>ActivateWindow(10025,"library://video/movies/genres.xml/",return)</onclick>
			<property name="path">ActivateWindow(10025,"library://video/movies/genres.xml/",return)</property>
			<property name="list">library://video/movies/genres.xml/</property>
			<visible>[StringCompare(System.ProfileName,Master user)] + StringCompare(Window(10000).Property(submenuVisibility),movies)</visible>
			<property name="group">movies</property>
			<property name="isSubmenu">True</property>
		</item>
	</include>
	<include name="skinshortcuts-group-tvshows">
		<item id="1">
			<property name="id">$NUM[1]</property>
			<label>$LOCALIZE[20387]</label>
			<label2>$ADDON[script.skinshortcuts 32014]</label2>
			<icon>DefaultRecentlyAddedEpisodes.png</icon>
			<thumb />
			<property name="labelID">20387</property>
			<property name="defaultID">20387</property>
			<visible>Library.HasContent(TVShows)</visible>
			<onclick>ActivateWindow(Videos,videodb://recentlyaddedepisodes/,return)</onclick>
			<property name="path">ActivateWindow(Videos,videodb://recentlyaddedepisodes/,return)</property>
			<property name="list">videodb://recentlyaddedepisodes/</property>
			<visible>StringCompare(System.ProfileName,Master user)</visible>
			<property name="group">tvshows</property>
			<property name="isSubmenu">True</property>
		</item>
		<item id="2">
			<property name="id">$NUM[2]</property>
			<label>$LOCALIZE[369]</label>
			<label2>$LOCALIZE[20343]</label2>
			<icon>DefaultShortcut.png</icon>
			<thumb />
			<property name="labelID">369</property>
			<property name="defaultID">369</property>
			<onclick>ActivateWindow(Videos,videodb://tvshows/titles/,return)</onclick>
			<property name="path">ActivateWindow(Videos,videodb://tvshows/titles/,return)</property>
			<property name="list">videodb://tvshows/titles/</property>
			<visible>StringCompare(System.ProfileName,Master user)</visible>
			<property name="group">tvshows</property>
			<property name="isSubmenu">True</property>
		</item>
		<item id="3">
			<property name="id">$NUM[3]</property>
			<label>$LOCALIZE[135]</label>
			<label2>$LOCALIZE[20343]</label2>
			<icon>DefaultShortcut.png</icon>
			<thumb />
			<property name="labelID">135</property>
			<property name="defaultID">135</property>
			<onclick>ActivateWindow(Videos,videodb://tvshows/genres/,return)</onclick>
			<property name="path">ActivateWindow(Videos,videodb://tvshows/genres/,return)</property>
			<property name="list">videodb://tvshows/genres/</property>
			<visible>StringCompare(System.ProfileName,Master user)</visible>
			<property name="group">tvshows</property>
			<property name="isSubmenu">True</property>
		</item>
		<item id="4">
			<property name="id">$NUM[4]</property>
			<label>$LOCALIZE[562]</label>
			<label2>$LOCALIZE[20343]</label2>
			<icon>DefaultShortcut.png</icon>
			<thumb />
			<property name="labelID">562</property>
			<property name="defaultID">562</property>
			<onclick>ActivateWindow(Videos,videodb://tvshows/years/,return)</onclick>
			<property name="path">ActivateWindow(Videos,videodb://tvshows/years/,return)</property>
			<property name="list">videodb://tvshows/years/</property>
			<visible>StringCompare(System.ProfileName,Master user)</visible>
			<property name="group">tvshows</property>
			<property name="isSubmenu">True</property>
		</item>
		<item id="5">
			<property name="id">$NUM[5]</property>
			<label>$LOCALIZE[344]</label>
			<label2>$LOCALIZE[20343]</label2>
			<icon>DefaultActor.png</icon>
			<thumb />
			<property name="labelID">344</property>
			<property name="defaultID">344</property>
			<onclick>ActivateWindow(Videos,videodb://tvshows/actors/,return)</onclick>
			<property name="path">ActivateWindow(Videos,videodb://tvshows/actors/,return)</property>
			<property name="list">videodb://tvshows/actors/</property>
			<visible>StringCompare(System.ProfileName,Master user)</visible>
			<property name="group">tvshows</property>
			<property name="isSubmenu">True</property>
		</item>
	</include>
	<include name="skinshortcuts-group-alt-tvshows">
		<item id="1">
			<property name="id">$NUM[1]</property>
			<label>$LOCALIZE[20387]</label>
			<label2>$ADDON[script.skinshortcuts 32014]</label2>
			<icon>DefaultRecentlyAddedEpisodes.png</icon>
			<thumb />
			<property name="labelID">20387</property>
			<property name="defaultID">20387</property>
			<visible>[Library.HasContent(TVShows)] + StringCompare(Window(10000).Property(submenuVisibility),tvshows)</visible>
			<onclick>ActivateWindow(Videos,videodb://recentlyaddedepisodes/,return)</onclick>
			<property name="path">ActivateWindow(Videos,videodb://recentlyaddedepisodes/,return)</property>
			<property name="list">videodb://recentlyaddedepisodes/</property>
			<visible>StringCompare(System.ProfileName,Master user)</visible>
			<property name="group">tvshows</property>
			<property name="isSubmenu">True</property>
		</item>
		<item id="2">
			<property name="id">$NUM[2]</property>
			<label>$LOCALIZE[369]</label>
			<label2>$LOCALIZE[20343]</label2>
			<icon>DefaultShortcut.png</icon>
			<thumb />
			<property name="labelID">369</property>
			<property name="defaultID">369</property>
			<onclick>ActivateWindow(Videos,videodb://tvshows/titles/,return)</onclick>
			<property name="path">ActivateWindow(Videos,videodb://tvshows/titles/,return)</property>
			<property name="list">videodb://tvshows/titles/</property>
			<visible>[StringCompare(System.ProfileName,Master user)] + StringCompare(Window(10000).Property(submenuVisibility),tvshows)</visible>
			<property name="group">tvshows</property>
			<property name="isSubmenu">True</property>
		</item>
		<item id="3">
			<property name="id">$NUM[3]</property>
			<label>$LOCALIZE[135]</label>
			<label2>$LOCALIZE[20343]</label2>
			<icon>DefaultShortcut.png</icon>
			<thumb />
			<property name="labelID">135</property>
			<property name="defaultID">135</property>
			<onclick>ActivateWindow(Videos,videodb://tvshows/genres/,return)</onclick>
			<property name="path">ActivateWindow(Videos,videodb://tvshows/genres/,return)</property>
			<property name="list">videodb://tvshows/genres/</property>
			<visible>[StringCompare(System.ProfileName,Master user)] + StringCompare(Window(10000).Property(submenuVisibility),tvshows)</visible>
			<property name="group">tvshows</property>
			<property name="isSubmenu">True</property>
		</item>
		<item id="4">
			<property name="id">$NUM[4]</property>
			<label>$LOCALIZE[562]</label>
			<label2>$LOCALIZE[20343]</label2>
			<icon>DefaultShortcut.png</icon>
			<thumb />
			<property name="labelID">562</property>
			<property name="defaultID">562</property>
			<onclick>ActivateWindow(Videos,videodb://tvshows/years/,return)</onclick>
			<property name="path">ActivateWindow(Videos,videodb://tvshows/years/,return)</property>
			<property name="list">videodb://tvshows/years/</property>
			<visible>[StringCompare(System.ProfileName,Master user)] + StringCompare(Window(10000).Property(submenuVisibility),tvshows)</visible>
			<property name="group">tvshows</property>
			<property name="isSubmenu">True</property>
		</item>
		<item id="5">
			<property name="id">$NUM[5]</property>
			<label>$LOCALIZE[344]</label>
			<label2>$LOCALIZE[20343]</label2>
			<icon>DefaultActor.png</icon>
			<thumb />
			<property name="labelID">344</property>
			<property name="defaultID">344</property>
			<onclick>ActivateWindow(Videos,videodb://tvshows/actors/,return)</onclick>
			<property name="path">ActivateWindow(Videos,videodb://tvshows/actors/,return)</property>
			<property name="list">videodb://tvshows/actors/</property>
			<visible>[StringCompare(System.ProfileName,Master user)] + StringCompare(Window(10000).Property(submenuVisibility),tvshows)</visible>
			<property name="group">tvshows</property>
			<property name="isSubmenu">True</property>
		</item>
	</include>
	<include name="skinshortcuts-group-1036" />
	<include name="skinshortcuts-group-alt-1036" />
	<include name="skinshortcuts-group-videos">
		<item id="1">
			<property name="id">$NUM[1]</property>
			<label>$LOCALIZE[20389]</label>
			<label2>$ADDON[script.skinshortcuts 32034]</label2>
			<icon>DefaultMusicVideos.png</icon>
			<thumb />
			<property name="labelID">musicvideos</property>
			<property name="defaultID">musicvideos</property>
			<onclick>ActivateWindow(Videos,videodb://musicvideos/titles/,return)</onclick>
			<property name="path">ActivateWindow(Videos,videodb://musicvideos/titles/,return)</property>
			<property name="list">videodb://musicvideos/titles/</property>
			<visible>StringCompare(System.ProfileName,Master user)</visible>
			<property name="group">videos</property>
			<property name="isSubmenu">True</property>
		</item>
		<item id="2">
			<property name="id">$NUM[2]</property>
			<label>$LOCALIZE[744]</label>
			<label2>$ADDON[script.skinshortcuts 32014]</label2>
			<icon>DefaultFolder.png</icon>
			<thumb />
			<property name="labelID">744</property>
			<property name="defaultID">744</property>
			<onclick>ActivateWindow(Videos,Files,return)</onclick>
			<property name="path">ActivateWindow(Videos,Files,return)</property>
			<property name="list">Files</property>
			<visible>StringCompare(System.ProfileName,Master user)</visible>
			<property name="group">videos</property>
			<property name="isSubmenu">True</property>
		</item>
		<item id="3">
			<property name="id">$NUM[3]</property>
			<label>$LOCALIZE[1037]</label>
			<label2>$ADDON[script.skinshortcuts 32014]</label2>
			<icon>DefaultAddonVideo.png</icon>
			<thumb />
			<property name="labelID">1037</property>
			<property name="defaultID">1037</property>
			<onclick>ActivateWindow(Videos,Addons,return)</onclick>
			<property name="path">ActivateWindow(Videos,Addons,return)</property>
			<property name="list">Addons</property>
			<visible>StringCompare(System.ProfileName,Master user)</visible>
			<property name="group">videos</property>
			<property name="isSubmenu">True</property>
		</item>
	</include>
	<include name="skinshortcuts-group-alt-videos">
		<item id="1">
			<property name="id">$NUM[1]</property>
			<label>$LOCALIZE[20389]</label>
			<label2>$ADDON[script.skinshortcuts 32034]</label2>
			<icon>DefaultMusicVideos.png</icon>
			<thumb />
			<property name="labelID">musicvideos</property>
			<property name="defaultID">musicvideos</property>
			<onclick>ActivateWindow(Videos,videodb://musicvideos/titles/,return)</onclick>
			<property name="path">ActivateWindow(Videos,videodb://musicvideos/titles/,return)</property>
			<property name="list">videodb://musicvideos/titles/</property>
			<visible>[StringCompare(System.ProfileName,Master user)] + StringCompare(Window(10000).Property(submenuVisibility),videos)</visible>
			<property name="group">videos</property>
			<property name="isSubmenu">True</property>
		</item>
		<item id="2">
			<property name="id">$NUM[2]</property>
			<label>$LOCALIZE[744]</label>
			<label2>$ADDON[script.skinshortcuts 32014]</label2>
			<icon>DefaultFolder.png</icon>
			<thumb />
			<property name="labelID">744</property>
			<property name="defaultID">744</property>
			<onclick>ActivateWindow(Videos,Files,return)</onclick>
			<property name="path">ActivateWindow(Videos,Files,return)</property>
			<property name="list">Files</property>
			<visible>[StringCompare(System.ProfileName,Master user)] + StringCompare(Window(10000).Property(submenuVisibility),videos)</visible>
			<property name="group">videos</property>
			<property name="isSubmenu">True</property>
		</item>
		<item id="3">
			<property name="id">$NUM[3]</property>
			<label>$LOCALIZE[1037]</label>
			<label2>$ADDON[script.skinshortcuts 32014]</label2>
			<icon>DefaultAddonVideo.png</icon>
			<thumb />
			<property name="labelID">1037</property>
			<property name="defaultID">1037</property>
			<onclick>ActivateWindow(Videos,Addons,return)</onclick>
			<property name="path">ActivateWindow(Videos,Addons,return)</property>
			<property name="list">Addons</property>
			<visible>[StringCompare(System.ProfileName,Master user)] + StringCompare(Window(10000).Property(submenuVisibility),videos)</visible>
			<property name="group">videos</property>
			<property name="isSubmenu">True</property>
		</item>
	</include>
	<include name="skinshortcuts-group-music">
		<item id="1">
			<property name="id">$NUM[1]</property>
			<label>$LOCALIZE[744]</label>
			<label2>$ADDON[script.skinshortcuts 32019]</label2>
			<icon>DefaultFolder.png</icon>
			<thumb />
			<property name="labelID">744</property>
			<property name="defaultID">744</property>
			<onclick>ActivateWindow(Music,Files,Return)</onclick>
			<property name="path">ActivateWindow(Music,Files,Return)</property>
			<property name="list">Files</property>
			<visible>StringCompare(System.ProfileName,Master user)</visible>
			<property name="group">music</property>
			<property name="isSubmenu">True</property>
		</item>
		<item id="2">
			<property name="id">$NUM[2]</property>
			<label>$LOCALIZE[15100]</label>
			<label2>$ADDON[script.skinshortcuts 32019]</label2>
			<icon>DefaultFolder.png</icon>
			<thumb />
			<property name="labelID">15100</property>
			<property name="defaultID">15100</property>
			<visible>Library.HasContent(Music)</visible>
			<onclick>ActivateWindow(Music,MusicLibrary,return)</onclick>
			<property name="path">ActivateWindow(Music,MusicLibrary,return)</property>
			<property name="list">MusicLibrary</property>
			<visible>StringCompare(System.ProfileName,Master user)</visible>
			<property name="group">music</property>
			<property name="isSubmenu">True</property>
		</item>
		<item id="3">
			<property name="id">$NUM[3]</property>
			<label>$LOCALIZE[1038]</label>
			<label2>$ADDON[script.skinshortcuts 32019]</label2>
			<icon>DefaultAddonMusic.png</icon>
			<thumb />
			<property name="labelID">1038</property>
			<property name="defaultID">1038</property>
			<onclick>ActivateWindow(Music,Addons,return)</onclick>
			<property name="path">ActivateWindow(Music,Addons,return)</property>
			<property name="list">Addons</property>
			<visible>StringCompare(System.ProfileName,Master user)</visible>
			<property name="group">music</property>
			<property name="isSubmenu">True</property>
		</item>
	</include>
	<include name="skinshortcuts-group-alt-music">
		<item id="1">
			<property name="id">$NUM[1]</property>
			<label>$LOCALIZE[744]</label>
			<label2>$ADDON[script.skinshortcuts 32019]</label2>
			<icon>DefaultFolder.png</icon>
			<thumb />
			<property name="labelID">744</property>
			<property name="defaultID">744</property>
			<onclick>ActivateWindow(Music,Files,Return)</onclick>
			<property name="path">ActivateWindow(Music,Files,Return)</property>
			<property name="list">Files</property>
			<visible>[StringCompare(System.ProfileName,Master user)] + StringCompare(Window(10000).Property(submenuVisibility),music)</visible>
			<property name="group">music</property>
			<property name="isSubmenu">True</property>
		</item>
		<item id="2">
			<property name="id">$NUM[2]</property>
			<label>$LOCALIZE[15100]</label>
			<label2>$ADDON[script.skinshortcuts 32019]</label2>
			<icon>DefaultFolder.png</icon>
			<thumb />
			<property name="labelID">15100</property>
			<property name="defaultID">15100</property>
			<visible>[Library.HasContent(Music)] + StringCompare(Window(10000).Property(submenuVisibility),music)</visible>
			<onclick>ActivateWindow(Music,MusicLibrary,return)</onclick>
			<property name="path">ActivateWindow(Music,MusicLibrary,return)</property>
			<property name="list">MusicLibrary</property>
			<visible>StringCompare(System.ProfileName,Master user)</visible>
			<property name="group">music</property>
			<property name="isSubmenu">True</property>
		</item>
		<item id="3">
			<property name="id">$NUM[3]</property>
			<label>$LOCALIZE[1038]</label>
			<label2>$ADDON[script.skinshortcuts 32019]</label2>
			<icon>DefaultAddonMusic.png</icon>
			<thumb />
			<property name="labelID">1038</property>
			<property name="defaultID">1038</property>
			<onclick>ActivateWindow(Music,Addons,return)</onclick>
			<property name="path">ActivateWindow(Music,Addons,return)</property>
			<property name="list">Addons</property>
			<visible>[StringCompare(System.ProfileName,Master user)] + StringCompare(Window(10000).Property(submenuVisibility),music)</visible>
			<property name="group">music</property>
			<property name="isSubmenu">True</property>
		</item>
	</include>
	<include name="skinshortcuts-group-31101" />
	<include name="skinshortcuts-group-alt-31101" />
	<include name="skinshortcuts-group-31100">
		<item id="1">
			<property name="id">$NUM[1]</property>
			<label>$LOCALIZE[1039]</label>
			<label2>$ADDON[script.skinshortcuts 32020]</label2>
			<icon>DefaultAddonPicture.png</icon>
			<thumb />
			<property name="labelID">1039</property>
			<property name="defaultID">1039</property>
			<onclick>ActivateWindow(Pictures,Addons,return)</onclick>
			<property name="path">ActivateWindow(Pictures,Addons,return)</property>
			<property name="list">Addons</property>
			<visible>StringCompare(System.ProfileName,Master user)</visible>
			<property name="group">31100</property>
			<property name="isSubmenu">True</property>
		</item>
	</include>
	<include name="skinshortcuts-group-alt-31100">
		<item id="1">
			<property name="id">$NUM[1]</property>
			<label>$LOCALIZE[1039]</label>
			<label2>$ADDON[script.skinshortcuts 32020]</label2>
			<icon>DefaultAddonPicture.png</icon>
			<thumb />
			<property name="labelID">1039</property>
			<property name="defaultID">1039</property>
			<onclick>ActivateWindow(Pictures,Addons,return)</onclick>
			<property name="path">ActivateWindow(Pictures,Addons,return)</property>
			<property name="list">Addons</property>
			<visible>[StringCompare(System.ProfileName,Master user)] + StringCompare(Window(10000).Property(submenuVisibility),num-31100)</visible>
			<property name="group">31100</property>
			<property name="isSubmenu">True</property>
		</item>
	</include>
	<include name="skinshortcuts-group-weather" />
	<include name="skinshortcuts-group-alt-weather" />
	<include name="skinshortcuts-group-settings">
		<item id="1">
			<property name="id">$NUM[1]</property>
			<label>$LOCALIZE[7]</label>
			<label2>$ADDON[script.skinshortcuts 32034]</label2>
			<icon>DefaultFolder.png</icon>
			<thumb />
			<property name="labelID">7</property>
			<property name="defaultID">7</property>
			<onclick>ActivateWindow(FileManager)</onclick>
			<property name="path">ActivateWindow(FileManager)</property>
			<property name="list">FileManager</property>
			<visible>StringCompare(System.ProfileName,Master user)</visible>
			<property name="group">settings</property>
			<property name="isSubmenu">True</property>
		</item>
		<item id="2">
			<property name="id">$NUM[2]</property>
			<label>$LOCALIZE[13200]</label>
			<label2>$ADDON[script.skinshortcuts 32034]</label2>
			<icon>DefaultShortcut.png</icon>
			<thumb />
			<property name="labelID">13200</property>
			<property name="defaultID">13200</property>
			<onclick>ActivateWindow(Profiles)</onclick>
			<property name="path">ActivateWindow(Profiles)</property>
			<property name="list">Profiles</property>
			<visible>StringCompare(System.ProfileName,Master user)</visible>
			<property name="group">settings</property>
			<property name="isSubmenu">True</property>
		</item>
		<item id="3">
			<property name="id">$NUM[3]</property>
			<label>$LOCALIZE[10007]</label>
			<label2>$ADDON[script.skinshortcuts 32034]</label2>
			<icon>DefaultShortcut.png</icon>
			<thumb />
			<property name="labelID">10007</property>
			<property name="defaultID">10007</property>
			<onclick>ActivateWindow(SystemInfo)</onclick>
			<property name="path">ActivateWindow(SystemInfo)</property>
			<property name="list">SystemInfo</property>
			<visible>StringCompare(System.ProfileName,Master user)</visible>
			<property name="group">settings</property>
			<property name="isSubmenu">True</property>
		</item>
		<item id="4">
			<property name="id">$NUM[4]</property>
			<label>$LOCALIZE[14111]</label>
			<label2>$ADDON[script.skinshortcuts 32034]</label2>
			<icon>DefaultShortcut.png</icon>
			<thumb />
			<property name="labelID">14111</property>
			<property name="defaultID">14111</property>
			<visible>system.getbool(eventlog.enabled)</visible>
			<onclick>ActivateWindow(EventLog,events://,return)</onclick>
			<property name="path">ActivateWindow(EventLog,events://,return)</property>
			<property name="list">events://</property>
			<visible>StringCompare(System.ProfileName,Master user)</visible>
			<property name="group">settings</property>
			<property name="isSubmenu">True</property>
		</item>
	</include>
	<include name="skinshortcuts-group-alt-settings">
		<item id="1">
			<property name="id">$NUM[1]</property>
			<label>$LOCALIZE[7]</label>
			<label2>$ADDON[script.skinshortcuts 32034]</label2>
			<icon>DefaultFolder.png</icon>
			<thumb />
			<property name="labelID">7</property>
			<property name="defaultID">7</property>
			<onclick>ActivateWindow(FileManager)</onclick>
			<property name="path">ActivateWindow(FileManager)</property>
			<property name="list">FileManager</property>
			<visible>[StringCompare(System.ProfileName,Master user)] + StringCompare(Window(10000).Property(submenuVisibility),settings)</visible>
			<property name="group">settings</property>
			<property name="isSubmenu">True</property>
		</item>
		<item id="2">
			<property name="id">$NUM[2]</property>
			<label>$LOCALIZE[13200]</label>
			<label2>$ADDON[script.skinshortcuts 32034]</label2>
			<icon>DefaultShortcut.png</icon>
			<thumb />
			<property name="labelID">13200</property>
			<property name="defaultID">13200</property>
			<onclick>ActivateWindow(Profiles)</onclick>
			<property name="path">ActivateWindow(Profiles)</property>
			<property name="list">Profiles</property>
			<visible>[StringCompare(System.ProfileName,Master user)] + StringCompare(Window(10000).Property(submenuVisibility),settings)</visible>
			<property name="group">settings</property>
			<property name="isSubmenu">True</property>
		</item>
		<item id="3">
			<property name="id">$NUM[3]</property>
			<label>$LOCALIZE[10007]</label>
			<label2>$ADDON[script.skinshortcuts 32034]</label2>
			<icon>DefaultShortcut.png</icon>
			<thumb />
			<property name="labelID">10007</property>
			<property name="defaultID">10007</property>
			<onclick>ActivateWindow(SystemInfo)</onclick>
			<property name="path">ActivateWindow(SystemInfo)</property>
			<property name="list">SystemInfo</property>
			<visible>[StringCompare(System.ProfileName,Master user)] + StringCompare(Window(10000).Property(submenuVisibility),settings)</visible>
			<property name="group">settings</property>
			<property name="isSubmenu">True</property>
		</item>
		<item id="4">
			<property name="id">$NUM[4]</property>
			<label>$LOCALIZE[14111]</label>
			<label2>$ADDON[script.skinshortcuts 32034]</label2>
			<icon>DefaultShortcut.png</icon>
			<thumb />
			<property name="labelID">14111</property>
			<property name="defaultID">14111</property>
			<visible>[system.getbool(eventlog.enabled)] + StringCompare(Window(10000).Property(submenuVisibility),settings)</visible>
			<onclick>ActivateWindow(EventLog,events://,return)</onclick>
			<property name="path">ActivateWindow(EventLog,events://,return)</property>
			<property name="list">events://</property>
			<visible>StringCompare(System.ProfileName,Master user)</visible>
			<property name="group">settings</property>
			<property name="isSubmenu">True</property>
		</item>
	</include>
	<include name="skinshortcuts-group-13012" />
	<include name="skinshortcuts-group-alt-13012" />
	<include name="skinshortcuts-group-shutdown">
		<item id="1">
			<property name="id">$NUM[1]</property>
			<label>$LOCALIZE[13009]</label>
			<label2>Kodi Command</label2>
			<icon>DefaultQuit.png</icon>
			<thumb />
			<property name="labelID">13009</property>
			<property name="defaultID">13009</property>
			<visible>System.ShowExitButton</visible>
			<onclick condition="true">Close</onclick>
			<onclick>Quit</onclick>
			<property name="path">Quit</property>
			<property name="list">Quit</property>
			<visible>StringCompare(System.ProfileName,Master user)</visible>
			<property name="group">shutdown</property>
			<property name="isSubmenu">True</property>
		</item>
		<item id="2">
			<property name="id">$NUM[2]</property>
			<label>$LOCALIZE[13011]</label>
			<label2>Kodi Command</label2>
			<icon>DefaultSleep.png</icon>
			<thumb />
			<property name="labelID">13011</property>
			<property name="defaultID">13011</property>
			<visible>System.CanSuspend</visible>
			<onclick condition="true">Close</onclick>
			<onclick>Suspend</onclick>
			<property name="path">Suspend</property>
			<property name="list">Suspend</property>
			<visible>StringCompare(System.ProfileName,Master user)</visible>
			<property name="group">shutdown</property>
			<property name="isSubmenu">True</property>
		</item>
		<item id="3">
			<property name="id">$NUM[3]</property>
			<label>$LOCALIZE[13010]</label>
			<label2>Kodi Command</label2>
			<icon>DefaultSleep.png</icon>
			<thumb />
			<property name="labelID">13010</property>
			<property name="defaultID">13010</property>
			<visible>System.CanHibernate</visible>
			<onclick condition="true">Close</onclick>
			<onclick>Hibernate</onclick>
			<property name="path">Hibernate</property>
			<property name="list">Hibernate</property>
			<visible>StringCompare(System.ProfileName,Master user)</visible>
			<property name="group">shutdown</property>
			<property name="isSubmenu">True</property>
		</item>
		<item id="4">
			<property name="id">$NUM[4]</property>
			<label>$LOCALIZE[13013]</label>
			<label2>Kodi Command</label2>
			<icon>DefaultReboot.png</icon>
			<thumb />
			<property name="labelID">13013</property>
			<property name="defaultID">13013</property>
			<onclick condition="true">Close</onclick>
			<onclick>Reboot</onclick>
			<property name="path">Reboot</property>
			<property name="list">Reboot</property>
			<visible>StringCompare(System.ProfileName,Master user)</visible>
			<property name="group">shutdown</property>
			<property name="isSubmenu">True</property>
		</item>
		<item id="5">
			<property name="id">$NUM[5]</property>
			<label>$LOCALIZE[13016]</label>
			<label2>Kodi Command</label2>
			<icon>DefaultShutdown.png</icon>
			<thumb />
			<property name="labelID">13016</property>
			<property name="defaultID">13016</property>
			<visible>System.CanPowerDown</visible>
			<onclick condition="true">Close</onclick>
			<onclick>PowerDown</onclick>
			<property name="path">PowerDown</property>
			<property name="list">PowerDown</property>
			<visible>StringCompare(System.ProfileName,Master user)</visible>
			<property name="group">shutdown</property>
			<property name="isSubmenu">True</property>
		</item>
		<item id="6">
			<property name="id">$NUM[6]</property>
			<label>$LOCALIZE[13005]</label>
			<label2>Kodi Command</label2>
			<icon>DefaultShutdown.png</icon>
			<thumb />
			<property name="labelID">13005</property>
			<property name="defaultID">13005</property>
			<onclick condition="true">Close</onclick>
			<onclick>ShutDown</onclick>
			<property name="path">ShutDown</property>
			<property name="list">ShutDown</property>
			<visible>StringCompare(System.ProfileName,Master user)</visible>
			<property name="group">shutdown</property>
			<property name="isSubmenu">True</property>
		</item>
		<item id="7">
			<property name="id">$NUM[7]</property>
			<label>$LOCALIZE[19026]</label>
			<label2>Kodi Command</label2>
			<icon>DefaultTimer.png</icon>
			<thumb />
			<property name="labelID">19026</property>
			<property name="defaultID">19026</property>
			<onclick condition="true">Close</onclick>
			<onclick>AlarmClock(shutdowntimer,XBMC.Shutdown())</onclick>
			<property name="path">AlarmClock(shutdowntimer,XBMC.Shutdown())</property>
			<property name="list">AlarmClock(shutdowntimer,XBMC.Shutdown())</property>
			<visible>StringCompare(System.ProfileName,Master user)</visible>
			<property name="group">shutdown</property>
			<property name="isSubmenu">True</property>
		</item>
		<item id="8">
			<property name="id">$NUM[8]</property>
			<label>$LOCALIZE[20151]</label>
			<label2>Kodi Command</label2>
			<icon>DefaultQuit.png</icon>
			<thumb />
			<property name="labelID">20151</property>
			<property name="defaultID">20151</property>
			<visible>System.HasAlarm(shutdowntimer)</visible>
			<onclick condition="true">Close</onclick>
			<onclick>CancelAlarm(shutdowntimer)</onclick>
			<property name="path">CancelAlarm(shutdowntimer)</property>
			<property name="list">CancelAlarm(shutdowntimer)</property>
			<visible>StringCompare(System.ProfileName,Master user)</visible>
			<property name="group">shutdown</property>
			<property name="isSubmenu">True</property>
		</item>
		<item id="9">
			<property name="id">$NUM[9]</property>
			<label>$LOCALIZE[360]</label>
			<label2>Kodi Command</label2>
			<icon>DefaultScreensaver.png</icon>
			<thumb />
			<property name="labelID">360</property>
			<property name="defaultID">360</property>
			<onclick condition="true">Close</onclick>
			<onclick>ActivateScreensaver</onclick>
			<property name="path">ActivateScreensaver</property>
			<property name="list">ActivateScreensaver</property>
			<visible>StringCompare(System.ProfileName,Master user)</visible>
			<property name="group">shutdown</property>
			<property name="isSubmenu">True</property>
		</item>
		<item id="10">
			<property name="id">$NUM[10]</property>
			<label>$LOCALIZE[20045]</label>
			<label2>Kodi Command</label2>
			<icon>DefaultMastermode.png</icon>
			<thumb />
			<property name="labelID">20045</property>
			<property name="defaultID">20045</property>
			<visible>System.HasLocks</visible>
			<onclick condition="true">Close</onclick>
			<onclick>Mastermode</onclick>
			<property name="path">Mastermode</property>
			<property name="list">Mastermode</property>
			<visible>StringCompare(System.ProfileName,Master user)</visible>
			<property name="group">shutdown</property>
			<property name="isSubmenu">True</property>
		</item>
		<item id="11">
			<property name="id">$NUM[11]</property>
			<label>$LOCALIZE[20126]</label>
			<label2>Kodi Command</label2>
			<icon>DefaultActor.png</icon>
			<thumb />
			<property name="labelID">20126</property>
			<property name="defaultID">20126</property>
			<visible>[System.HasLoginScreen | IntegerGreaterThan(System.ProfileCount,1)] + System.Loggedon</visible>
			<onclick condition="true">Close</onclick>
			<onclick>System.LogOff</onclick>
			<property name="path">System.LogOff</property>
			<property name="list">System.LogOff</property>
			<visible>StringCompare(System.ProfileName,Master user)</visible>
			<property name="group">shutdown</property>
			<property name="isSubmenu">True</property>
		</item>
		<item id="12">
			<property name="id">$NUM[12]</property>
			<label>$LOCALIZE[10004]</label>
			<label2>Common Shortcut</label2>
			<icon>DefaultSettings.png</icon>
			<thumb />
			<property name="labelID">settings</property>
			<property name="defaultID">settings</property>
			<onclick condition="true">Close</onclick>
			<onclick>ActivateWindow(Settings)</onclick>
			<property name="path">ActivateWindow(Settings)</property>
			<property name="list">Settings</property>
			<visible>StringCompare(System.ProfileName,Master user)</visible>
			<property name="group">shutdown</property>
			<property name="isSubmenu">True</property>
		</item>
	</include>
	<include name="skinshortcuts-group-alt-shutdown">
		<item id="1">
			<property name="id">$NUM[1]</property>
			<label>$LOCALIZE[13009]</label>
			<label2>Kodi Command</label2>
			<icon>DefaultQuit.png</icon>
			<thumb />
			<property name="labelID">13009</property>
			<property name="defaultID">13009</property>
			<visible>[System.ShowExitButton] + StringCompare(Window(10000).Property(submenuVisibility),shutdown)</visible>
			<onclick condition="true">Close</onclick>
			<onclick>Quit</onclick>
			<property name="path">Quit</property>
			<property name="list">Quit</property>
			<visible>StringCompare(System.ProfileName,Master user)</visible>
			<property name="group">shutdown</property>
			<property name="isSubmenu">True</property>
		</item>
		<item id="2">
			<property name="id">$NUM[2]</property>
			<label>$LOCALIZE[13011]</label>
			<label2>Kodi Command</label2>
			<icon>DefaultSleep.png</icon>
			<thumb />
			<property name="labelID">13011</property>
			<property name="defaultID">13011</property>
			<visible>[System.CanSuspend] + StringCompare(Window(10000).Property(submenuVisibility),shutdown)</visible>
			<onclick condition="true">Close</onclick>
			<onclick>Suspend</onclick>
			<property name="path">Suspend</property>
			<property name="list">Suspend</property>
			<visible>StringCompare(System.ProfileName,Master user)</visible>
			<property name="group">shutdown</property>
			<property name="isSubmenu">True</property>
		</item>
		<item id="3">
			<property name="id">$NUM[3]</property>
			<label>$LOCALIZE[13010]</label>
			<label2>Kodi Command</label2>
			<icon>DefaultSleep.png</icon>
			<thumb />
			<property name="labelID">13010</property>
			<property name="defaultID">13010</property>
			<visible>[System.CanHibernate] + StringCompare(Window(10000).Property(submenuVisibility),shutdown)</visible>
			<onclick condition="true">Close</onclick>
			<onclick>Hibernate</onclick>
			<property name="path">Hibernate</property>
			<property name="list">Hibernate</property>
			<visible>StringCompare(System.ProfileName,Master user)</visible>
			<property name="group">shutdown</property>
			<property name="isSubmenu">True</property>
		</item>
		<item id="4">
			<property name="id">$NUM[4]</property>
			<label>$LOCALIZE[13013]</label>
			<label2>Kodi Command</label2>
			<icon>DefaultReboot.png</icon>
			<thumb />
			<property name="labelID">13013</property>
			<property name="defaultID">13013</property>
			<onclick condition="true">Close</onclick>
			<onclick>Reboot</onclick>
			<property name="path">Reboot</property>
			<property name="list">Reboot</property>
			<visible>[StringCompare(System.ProfileName,Master user)] + StringCompare(Window(10000).Property(submenuVisibility),shutdown)</visible>
			<property name="group">shutdown</property>
			<property name="isSubmenu">True</property>
		</item>
		<item id="5">
			<property name="id">$NUM[5]</property>
			<label>$LOCALIZE[13016]</label>
			<label2>Kodi Command</label2>
			<icon>DefaultShutdown.png</icon>
			<thumb />
			<property name="labelID">13016</property>
			<property name="defaultID">13016</property>
			<visible>[System.CanPowerDown] + StringCompare(Window(10000).Property(submenuVisibility),shutdown)</visible>
			<onclick condition="true">Close</onclick>
			<onclick>PowerDown</onclick>
			<property name="path">PowerDown</property>
			<property name="list">PowerDown</property>
			<visible>StringCompare(System.ProfileName,Master user)</visible>
			<property name="group">shutdown</property>
			<property name="isSubmenu">True</property>
		</item>
		<item id="6">
			<property name="id">$NUM[6]</property>
			<label>$LOCALIZE[13005]</label>
			<label2>Kodi Command</label2>
			<icon>DefaultShutdown.png</icon>
			<thumb />
			<property name="labelID">13005</property>
			<property name="defaultID">13005</property>
			<onclick condition="true">Close</onclick>
			<onclick>ShutDown</onclick>
			<property name="path">ShutDown</property>
			<property name="list">ShutDown</property>
			<visible>[StringCompare(System.ProfileName,Master user)] + StringCompare(Window(10000).Property(submenuVisibility),shutdown)</visible>
			<property name="group">shutdown</property>
			<property name="isSubmenu">True</property>
		</item>
		<item id="7">
			<property name="id">$NUM[7]</property>
			<label>$LOCALIZE[19026]</label>
			<label2>Kodi Command</label2>
			<icon>DefaultTimer.png</icon>
			<thumb />
			<property name="labelID">19026</property>
			<property name="defaultID">19026</property>
			<onclick condition="true">Close</onclick>
			<onclick>AlarmClock(shutdowntimer,XBMC.Shutdown())</onclick>
			<property name="path">AlarmClock(shutdowntimer,XBMC.Shutdown())</property>
			<property name="list">AlarmClock(shutdowntimer,XBMC.Shutdown())</property>
			<visible>[StringCompare(System.ProfileName,Master user)] + StringCompare(Window(10000).Property(submenuVisibility),shutdown)</visible>
			<property name="group">shutdown</property>
			<property name="isSubmenu">True</property>
		</item>
		<item id="8">
			<property name="id">$NUM[8]</property>
			<label>$LOCALIZE[20151]</label>
			<label2>Kodi Command</label2>
			<icon>DefaultQuit.png</icon>
			<thumb />
			<property name="labelID">20151</property>
			<property name="defaultID">20151</property>
			<visible>[System.HasAlarm(shutdowntimer)] + StringCompare(Window(10000).Property(submenuVisibility),shutdown)</visible>
			<onclick condition="true">Close</onclick>
			<onclick>CancelAlarm(shutdowntimer)</onclick>
			<property name="path">CancelAlarm(shutdowntimer)</property>
			<property name="list">CancelAlarm(shutdowntimer)</property>
			<visible>StringCompare(System.ProfileName,Master user)</visible>
			<property name="group">shutdown</property>
			<property name="isSubmenu">True</property>
		</item>
		<item id="9">
			<property name="id">$NUM[9]</property>
			<label>$LOCALIZE[360]</label>
			<label2>Kodi Command</label2>
			<icon>DefaultScreensaver.png</icon>
			<thumb />
			<property name="labelID">360</property>
			<property name="defaultID">360</property>
			<onclick condition="true">Close</onclick>
			<onclick>ActivateScreensaver</onclick>
			<property name="path">ActivateScreensaver</property>
			<property name="list">ActivateScreensaver</property>
			<visible>[StringCompare(System.ProfileName,Master user)] + StringCompare(Window(10000).Property(submenuVisibility),shutdown)</visible>
			<property name="group">shutdown</property>
			<property name="isSubmenu">True</property>
		</item>
		<item id="10">
			<property name="id">$NUM[10]</property>
			<label>$LOCALIZE[20045]</label>
			<label2>Kodi Command</label2>
			<icon>DefaultMastermode.png</icon>
			<thumb />
			<property name="labelID">20045</property>
			<property name="defaultID">20045</property>
			<visible>[System.HasLocks] + StringCompare(Window(10000).Property(submenuVisibility),shutdown)</visible>
			<onclick condition="true">Close</onclick>
			<onclick>Mastermode</onclick>
			<property name="path">Mastermode</property>
			<property name="list">Mastermode</property>
			<visible>StringCompare(System.ProfileName,Master user)</visible>
			<property name="group">shutdown</property>
			<property name="isSubmenu">True</property>
		</item>
		<item id="11">
			<property name="id">$NUM[11]</property>
			<label>$LOCALIZE[20126]</label>
			<label2>Kodi Command</label2>
			<icon>DefaultActor.png</icon>
			<thumb />
			<property name="labelID">20126</property>
			<property name="defaultID">20126</property>
			<visible>[[System.HasLoginScreen | IntegerGreaterThan(System.ProfileCount,1)] + System.Loggedon] + StringCompare(Window(10000).Property(submenuVisibility),shutdown)</visible>
			<onclick condition="true">Close</onclick>
			<onclick>System.LogOff</onclick>
			<property name="path">System.LogOff</property>
			<property name="list">System.LogOff</property>
			<visible>StringCompare(System.ProfileName,Master user)</visible>
			<property name="group">shutdown</property>
			<property name="isSubmenu">True</property>
		</item>
		<item id="12">
			<property name="id">$NUM[12]</property>
			<label>$LOCALIZE[10004]</label>
			<label2>Common Shortcut</label2>
			<icon>DefaultSettings.png</icon>
			<thumb />
			<property name="labelID">settings</property>
			<property name="defaultID">settings</property>
			<onclick condition="true">Close</onclick>
			<onclick>ActivateWindow(Settings)</onclick>
			<property name="path">ActivateWindow(Settings)</property>
			<property name="list">Settings</property>
			<visible>[StringCompare(System.ProfileName,Master user)] + StringCompare(Window(10000).Property(submenuVisibility),shutdown)</visible>
			<property name="group">shutdown</property>
			<property name="isSubmenu">True</property>
		</item>
	</include>
</includes>
