<?xml version="1.0" encoding="UTF-8"?>

<window>

	<defaultcontrol>10</defaultcontrol>
	
	<controls>
	
		<control type="image">
			<left>270</left>
			<top>0</top>
			<width>1390</width>
			<height>1080</height>
			<aspectratio>scale</aspectratio>
			<texture background="true" colordiffuse="dialog.overlay">backgrounds/white.png</texture>
			<include>backgroundfade2</include>
		</control>
	
		<!--all content-->
		<control type="group">
			<left>-170</left>
			<animation effect="slide" start="1650,0" end="0,0" time="400" tween="quadratic" easing="out">WindowOpen</animation>
			<animation effect="slide" start="0,0" end="1650,0" time="400" tween="quadratic" easing="out">WindowClose</animation>
			
			<animation effect="slide" start="-1650,0" end="0,0" time="400" tween="quadratic" easing="out">Visible</animation>
			<animation effect="slide" start="0,0" end="-1650,0" time="400" tween="quadratic" easing="out">Hidden</animation>
			
			<animation effect="slide" start="0,0" end="-125,0" time="300" condition="Window.IsActive(ShutdownMenu)">Conditional</animation>
		
			<!--background-->
			<control type="image">
				<left>715</left>
				<top>0</top>
				<width>830</width>
				<height>1080</height>
				<texture colordiffuse="tertiary">backgrounds/white.png</texture>
			</control>
			
			<!-- left shadow-->
			<control type="image">
				<left>685</left>
				<top>0</top>
				<width>30</width>
				<height>1080</height>
				<texture flipx="true">sidebarshadow.png</texture>
			</control>
			
			<!--right shadow-->
			<control type="image">
				<left>1545</left>
				<top>0</top>
				<width>30</width>
				<height>1080</height>
				<texture>sidebarshadow.png</texture>
			</control>
				
			<!--title background-->
			<control type="image">
				<left>715</left>
				<top>0</top>
				<width>830</width>
				<height>90</height>
				<texture background="true" colordiffuse="$VAR[Colour.500]">backgrounds/white.png</texture>
			</control>
		
			<!--title shadow-->
			<control type="image">
				<left>715</left>
				<top>90</top>
				<width>830</width>
				<height>10</height>
				<texture>homeshadow.png</texture>
				<animation effect="fade" start="100" end="75" time="0" condition="true">Conditional</animation>
			</control>
			
			<!--buttons bg-->
			<control type="image">
				<left>715</left>
				<top>1010</top>
				<width>830</width>
				<height>70</height>
				<texture colordiffuse="primary">backgrounds/white.png</texture>
			</control>

			<!--buttons shadow-->
			<control type="image">
				<left>715</left>
				<top>1010</top>
				<width>830</width>
				<height>10</height>
				<texture>homeshadow.png</texture>
				<animation effect="fade" start="100" end="75" time="0" condition="true">Conditional</animation>
			</control>
			
			<!--close window button-->
			<control type="button">
				<left>720</left>
				<top>0</top>
				<width>50</width>
				<height>25</height>
				<label>-</label>
				<font>-</font>
				<onclick>PreviousMenu</onclick>
				<texturefocus>DialogCloseButton-focus.png</texturefocus>
				<texturenofocus>DialogCloseButton.png</texturenofocus>
				<onleft>9000</onleft>
				<onright>9000</onright>
				<onup>9000</onup>
				<ondown>9000</ondown>
				<visible>system.getbool(input.enablemouse)</visible>
			</control>
			
			<!--main content-->
			<control type="group">
				<left>170</left>
				<top>0</top>
				
				<!--title-->
				<control type="label" id="2">
					<left>560</left>
					<top>0</top>
					<width>800</width>
					<height>90</height>
					<font>info.title</font>
					<align>center</align>
					<aligny>center</aligny>
					<textcolor>white</textcolor>
					<label>$LOCALIZE[1007]</label>
				</control>
				
				<control type="spincontrolex" id="10">
					<description>Protocol SpinControl</description>
					<left>560</left>
					<top>105</top>
					<width>800</width>
					<reverse>yes</reverse>
					<label>1008</label>
					<onup>9001</onup>
					<ondown>11</ondown>
					<onleft>10</onleft>
					<onright>10</onright>
				</control>
				
				<control type="edit" id="11">
					<description>Server Address Button</description>
					<left>560</left>
					<top>170</top>
					<width>615</width>
					<height>60</height>
					<textoffsetx>15</textoffsetx>
					<label>-</label>
					<onup>10</onup>
					<onleft>12</onleft>
					<onright>12</onright>
					<ondown>16</ondown>
				</control>
				
				<control type="button" id="12">
					<description>Server Browse Button</description>
					<left>1180</left>
					<top>170</top>
					<width>180</width>
					<height>60</height>
					<label>1024</label>
					<align>center</align>
					<aligny>center</aligny>
					<onup>10</onup>
					<onleft>11</onleft>
					<onright>11</onright>
					<ondown>16</ondown>
				</control>
				
				<control type="edit" id="16">
					<description>Remote path Button</description>
					<left>560</left>
					<top>235</top>
					<width>800</width>
					<height>60</height>
					<textoffsetx>15</textoffsetx>
					<label>-</label>
					<onup>11</onup>
					<onleft>16</onleft>
					<onright>16</onright>
					<ondown>13</ondown>
				</control>
				
				<control type="edit" id="13">
					<description>Port Button</description>
					<left>560</left>
					<top>300</top>
					<width>800</width>
					<height>60</height>
					<textoffsetx>15</textoffsetx>
					<label>1013</label>
					<onup>16</onup>
					<onleft>13</onleft>
					<onright>13</onright>
					<ondown>14</ondown>
				</control>
				
				<control type="edit" id="14">
					<description>Username Button</description>
					<left>560</left>
					<top>365</top>
					<width>800</width>
					<height>60</height>
					<textoffsetx>15</textoffsetx>
					<label>1014</label>
					<onup>13</onup>
					<onleft>14</onleft>
					<onright>14</onright>
					<ondown>15</ondown>
				</control>
				
				<control type="edit" id="15">
					<description>Password Button</description>
					<left>560</left>
					<top>430</top>
					<width>800</width>
					<height>60</height>
					<textoffsetx>15</textoffsetx>
					<label>15052</label>
					<onup>14</onup>
					<onleft>15</onleft>
					<onright>15</onright>
					<ondown>9001</ondown>
				</control>
				
				<!--bottom buttons-->
				<control type="group" id="9001">
					<left>820</left>
					<top>1015</top>

					<!--ok circle border-->
					<control type="image">
						<left>0</left>
						<top>0</top>
						<width>60</width>
						<height>60</height>
						<texture colordiffuse="text.primary">buttoncircleborder.png</texture>
						<visible>Control.HasFocus(18)</visible>
					</control>
					
					<!--ok circle animation-->
					<control type="image">
						<left>-1</left>
						<top>-1</top>
						<width>62</width>
						<height>62</height>
						<texture colordiffuse="$VAR[Colour.500]">buttoncircle.png</texture>
						<visible>Control.HasFocus(18)</visible>
						<animation effect="zoom" start="0" end="100" time="250" center="auto">Visible</animation>
					</control>
					
					<!--ok button-->
					<control type="button" id="18">
						<left>0</left>
						<top>0</top>
						<width>130</width>
						<height>60</height>
						<font>button</font>
						<align>left</align>
						<textoffsetx>60</textoffsetx>
						<textwidth>130</textwidth>
						<textcolor>text.primary</textcolor>
						<focusedcolor>text.primary</focusedcolor>
						<texturefocus colordiffuse="white">yesbuttonf.png</texturefocus>
						<texturenofocus colordiffuse="text.primary">yesbutton.png</texturenofocus>	
						<label>186</label>
						<onup>15</onup>
						<onleft>19</onleft>
						<onright>19</onright>
						<ondown>10</ondown>
					</control>

					<!--cancel circle border-->
					<control type="image">
						<left>130</left>
						<top>0</top>
						<width>60</width>
						<height>60</height>
						<texture colordiffuse="text.primary">buttoncircleborder.png</texture>
						<visible>Control.HasFocus(19)</visible>
					</control>
					
					<!--cancel circle animation-->
					<control type="image">
						<left>129</left>
						<top>-1</top>
						<width>62</width>
						<height>62</height>
						<texture colordiffuse="$VAR[Colour.500]">buttoncircle.png</texture>
						<visible>Control.HasFocus(19)</visible>
						<animation effect="zoom" start="0" end="100" time="250" center="auto">Visible</animation>
					</control>
					
					<!--cancel button-->
					<control type="button" id="19">
						<left>130</left>
						<top>0</top>
						<width>130</width>
						<height>60</height>
						<font>button</font>
						<align>left</align>
						<textoffsetx>60</textoffsetx>
						<textwidth>130</textwidth>
						<textcolor>text.primary</textcolor>
						<focusedcolor>text.primary</focusedcolor>
						<texturefocus colordiffuse="white">nobuttonf.png</texturefocus>
						<texturenofocus colordiffuse="text.primary">nobutton.png</texturenofocus>	
						<label>222</label>
						<onup>15</onup>
						<onleft>18</onleft>
						<onright>18</onright>
						<ondown>10</ondown>
					</control>
					
				</control>
				
			</control>
			
		</control>
		
	</controls>
	
</window>