<?xml version="1.0" encoding="UTF-8"?>

<window>

	<defaultcontrol>29</defaultcontrol>

	<controls>
	
		<!--all content-->
		<control type="group">
			<left>385</left>
			<visible>!Window.IsActive(ShutdownMenu)</visible>
			<animation effect="slide" start="1650,0" end="0,0" time="400" tween="quadratic" easing="out">WindowOpen</animation>
			<animation effect="slide" start="0,0" end="1650,0" time="400" tween="quadratic" easing="out">WindowClose</animation>
			
			<animation effect="slide" start="1650,0" end="0,0" time="400" tween="quadratic" easing="out">Visible</animation>
			<animation effect="slide" start="0,0" end="1650,0" time="400" tween="quadratic" easing="out">Hidden</animation>
		
			<!--background-->
			<control type="image">
				<left>715</left>
				<top>0</top>
				<width>1210</width>
				<height>1080</height>
				<texture colordiffuse="tertiary">backgrounds/white.png</texture>
			</control>
			
			<!--shadow-->
			<control type="image">
				<left>685</left>
				<top>0</top>
				<width>30</width>
				<height>1080</height>
				<texture flipx="true">sidebarshadow.png</texture>
			</control>
			
			<!--right shadow-->
			<control type="image">
				<left>1925</left>
				<top>0</top>
				<width>30</width>
				<height>1080</height>
				<texture>sidebarshadow.png</texture>
			</control>
				
			<!--title background-->
			<control type="image">
				<left>715</left>
				<top>0</top>
				<width>1210</width>
				<height>90</height>
				<texture background="true" colordiffuse="$VAR[Colour.500]">backgrounds/white.png</texture>
			</control>
		
			<!--title shadow-->
			<control type="image">
				<left>715</left>
				<top>90</top>
				<width>1210</width>
				<height>10</height>
				<texture>homeshadow.png</texture>
				<animation effect="fade" start="100" end="75" time="0" condition="true">Conditional</animation>
			</control>
			
			<!--close window button-->
			<control type="button">
				<left>720</left>
				<top>0</top>
				<width>50</width>
				<height>25</height>
				<label>-</label>
				<font>-</font>
				<onclick>PreviousMenu</onclick>
				<texturefocus>DialogCloseButton-focus.png</texturefocus>
				<texturenofocus>DialogCloseButton.png</texturenofocus>
				<onleft>9000</onleft>
				<onright>9000</onright>
				<onup>9000</onup>
				<ondown>9000</ondown>
				<visible>system.getbool(input.enablemouse)</visible>
			</control>
			
			<!--main content-->
			<control type="group">
				<left>170</left>
				<top>0</top>
				
				<!--title-->
				<control type="label" id="2">
					<left>550</left>
					<top>15</top>
					<width>800</width>
					<height>60</height>
					<font>menu.title</font>
					<align>right</align>
					<aligny>center</aligny>
					<textcolor>white</textcolor>
					<label>-</label>
				</control>

				<!--options-->
				<control type="grouplist" id="5">
					<description>control area</description>
					<left>555</left>
					<top>100</top>
					<width>800</width>
					<height>960</height>
					<itemgap>0</itemgap>
					<onup>9001</onup>
					<ondown>9001</ondown>
					<onleft>9001</onleft>
					<onright>9001</onright>
				</control>
				
				<!--buttons bg-->
				<control type="image">
					<left>545</left>
					<top>1010</top>
					<width>1210</width>
					<height>70</height>
					<texture colordiffuse="primary">backgrounds/white.png</texture>
				</control>
		
				<!--buttons shadow-->
				<control type="image">
					<left>545</left>
					<top>1010</top>
					<width>1210</width>
					<height>10</height>
					<texture>homeshadow.png</texture>
					<animation effect="fade" start="100" end="75" time="0" condition="true">Conditional</animation>
				</control>
				
				<control type="group" id="9001">
					<left>733</left>
					<top>1015</top>
					
					<!--ok circle border-->
					<control type="image">
						<left>0</left>
						<top>0</top>
						<width>60</width>
						<height>60</height>
						<texture colordiffuse="text.primary">buttoncircleborder.png</texture>
						<visible>Control.HasFocus(28)</visible>
					</control>
					
					<!--ok circle animation-->
					<control type="image">
						<left>-1</left>
						<top>-1</top>
						<width>62</width>
						<height>62</height>
						<texture colordiffuse="$VAR[Colour.500]">buttoncircle.png</texture>
						<visible>Control.HasFocus(28)</visible>
						<animation effect="zoom" start="0" end="100" time="250" center="auto">Visible</animation>
					</control>
					
					<!--ok button-->
					<control type="button" id="28">
						<left>0</left>
						<top>0</top>
						<width>130</width>
						<height>60</height>
						<font>button</font>
						<align>left</align>
						<textoffsetx>60</textoffsetx>
						<textwidth>70</textwidth>
						<textcolor>text.primary</textcolor>
						<focusedcolor>text.primary</focusedcolor>
						<texturefocus colordiffuse="white">yesbuttonf.png</texturefocus>
						<texturenofocus colordiffuse="text.primary">yesbutton.png</texturenofocus>	
						<label>186</label>
						<onleft>29</onleft>
						<onright>29</onright>
						<onup>5</onup>
						<ondown>5</ondown>
					</control>
					
					<!--cancel circle border-->
					<control type="image">
						<left>300</left>
						<top>0</top>
						<width>60</width>
						<height>60</height>
						<texture colordiffuse="text.primary">buttoncircleborder.png</texture>
						<visible>Control.HasFocus(29)</visible>
					</control>
					
					<!--cancel circle animation-->
					<control type="image">
						<left>299</left>
						<top>-1</top>
						<width>62</width>
						<height>62</height>
						<texture colordiffuse="$VAR[Colour.500]">buttoncircle.png</texture>
						<visible>Control.HasFocus(29)</visible>
						<animation effect="zoom" start="0" end="100" time="250" center="auto">Visible</animation>
					</control>
					
					<!--cancel button-->
					<control type="button" id="29">
						<left>300</left>
						<top>0</top>
						<width>130</width>
						<height>60</height>
						<font>button</font>
						<align>left</align>
						<textoffsetx>60</textoffsetx>
						<textwidth>130</textwidth>
						<textcolor>text.primary</textcolor>
						<focusedcolor>text.primary</focusedcolor>
						<texturefocus colordiffuse="white">nobuttonf.png</texturefocus>
						<texturenofocus colordiffuse="text.primary">nobutton.png</texturenofocus>	
						<label>222</label>
						<onleft>28</onleft>
						<onright>28</onright>
						<onup>5</onup>
						<ondown>5</ondown>
					</control>
					
				</control>
				
			</control>
			
		</control>
		
		<!--button-->
		<control type="button" id="7">
			<left>0</left>
			<top>0</top>
		</control>
		
		<!--radio button-->
		<control type="radiobutton" id="8">
			<left>0</left>
			<top>0</top>
		</control>
		
		<!--spin control-->
		<control type="spincontrolex" id="9">
			<left>0</left>
			<top>0</top>
			<reverse>yes</reverse>
		</control>
		
		<!--edit-->
		<control type="edit" id="12">
			<left>0</left>
			<top>0</top>
		</control>
		
		<!--slider-->
		<control type="sliderex" id="13">
			<left>0</left>
			<top>0</top>
		</control>
		
		<!--label-->
		<control type="label" id="14">
			<left>0</left>
			<top>0</top>
			<height>60</height>
			<font>button.bold</font>
			<textcolor>$VAR[Colour.500]</textcolor>
			<textoffsetx>5</textoffsetx>
			<aligny>center</aligny>
		</control>

	</controls>
	
</window>