<?xml version="1.0" encoding="UTF-8"?>

<window>
	<defaultcontrol always="true">20</defaultcontrol>
	
	<controls>
	
		<!--all content-->
		<control type="group">
			<left>-355</left>
			<visible>!Window.IsActive(FileBrowser)</visible>
			<animation effect="slide" start="1650,0" end="0,0" time="400" tween="quadratic" easing="out">WindowOpen</animation>
			<animation effect="slide" start="0,0" end="-1650,0" time="400" tween="quadratic" easing="out">WindowClose</animation>
			
			<animation effect="slide" start="1650,0" end="0,0" time="400" tween="quadratic" easing="out">Visible</animation>
			<animation effect="slide" start="0,0" end="-1650,0" time="400" tween="quadratic" easing="out">Hidden</animation>
		
			<!--background-->
			<control type="image">
				<left>715</left>
				<top>0</top>
				<width>1210</width>
				<height>1080</height>
				<texture colordiffuse="tertiary">backgrounds/white.png</texture>
			</control>
			
			<!--shadow-->
			<control type="image">
				<left>685</left>
				<top>0</top>
				<width>30</width>
				<height>1080</height>
				<texture flipx="true">sidebarshadow.png</texture>
			</control>
			
			<!--right shadow-->
			<control type="image">
				<left>1925</left>
				<top>0</top>
				<width>30</width>
				<height>1080</height>
				<texture>sidebarshadow.png</texture>
			</control>
				
			<!--title background-->
			<control type="image">
				<left>715</left>
				<top>0</top>
				<width>1210</width>
				<height>110</height>
				<texture background="true" colordiffuse="$VAR[Colour.500]">backgrounds/white.png</texture>
			</control>
		
			<!--title shadow-->
			<control type="image">
				<left>715</left>
				<top>110</top>
				<width>1210</width>
				<height>10</height>
				<texture>homeshadow.png</texture>
				<animation effect="fade" start="100" end="75" time="0" condition="true">Conditional</animation>
			</control>
			
			<!--close window button-->
			<control type="button">
				<left>720</left>
				<top>0</top>
				<width>50</width>
				<height>25</height>
				<label>-</label>
				<font>-</font>
				<onclick>PreviousMenu</onclick>
				<texturefocus>DialogCloseButton-focus.png</texturefocus>
				<texturenofocus>DialogCloseButton.png</texturenofocus>
				<onleft>9000</onleft>
				<onright>9000</onright>
				<onup>9000</onup>
				<ondown>9000</ondown>
				<visible>system.getbool(input.enablemouse)</visible>
			</control>
			
			<!--main content-->
			<control type="group">
				<left>170</left>
				<top>0</top>
				
				<!--title-->
				<control type="label" id="1">
					<left>590</left>
					<top>25</top>
					<width>1545</width>
					<height>60</height>
					<font>info.title</font>
					<align>left</align>
					<aligny>center</aligny>
					<textcolor>white</textcolor>
					<label>$LOCALIZE[20333]</label>
				</control>
				
				<!--content picker spin control-->
				<control type="spincontrolex" id="20">
					<left>590</left>
					<top>130</top>
					<width>1120</width>
					<height>60</height>
					<texturefocus colordiffuse="$VAR[Colour.500]">backgrounds/white.png</texturefocus>
					<texturenofocus colordiffuse="button.border">button-border-1110.png</texturenofocus>
					<font>-</font>
					<label>-</label>
					<reverse>yes</reverse>
					<onup>28</onup>
					<ondown>21</ondown>
					<onleft>20</onleft>
					<onright>20</onright>
				</control>
				
				<!--directory contains label (no focus)-->
				<control type="label">
					<left>605</left>
					<top>130</top>
					<width>1545</width>
					<height>60</height>
					<font>breadcrumb</font>
					<align>left</align>
					<aligny>center</aligny>
					<textcolor>text.primary</textcolor>
					<label>$LOCALIZE[20344]</label>
					<visible>!Control.HasFocus(20)</visible>
				</control>
				
				<!--directory contains label (focus)-->
				<control type="label">
					<left>605</left>
					<top>130</top>
					<width>1545</width>
					<height>60</height>
					<font>breadcrumb</font>
					<align>left</align>
					<aligny>center</aligny>
					<textcolor>white</textcolor>
					<label>$LOCALIZE[20344]</label>
					<visible>Control.HasFocus(20)</visible>
				</control>
				
				<!--spin control value (no focus)-->
				<control type="label">
					<description>Content Picker label</description>
					<left>1150</left>
					<top>130</top>
					<width>420</width>
					<height>60</height>
					<font>button</font>
					<label>$INFO[Control.GetLabel(20)]</label>
					<align>right</align>
					<aligny>center</aligny>
					<textcolor>text.primary</textcolor>
					<visible>!Control.HasFocus(20)</visible>
				</control>
				
				<!--spin control value (focus)-->
				<control type="label">
					<description>Content Picker label</description>
					<left>1150</left>
					<top>130</top>
					<width>420</width>
					<height>60</height>
					<font>button</font>
					<label>$INFO[Control.GetLabel(20)]</label>
					<align>right</align>
					<aligny>center</aligny>
					<textcolor>white</textcolor>
					<visible>Control.HasFocus(20)</visible>
				</control>
				
				<!--current scraper logo, etc-->
				<!--control type="label">
					<description>Used Scraper Header</description>
					<left>45</left>
					<top>225</top>
					<width>480</width>
					<height>30</height>
					<font>font12</font>
					<label>$LOCALIZE[31312]</label>
					<align>center</align>
					<aligny>center</aligny>
					<textcolor>blue</textcolor>
					<shadowcolor>black</shadowcolor>
				</control>
				
				<control type="image">
					<description>Used Scraper Image</description>
					<left>45</left>
					<top>262</top>
					<width>480</width>
					<height>195</height>
					<aspectratio>keep</aspectratio>
					<texture>$INFO[ListItem.Icon]</texture>
				</control>
				
				<control type="label">
					<description>Used Scaper Label</description>
					<left>45</left>
					<top>472</top>
					<width>480</width>
					<height>45</height>
					<font>font13</font>
					<align>center</align>
					<aligny>center</aligny>
					<textcolor>selected</textcolor>
					<shadowcolor>black</shadowcolor>
					<label>[B]$INFO[ListItem.Label][/B]</label>
				</control-->
				
				<!--title background-->
				<control type="image">
					<left>545</left>
					<top>210</top>
					<width>1210</width>
					<height>75</height>
					<texture background="true" colordiffuse="$VAR[Colour.900]">backgrounds/white.png</texture>
				</control>
		
				<!--title shadow-->
				<control type="image">
					<left>545</left>
					<top>210</top>
					<width>1210</width>
					<height>20</height>
					<texture>homeshadow.png</texture>
					<animation effect="fade" start="100" end="75" time="0" condition="true">Conditional</animation>
				</control>
			
				<!--sub title shadow-->
				<control type="image">
					<left>545</left>
					<top>285</top>
					<width>1210</width>
					<height>10</height>
					<texture>homeshadow.png</texture>
					<animation effect="fade" start="100" end="75" time="0" condition="true">Conditional</animation>
				</control>
				
				<!--scraper list title-->
				<control type="label">
					<left>600</left>
					<top>215</top>
					<width>1545</width>
					<height>60</height>
					<font>breadcrumb</font>
					<align>left</align>
					<aligny>center</aligny>
					<textcolor>white</textcolor>
					<label>$LOCALIZE[31313] [COLOR=white.2]($LOCALIZE[31071]: $INFO[ListItem.Label])[/COLOR]</label>
				</control>
				
				<!--scraper list-->
				<control type="list" id="21">
					<left>600</left>
					<top>310</top>
					<width>1110</width>
					<height>280</height>
					<pagecontrol>60</pagecontrol>
					<scrolltime>200</scrolltime>
					<onup>20</onup>
					<onleft>21</onleft>
					<onright>60</onright>
					<ondown>5</ondown>
					
					<itemlayout height="70">
						
						<!--icon (no fallback)-->
						<control type="image">
							<left>5</left>
							<top>5</top>
							<width>50</width>
							<height>50</height>
							<texture colordiffuse="text.primary">$INFO[ListItem.Icon,default small/,]</texture>
							<aspectratio align="center" aligny="center">keep</aspectratio>
							<visible>SubString(ListItem.Icon,default)</visible>
						</control>
						
						<!--icon (no fallback)-->
						<control type="image">
							<left>5</left>
							<top>5</top>
							<width>50</width>
							<height>50</height>
							<texture>$INFO[Listitem.Icon]</texture>
							<visible>!SubString(ListItem.Icon,default)</visible>
						</control>
						
						<!--label-->
						<control type="label">
							<left>65</left>
							<top>0</top>
							<width>1030</width>
							<height>60</height>
							<font>label</font>
							<align>left</align>
							<aligny>center</aligny>
							<textcolor>text.primary</textcolor>
							<selectedcolor>$VAR[Colour.500]</selectedcolor>
							<info>ListItem.Label</info>
						</control>
						
					</itemlayout>
					
					<focusedlayout height="70">
				
						<!--background-->
						<control type="image">
							<left>0</left>
							<top>0</top>
							<width>1110</width>
							<height>60</height>
							<texture colordiffuse="$VAR[Colour.500]">backgrounds/white.png</texture>
							<animation effect="fade" start="100" end="50" time="200" condition="!Control.HasFocus(21)">Conditional</animation>
						</control>
						
						<!--icon (fallback)-->
						<control type="image">
							<left>5</left>
							<top>5</top>
							<width>50</width>
							<height>50</height>
							<texture colordiffuse="white">$INFO[ListItem.Icon,default small/,]</texture>
							<aspectratio align="center" aligny="center">keep</aspectratio>
							<visible>SubString(ListItem.Icon,default)</visible>
						</control>
						
						<!--icon (no fallback)-->
						<control type="image">
							<left>5</left>
							<top>5</top>
							<width>50</width>
							<height>50</height>
							<texture>$INFO[Listitem.Icon]</texture>
							<visible>!SubString(ListItem.Icon,default)</visible>
						</control>
						
						<!--label-->
						<control type="label">
							<left>65</left>
							<top>0</top>
							<width>1030</width>
							<height>60</height>
							<font>label</font>
							<align>left</align>
							<aligny>center</aligny>
							<textcolor>white</textcolor>
							<selectedcolor>$VAR[Colour.Alt]</selectedcolor>
							<info>ListItem.Label</info>
						</control>
						
					</focusedlayout>
					
				</control>
				
				<!--scrollbar-->
				<control type="scrollbar" id="60">
					<left>1720</left>
					<top>310</top>
					<height>270</height>
					<orientation>vertical</orientation>
					<showonepage>false</showonepage>
					<texturesliderbackground colordiffuse="scroll.secondary">backgrounds/white.png</texturesliderbackground>
					<texturesliderbar colordiffuse="secondary">backgrounds/white.png</texturesliderbar>
					<onleft>21</onleft>
					<onright>21</onright>
				</control>
				
				<!--title background-->
				<control type="image">
					<left>545</left>
					<top>610</top>
					<width>1210</width>
					<height>75</height>
					<texture background="true" colordiffuse="$VAR[Colour.900]">backgrounds/white.png</texture>
				</control>
		
				<!--title shadow-->
				<control type="image">
					<left>545</left>
					<top>610</top>
					<width>1210</width>
					<height>20</height>
					<texture>homeshadow.png</texture>
					<animation effect="fade" start="100" end="75" time="0" condition="true">Conditional</animation>
				</control>
			
				<!--sub title shadow-->
				<control type="image">
					<left>545</left>
					<top>685</top>
					<width>1210</width>
					<height>10</height>
					<texture>homeshadow.png</texture>
					<animation effect="fade" start="100" end="75" time="0" condition="true">Conditional</animation>
				</control>
				
				<!--scanning options title-->
				<control type="label">
					<left>600</left>
					<top>615</top>
					<width>1545</width>
					<height>60</height>
					<font>breadcrumb</font>
					<align>left</align>
					<aligny>center</aligny>
					<textcolor>white</textcolor>
					<label>$LOCALIZE[31314]</label>
				</control>
				
				<!--bottom options-->
				<control type="grouplist" id="5">
					<description>control area</description>
					<left>600</left>
					<top>715</top>
					<width>1110</width>
					<height>330</height>
					<itemgap>5</itemgap>
					<onup>21</onup>
					<ondown>28</ondown>
					<onleft>5</onleft>
					<onright>5</onright>
				</control>
				
				<!--button-->
				<control type="button" id="7">
					<left>0</left>
					<top>0</top>
					<height>60</height>
					<font>button</font>
					<texturefocus colordiffuse="$VAR[Colour.500]">backgrounds/white.png</texturefocus>
					<texturenofocus colordiffuse="button.border">-</texturenofocus>
					<textwidth>1000</textwidth>
					<include>ButtonCommonValues</include>
				</control>
				
				<!--radio button-->
				<control type="radiobutton" id="8">
					<description>Default RadioButton</description>
					<left>0</left>
					<top>0</top>
					<height>60</height>
					<font>button</font>
					<texturefocus colordiffuse="$VAR[Colour.500]">backgrounds/white.png</texturefocus>
					<texturenofocus colordiffuse="button.border">-</texturenofocus>
					<textwidth>1000</textwidth>
					<include>ButtonCommonValues</include>
				</control>
		
				<!--buttons bg-->
				<control type="image">
					<left>545</left>
					<top>1010</top>
					<width>1210</width>
					<height>70</height>
					<texture colordiffuse="primary">backgrounds/white.png</texture>
				</control>
		
				<!--buttons shadow-->
				<control type="image">
					<left>545</left>
					<top>1010</top>
					<width>1210</width>
					<height>10</height>
					<texture>homeshadow.png</texture>
					<animation effect="fade" start="100" end="75" time="0" condition="true">Conditional</animation>
				</control>
				
				<!--bottom buttons-->
				<control type="group" id="9001">
					<left>1240</left>
					<top>1015</top>
		
					<!--ok circle border-->
					<control type="image">
						<left>0</left>
						<top>0</top>
						<width>60</width>
						<height>60</height>
						<texture colordiffuse="text.primary">buttoncircleborder.png</texture>
						<visible>Control.HasFocus(28)</visible>
					</control>
					
					<!--ok circle animation-->
					<control type="image">
						<left>-1</left>
						<top>-1</top>
						<width>62</width>
						<height>62</height>
						<texture colordiffuse="$VAR[Colour.500]">buttoncircle.png</texture>
						<visible>Control.HasFocus(28)</visible>
						<animation effect="zoom" start="0" end="100" time="250" center="auto">Visible</animation>
					</control>
					
					<!--ok button-->
					<control type="button" id="28">
						<left>0</left>
						<top>0</top>
						<width>130</width>
						<height>60</height>
						<font>button</font>
						<align>left</align>
						<textoffsetx>60</textoffsetx>
						<textwidth>130</textwidth>
						<textcolor>text.primary</textcolor>
						<focusedcolor>text.primary</focusedcolor>
						<texturefocus colordiffuse="white">yesbuttonf.png</texturefocus>
						<texturenofocus colordiffuse="text.primary">yesbutton.png</texturenofocus>	
						<label>186</label>
						<onleft>22</onleft>
						<onright>29</onright>
						<onup>5</onup>
						<ondown>20</ondown>
					</control>
		
					<!--cancel circle border-->
					<control type="image">
						<left>130</left>
						<top>0</top>
						<width>60</width>
						<height>60</height>
						<texture colordiffuse="text.primary">buttoncircleborder.png</texture>
						<visible>Control.HasFocus(29)</visible>
					</control>
					
					<!--cancel circle animation-->
					<control type="image">
						<left>129</left>
						<top>-1</top>
						<width>62</width>
						<height>62</height>
						<texture colordiffuse="$VAR[Colour.500]">buttoncircle.png</texture>
						<visible>Control.HasFocus(29)</visible>
						<animation effect="zoom" start="0" end="100" time="250" center="auto">Visible</animation>
					</control>
					
					<!--cancel button-->
					<control type="button" id="29">
						<left>130</left>
						<top>0</top>
						<width>130</width>
						<height>60</height>
						<font>button</font>
						<align>left</align>
						<textoffsetx>60</textoffsetx>
						<textwidth>130</textwidth>
						<textcolor>text.primary</textcolor>
						<focusedcolor>text.primary</focusedcolor>
						<texturefocus colordiffuse="white">nobuttonf.png</texturefocus>
						<texturenofocus colordiffuse="text.primary">nobutton.png</texturenofocus>	
						<label>222</label>
						<onleft>28</onleft>
						<onright>22</onright>
						<onup>5</onup>
						<ondown>20</ondown>
					</control>
		
					<!--settings circle border-->
					<control type="image">
						<left>295</left>
						<top>0</top>
						<width>60</width>
						<height>60</height>
						<texture colordiffuse="text.primary">buttoncircleborder.png</texture>
						<visible>Control.HasFocus(22)</visible>
					</control>
					
					<!--settings circle animation-->
					<control type="image">
						<left>294</left>
						<top>-1</top>
						<width>62</width>
						<height>62</height>
						<texture colordiffuse="$VAR[Colour.500]">buttoncircle.png</texture>
						<visible>Control.HasFocus(22)</visible>
						<animation effect="zoom" start="0" end="100" time="250" center="auto">Visible</animation>
					</control>
					
					<!--settings button-->
					<control type="button" id="22">
						<left>295</left>
						<top>0</top>
						<width>130</width>
						<height>60</height>
						<font>button</font>
						<align>left</align>
						<textoffsetx>60</textoffsetx>
						<textwidth>130</textwidth>
						<textcolor>text.primary</textcolor>
						<focusedcolor>text.primary</focusedcolor>
						<texturefocus colordiffuse="white">settingsbuttonf.png</texturefocus>
						<texturenofocus colordiffuse="text.primary">settingsbutton.png</texturenofocus>	
						<label>5</label>
						<onleft>29</onleft>
						<onright>28</onright>
						<onup>5</onup>
						<ondown>20</ondown>
					</control>
					
				</control>
				
			</control>
			
		</control>
		
	</controls>
	
</window>