<?xml version="1.0" encoding="UTF-8"?>

<window>

	<defaultcontrol always="true">7</defaultcontrol>

	<controls>
	
		<!--all content-->
		<control type="group">
			<left>-355</left>
			<visible>!Window.IsActive(FileBrowser)</visible>
			<animation effect="slide" start="1650,0" end="0,0" time="400" tween="quadratic" easing="out">WindowOpen</animation>
			<animation effect="slide" start="0,0" end="-1650,0" time="400" tween="quadratic" easing="out">WindowClose</animation>
			
			<animation effect="slide" start="1650,0" end="0,0" time="400" tween="quadratic" easing="out">Visible</animation>
			<animation effect="slide" start="0,0" end="-1650,0" time="400" tween="quadratic" easing="out">Hidden</animation>
		
			<!--background-->
			<control type="image">
				<left>715</left>
				<top>0</top>
				<width>1210</width>
				<height>1080</height>
				<texture colordiffuse="tertiary">backgrounds/white.png</texture>
			</control>
			
			<!--left shadow-->
			<control type="image">
				<left>685</left>
				<top>0</top>
				<width>30</width>
				<height>1080</height>
				<texture flipx="true">sidebarshadow.png</texture>
			</control>
			
			<!--right shadow-->
			<control type="image">
				<left>1925</left>
				<top>0</top>
				<width>30</width>
				<height>1080</height>
				<texture>sidebarshadow.png</texture>
			</control>
				
			<!--title background-->
			<control type="image">
				<left>715</left>
				<top>0</top>
				<width>1210</width>
				<height>185</height>
				<texture background="true" colordiffuse="$VAR[Colour.500]">backgrounds/white.png</texture>
			</control>
				
			<!--sub title background-->
			<control type="image">
				<left>715</left>
				<top>110</top>
				<width>1210</width>
				<height>75</height>
				<texture background="true" colordiffuse="$VAR[Colour.900]">backgrounds/white.png</texture>
			</control>
		
			<!--title shadow-->
			<control type="image">
				<left>715</left>
				<top>110</top>
				<width>1210</width>
				<height>20</height>
				<texture>homeshadow.png</texture>
				<animation effect="fade" start="100" end="75" time="0" condition="true">Conditional</animation>
			</control>
		
			<!--sub title shadow-->
			<control type="image">
				<left>715</left>
				<top>185</top>
				<width>1210</width>
				<height>10</height>
				<texture>homeshadow.png</texture>
				<animation effect="fade" start="100" end="75" time="0" condition="true">Conditional</animation>
			</control>
			
			<!--close window button-->
			<control type="button">
				<left>720</left>
				<top>0</top>
				<width>50</width>
				<height>25</height>
				<label>-</label>
				<font>-</font>
				<onclick>PreviousMenu</onclick>
				<texturefocus>DialogCloseButton-focus.png</texturefocus>
				<texturenofocus>DialogCloseButton.png</texturenofocus>
				<onleft>10</onleft>
				<onright>10</onright>
				<onup>10</onup>
				<ondown>10</ondown>
				<visible>system.getbool(input.enablemouse)</visible>
			</control>
			
			<!--main content-->
			<control type="group">
				<left>715</left>
				<top>0</top>
				
				<!--title-->
				<control type="label">
					<left>60</left>
					<top>25</top>
					<width>1022</width>
					<height>60</height>
					<font>info.title</font>
					<align>left</align>
					<aligny>center</aligny>
					<textcolor>white</textcolor>
					<label>$LOCALIZE[19047]</label>
				</control>
				
				<!--secondary title-->
				<control type="label">
					<left>60</left>
					<top>115</top>
					<width>1022</width>
					<height>60</height>
					<font>breadcrumb</font>
					<align>left</align>
					<aligny>center</aligny>
					<textcolor>white</textcolor>
					<label>$INFO[ListItem.Title]</label>
				</control>
				
				<control type="group">
					<left>60</left>
					<top>210</top>
					
					<control type="label">
						<description>Time description</description>
						<left>0</left>
						<top>0</top>
						<width>240</width>
						<height>35</height>
						<font>secondary.info</font>
						<align>left</align>
						<aligny>center</aligny>
						<textcolor>$VAR[Colour.500]</textcolor>
						<label>$LOCALIZE[142]</label>
					</control>
					
					<control type="label">
						<description>Time value</description>
						<left>150</left>
						<top>0</top>
						<width>705</width>
						<height>35</height>
						<font>secondary.info</font>
						<align>left</align>
						<aligny>center</aligny>
						<textcolor>text.primary</textcolor>
						<label>$INFO[ListItem.StartTime] - $INFO[ListItem.EndTime] ($INFO[ListItem.StartDate])</label>
					</control>
					
					<control type="label">
						<description>Duration</description>
						<left>0</left>
						<top>50</top>
						<width>240</width>
						<height>35</height>
						<font>secondary.info</font>
						<align>left</align>
						<aligny>center</aligny>
						<textcolor>$VAR[Colour.500]</textcolor>
						<label>$LOCALIZE[180]:</label>
					</control>
					
					<control type="label">
						<description>Duration value</description>
						<left>150</left>
						<top>50</top>
						<width>705</width>
						<height>35</height>
						<font>secondary.info</font>
						<align>left</align>
						<aligny>center</aligny>
						<textcolor>text.primary</textcolor>
						<label>$INFO[ListItem.Duration]</label>
					</control>
					
					<control type="label">
						<description>Channel Name</description>
						<left>0</left>
						<top>100</top>
						<width>240</width>
						<height>35</height>
						<font>secondary.info</font>
						<align>left</align>
						<aligny>center</aligny>
						<textcolor>$VAR[Colour.500]</textcolor>
						<label>$LOCALIZE[19148]:</label>
					</control>
					
					<control type="fadelabel">
						<description>Channel Value</description>
						<left>150</left>
						<top>100</top>
						<width>705</width>
						<height>35</height>
						<font>secondary.info</font>
						<align>left</align>
						<aligny>center</aligny>
						<textcolor>text.primary</textcolor>
						<label>$INFO[ListItem.ChannelName]</label>
					</control>
					
					<control type="label">
						<description>Genre</description>
						<left>0</left>
						<top>150</top>
						<width>240</width>
						<height>35</height>
						<font>secondary.info</font>
						<align>left</align>
						<aligny>center</aligny>
						<textcolor>$VAR[Colour.500]</textcolor>
						<label>$LOCALIZE[135]:</label>
					</control>
					
					<control type="label">
						<description>Genre value</description>
						<left>150</left>
						<top>150</top>
						<width>705</width>
						<height>35</height>
						<font>secondary.info</font>
						<align>left</align>
						<aligny>center</aligny>
						<textcolor>text.primary</textcolor>
						<label fallback="161">$INFO[ListItem.Genre]</label>
						<scroll>true</scroll>
					</control>
					
				</control>
				
				<control type="label">
					<left>490</left>
					<top>430</top>
					<width>600</width>
					<height>45</height>
					<font>secondary.info.light</font>
					<textcolor>text.primary</textcolor>
					<scroll>true</scroll>
					<align>right</align>
					<aligny>center</aligny>
					<label>[COLOR=$VAR[Colour.500]]$LOCALIZE[207][/COLOR]$INFO[Container(400).CurrentPage, ( $LOCALIZE[31024] ]$INFO[Container(400).NumPages,/, )]</label>
				</control>
				
				<control type="spincontrol" id="60">
					<description>Next page button</description>
					<left>1090</left>
					<top>437</top>
					<subtype>page</subtype>
					<font>-</font>
					<onleft>60</onleft>
					<onright>60</onright>
					<ondown>9000</ondown>
					<onup>9000</onup>
					<textcolor>-</textcolor>
					<showonepage>true</showonepage>
					<textureupfocus colordiffuse="$VAR[Colour.500]">scroll-up-2.png</textureupfocus>
					<texturedownfocus colordiffuse="$VAR[Colour.500]">scroll-down-2.png</texturedownfocus>
				</control>
				
				<control type="textbox" id="400">
					<description>Plot value</description>
					<left>60</left>
					<top>477</top>
					<width>1090</width>
					<height>426</height>
					<font>label</font>
					<align>justify</align>
					<textcolor>text.primary</textcolor>
					<pagecontrol>60</pagecontrol>
					<label fallback="161">$INFO[ListItem.Plot]</label>
				</control>
				
				<!--buttons bg-->
				<control type="image">
					<left>0</left>
					<top>1010</top>
					<width>1210</width>
					<height>70</height>
					<texture colordiffuse="primary">backgrounds/white.png</texture>
				</control>
		
				<!--buttons shadow-->
				<control type="image">
					<left>0</left>
					<top>1010</top>
					<width>1210</width>
					<height>10</height>
					<texture>homeshadow.png</texture>
					<animation effect="fade" start="100" end="75" time="0" condition="true">Conditional</animation>
				</control>
				
			</control>
			
			<!--bottom buttons-->
			<control type="group" id="9000">
				<left>1310</left>
				<top>1015</top>
				
				<!--switch circle border-->
				<control type="image">
					<left>0</left>
					<top>0</top>
					<width>60</width>
					<height>60</height>
					<texture colordiffuse="text.primary">buttoncircleborder.png</texture>
					<visible>Control.HasFocus(5)</visible>
				</control>
				
				<!--switch circle animation-->
				<control type="image">
					<left>-1</left>
					<top>-1</top>
					<width>62</width>
					<height>62</height>
					<texture colordiffuse="$VAR[Colour.500]">buttoncircle.png</texture>
					<visible>Control.HasFocus(5)</visible>
					<animation effect="zoom" start="0" end="100" time="250" center="auto">Visible</animation>
				</control>
				
				<!--switch button-->
				<control type="button" id="5">
					<left>0</left>
					<top>0</top>
					<width>130</width>
					<height>60</height>
					<font>button</font>
					<align>left</align>
					<textoffsetx>60</textoffsetx>
					<textwidth>130</textwidth>
					<textcolor>text.primary</textcolor>
					<focusedcolor>text.primary</focusedcolor>
					<texturefocus colordiffuse="white">switchbuttonf.png</texturefocus>
					<texturenofocus colordiffuse="text.primary">switchbutton.png</texturenofocus>	
					<label>19165</label>
					<onup>60</onup>
					<ondown>60</ondown>
					<onleft>7</onleft>
					<onright>6</onright>
				</control>
				
				<!--record circle border-->
				<control type="image">
					<left>225</left>
					<top>0</top>
					<width>60</width>
					<height>60</height>
					<texture colordiffuse="text.primary">buttoncircleborder.png</texture>
					<visible>Control.HasFocus(6)</visible>
				</control>
				
				<!--record circle animation-->
				<control type="image">
					<left>224</left>
					<top>-1</top>
					<width>62</width>
					<height>62</height>
					<texture colordiffuse="$VAR[Colour.500]">buttoncircle.png</texture>
					<visible>Control.HasFocus(6)</visible>
					<animation effect="zoom" start="0" end="100" time="250" center="auto">Visible</animation>
				</control>
				
				<!--record button-->
				<control type="button" id="6">
					<left>225</left>
					<top>0</top>
					<width>130</width>
					<height>60</height>
					<font>button</font>
					<align>left</align>
					<textoffsetx>60</textoffsetx>
					<textwidth>130</textwidth>
					<textcolor>text.primary</textcolor>
					<focusedcolor>text.primary</focusedcolor>
					<texturefocus colordiffuse="white">recordbuttonf.png</texturefocus>
					<texturenofocus colordiffuse="text.primary">recordbutton.png</texturenofocus>	
					<label>-</label>
					<onup>60</onup>
					<ondown>60</ondown>
					<onleft>5</onleft>
					<onright>7</onright>
				</control>
	
				<!--ok circle border-->
				<control type="image">
					<left>450</left>
					<top>0</top>
					<width>60</width>
					<height>60</height>
					<texture colordiffuse="text.primary">buttoncircleborder.png</texture>
					<visible>Control.HasFocus(7)</visible>
				</control>
				
				<!--ok circle animation-->
				<control type="image">
					<left>449</left>
					<top>-1</top>
					<width>62</width>
					<height>62</height>
					<texture colordiffuse="$VAR[Colour.500]">buttoncircle.png</texture>
					<visible>Control.HasFocus(7)</visible>
					<animation effect="zoom" start="0" end="100" time="250" center="auto">Visible</animation>
				</control>
				
				<!--ok button-->
				<control type="button" id="7">
					<left>450</left>
					<top>0</top>
					<width>130</width>
					<height>60</height>
					<font>button</font>
					<align>left</align>
					<textoffsetx>60</textoffsetx>
					<textwidth>130</textwidth>
					<textcolor>text.primary</textcolor>
					<focusedcolor>text.primary</focusedcolor>
					<texturefocus colordiffuse="white">yesbuttonf.png</texturefocus>
					<texturenofocus colordiffuse="text.primary">yesbutton.png</texturenofocus>	
					<label>186</label>
					<onup>60</onup>
					<ondown>60</ondown>
					<onleft>6</onleft>
					<onright>5</onright>
				</control>
				
			</control>
			
		</control>
		
	</controls>
	
</window>