<?xml version="1.0" encoding="UTF-8"?>

<window type="dialog">

	<controls>
	
		<!--all content-->
		<control type="group">

			<visible>!Window.IsActive(ShutdownMenu)</visible>

			<animation effect="slide" start="0,-120" end="0,0" time="100" tween="quadratic" easing="out">WindowOpen</animation>
			<animation effect="slide" start="0,0" end="0,-120" time="100" tween="quadratic" easing="out">WindowClose</animation>
			
			<animation effect="slide" start="0,-120" end="0,0" time="100" tween="quadratic" easing="out">Visible</animation>
			<animation effect="slide" start="0,0" end="0,-120" time="100" tween="quadratic" easing="out">Hidden</animation>
			
			<!--title bars and backgrounds-->
			<control type="group">

				<!--background-->
				<control type="image">
					<left>0</left>
					<top>0</top>
					<width>1920</width>
					<height>160</height>
					<texture colordiffuse="tertiary">backgrounds/white.png</texture>
				</control>

				<!--title background-->
				<control type="image">
					<left>0</left>
					<top>0</top>
					<width>1920</width>
					<height>80</height>
					<texture background="true" colordiffuse="$VAR[Colour.500]">backgrounds/white.png</texture>
				</control>

				<!--title shadow-->
				<control type="image">
					<left>0</left>
					<top>80</top>
					<width>1920</width>
					<height>20</height>
					<texture>homeshadow.png</texture>
					<animation effect="fade" start="100" end="75" time="0" condition="true">Conditional</animation>
				</control>

				<!--top shadow-->
				<control type="image">
					<left>0</left>
					<top>160</top>
					<width>1920</width>
					<height>30</height>
					<texture>homeshadow.png</texture>
				</control>

			</control>
			
			<control type="label" id="401">
				<description>Dialog header</description>
				<left>660</left>
				<top>10</top>
				<width>600</width>
				<height>60</height>
				<align>center</align>
				<aligny>center</aligny>
				<font>menu.title</font>
				<textcolor>white</textcolor>
			</control>
			
			<control type="label" id="402">
				<description>Song Name Label</description>
				<left>660</left>
				<top>80</top>
				<width>600</width>
				<height>80</height>
				<align>center</align>
				<aligny>center</aligny>
				<font>button.bold</font>
			</control>
			
		</control>
		
	</controls>
	
</window>