<?xml version="1.0" encoding="UTF-8"?>
<includes>

	<include name="HomeRecentlyAddedInfo">
	
		<!--all content-->
		<control type="group" id="9003">
			<onup>20</onup>
			<ondown condition="System.HasAddon(script.globalsearch)">608</ondown>
			<ondown condition="!System.HasAddon(script.globalsearch)">603</ondown>
			<visible>!Window.IsVisible(Favourites)</visible>
			<include>VisibleFadeEffect</include>
			<animation effect="fade" time="300" delay="1000">WindowOpen</animation>
			<animation effect="fade" time="200">WindowClose</animation>
			
			<!--recently added movies-->
			<control type="group">
				<left>0</left>
				<top>75</top>
				<visible>Library.HasContent(Movies)</visible>
				<visible>StringCompare(Container(9000).ListItem.Property(defaultID),movies) + !Skin.HasSetting(HomepageHideRecentlyAddedVideo)</visible>
				<include>VisibleFadeEffect</include>
				
				<!--title label-->
				<control type="label">
					<centerleft>50%</centerleft>
					<top>50</top>
					<height>30</height>
					<width>810</width>
					<label>20386</label>
					<align>center</align>
					<aligny>center</aligny>
					<font>breadcrumb.secondary</font>
					<textcolor>white</textcolor>
					<shadowcolor>button.nf</shadowcolor>
				</control>
				
				<!--content list-->
				<control type="list" id="8000">
					<animation effect="slide" start="0,0" end="105,0" time="0" condition="StringCompare(Container(8000).NumItems,4)">conditional</animation>
					<animation effect="slide" start="0,0" end="210,0" time="0" condition="StringCompare(Container(8000).NumItems,3)">conditional</animation>
					<animation effect="slide" start="0,0" end="315,0" time="0" condition="StringCompare(Container(8000).NumItems,2)">conditional</animation>
					<animation effect="slide" start="0,0" end="420,0" time="0" condition="StringCompare(Container(8000).NumItems,1)">conditional</animation>
					<centerleft>50%</centerleft>
					<top>85</top>
					<width>1050</width>
					<height>330</height>
					<onleft>8000</onleft>
					<onright>8000</onright>
					<onup>20</onup>
					<ondown condition="System.HasAddon(script.globalsearch)">608</ondown>
					<ondown condition="!System.HasAddon(script.globalsearch)">603</ondown>
					<viewtype label="535">list</viewtype>
					<pagecontrol>-</pagecontrol>
					<scrolltime>200</scrolltime>
					<orientation>Horizontal</orientation>
					
					<itemlayout height="330" width="210">
						
						<!--thumb-->
						<control type="image">
							<left>0</left>
							<top>0</top>
							<width>210</width>
							<height>310</height>
							<aspectratio>scale</aspectratio>
							<texture background="true">$INFO[ListItem.Icon]</texture>
							<bordertexture>backgrounds/poster shadow small.png</bordertexture>
							<bordersize>5</bordersize>
						</control>
						
					</itemlayout>
					
					<focusedlayout height="330" width="210">
						
						<!--thumb (focused)-->
						<control type="image">
							<left>0</left>
							<top>0</top>
							<width>210</width>
							<height>310</height>
							<aspectratio>scale</aspectratio>
							<texture background="true">$INFO[ListItem.Icon]</texture>
							<bordertexture colordiffuse="$VAR[Colour.500]">backgrounds/white.png</bordertexture>
							<bordersize>5</bordersize>
							<visible>Control.HasFocus(8000)</visible>
						</control>
						
						<!--thumb (not focused)-->
						<control type="image">
							<left>0</left>
							<top>0</top>
							<width>210</width>
							<height>310</height>
							<aspectratio>scale</aspectratio>
							<texture background="true">$INFO[ListItem.Icon]</texture>
							<bordertexture>backgrounds/poster shadow small.png</bordertexture>
							<bordersize>5</bordersize>
							<visible>!Control.HasFocus(8000)</visible>
						</control>
			
						<!--label background-->
						<control type="image">
							<left>5</left>
							<top>265</top>
							<width>200</width>
							<height>40</height>
							<texture colordiffuse="tertiary">backgrounds/white.png</texture>
							<visible>Control.HasFocus(8000)</visible>
						</control>
								
						<!--main label-->
						<control type="label">
							<left>15</left>
							<top>269</top>
							<width>180</width>
							<height>60</height>
							<font>secondary.info.light</font>
							<textcolor>text.primary</textcolor>
							<selectedcolor>$VAR[Colour.500]</selectedcolor>
							<align>left</align>
							<label>$INFO[ListItem.Label]</label>
							<scroll>true</scroll>
							<visible>Control.HasFocus(8000)</visible>
						</control>
						
					</focusedlayout>
					
					<content>
					
						<item>
							<label>$INFO[Window.Property(LatestMovie.1.Title)]</label>
							<label2 />
							<onclick>PlayMedia($ESCINFO[Window.Property(LatestMovie.1.Path)])</onclick>
							<icon>$INFO[Window.Property(LatestMovie.1.Thumb)]</icon>
							<thumb>-</thumb>
							<visible>!IsEmpty(Window.Property(LatestMovie.1.Title))</visible>
						</item>
						
						<item>
							<label>$INFO[Window.Property(LatestMovie.2.Title)]</label>
							<label2 />
							<onclick>PlayMedia($ESCINFO[Window.Property(LatestMovie.2.Path)])</onclick>
							<icon>$INFO[Window.Property(LatestMovie.2.Thumb)]</icon>
							<thumb>-</thumb>
							<visible>!IsEmpty(Window.Property(LatestMovie.2.Title))</visible>
						</item>
						
						<item>
							<label>$INFO[Window.Property(LatestMovie.3.Title)]</label>
							<label2 />
							<onclick>PlayMedia($ESCINFO[Window.Property(LatestMovie.3.Path)])</onclick>
							<icon>$INFO[Window.Property(LatestMovie.3.Thumb)]</icon>
							<thumb>-</thumb>
							<visible>!IsEmpty(Window.Property(LatestMovie.3.Title))</visible>
						</item>
						
						<item>
							<label>$INFO[Window.Property(LatestMovie.4.Title)]</label>
							<label2 />
							<onclick>PlayMedia($ESCINFO[Window.Property(LatestMovie.4.Path)])</onclick>
							<icon>$INFO[Window.Property(LatestMovie.4.Thumb)]</icon>
							<thumb>-</thumb>
							<visible>!IsEmpty(Window.Property(LatestMovie.4.Title))</visible>
						</item>
						
						<item>
							<label>$INFO[Window.Property(LatestMovie.5.Title)]</label>
							<label2 />
							<onclick>PlayMedia($ESCINFO[Window.Property(LatestMovie.5.Path)])</onclick>
							<icon>$INFO[Window.Property(LatestMovie.5.Thumb)]</icon>
							<thumb>-</thumb>
							<visible>!IsEmpty(Window.Property(LatestMovie.5.Title))</visible>
						</item>
						
						<item>
							<label>$INFO[Window.Property(LatestMovie.6.Title)]</label>
							<label2 />
							<onclick>PlayMedia($ESCINFO[Window.Property(LatestMovie.6.Path)])</onclick>
							<icon>$INFO[Window.Property(LatestMovie.6.Thumb)]</icon>
							<thumb>-</thumb>
							<visible>!IsEmpty(Window.Property(LatestMovie.6.Title))</visible>
						</item>
						
						<item>
							<label>$INFO[Window.Property(LatestMovie.7.Title)]</label>
							<label2 />
							<onclick>PlayMedia($ESCINFO[Window.Property(LatestMovie.7.Path)])</onclick>
							<icon>$INFO[Window.Property(LatestMovie.7.Thumb)]</icon>
							<thumb>-</thumb>
							<visible>!IsEmpty(Window.Property(LatestMovie.7.Title))</visible>
						</item>
						
						<item>
							<label>$INFO[Window.Property(LatestMovie.8.Title)]</label>
							<label2 />
							<onclick>PlayMedia($ESCINFO[Window.Property(LatestMovie.8.Path)])</onclick>
							<icon>$INFO[Window.Property(LatestMovie.8.Thumb)]</icon>
							<thumb>-</thumb>
							<visible>!IsEmpty(Window.Property(LatestMovie.8.Title))</visible>
						</item>
						
						<item>
							<label>$INFO[Window.Property(LatestMovie.9.Title)]</label>
							<label2 />
							<onclick>PlayMedia($ESCINFO[Window.Property(LatestMovie.9.Path)])</onclick>
							<icon>$INFO[Window.Property(LatestMovie.9.Thumb)]</icon>
							<thumb>-</thumb>
							<visible>!IsEmpty(Window.Property(LatestMovie.9.Title))</visible>
						</item>
						
						<item>
							<label>$INFO[Window.Property(LatestMovie.10.Title)]</label>
							<label2 />
							<onclick>PlayMedia($ESCINFO[Window.Property(LatestMovie.10.Path)])</onclick>
							<icon>$INFO[Window.Property(LatestMovie.10.Thumb)]</icon>
							<thumb>-</thumb>
							<visible>!IsEmpty(Window.Property(LatestMovie.10.Title))</visible>
						</item>
						
					</content>
					
				</control>
				
				<!--arrows-->
				<control type="group">
				
					<!--left arrow bg-->
					<control type="button" id="80001">
						<left>380</left>
						<top>205</top>
						<width>50</width>
						<height>50</height>
						<texturefocus colordiffuse="tertiary">backgrounds/white.png</texturefocus>
						<texturenofocus colordiffuse="tertiary">backgrounds/white.png</texturenofocus>
						<onclick>Control.Move(8000,-1)</onclick>
						<visible>Container(8000).HasPrevious</visible>
						<include>VisibleFadeEffect</include>
					</control>
					
					<!--left arrow-->
					<control type="image">
						<left>380</left>
						<top>205</top>
						<width>50</width>
						<height>50</height>
						<texture colordiffuse="text.primary">arrow-big-left.png</texture>
						<visible>Container(8000).HasPrevious + !Control.HasFocus(80001)</visible>
					</control>
					
					<!--left arrow-->
					<control type="image">
						<left>370</left>
						<top>205</top>
						<width>50</width>
						<height>50</height>
						<texture colordiffuse="$VAR[Colour.500]">arrow-big-left.png</texture>
						<visible>Container(8000).HasPrevious + Control.HasFocus(80001)</visible>
					</control>
					
					<!--right arrow bg-->
					<control type="button" id="80002">
						<description>right Arrow</description>
						<left>1490</left>
						<top>205</top>
						<width>50</width>
						<height>50</height>
						<texturefocus colordiffuse="tertiary">backgrounds/white.png</texturefocus>
						<texturenofocus colordiffuse="tertiary">backgrounds/white.png</texturenofocus>
						<onclick>Control.Move(8000,1)</onclick>
						<visible>Container(8000).HasNext</visible>
						<include>VisibleFadeEffect</include>
					</control>
					
					<!--left arrow-->
					<control type="image">
						<left>1490</left>
						<top>205</top>
						<width>50</width>
						<height>50</height>
						<texture colordiffuse="text.primary">arrow-big-right.png</texture>
						<visible>Container(8000).HasNext + !Control.HasFocus(80002)</visible>
					</control>
					
					<!--left arrow-->
					<control type="image">
						<left>1490</left>
						<top>205</top>
						<width>50</width>
						<height>50</height>
						<texture colordiffuse="$VAR[Colour.500]">arrow-big-right.png</texture>
						<visible>Container(8000).HasNext + Control.HasFocus(80002)</visible>
					</control>
					
				</control>
				
			</control>
			
			<!--recently added episodes-->
			<control type="group">
				<left>0</left>
				<top>75</top>
				<visible>Library.HasContent(TVShows)</visible>
				<visible>StringCompare(Container(9000).ListItem.Property(defaultID),tvshows) + !Skin.HasSetting(HomepageHideRecentlyAddedVideo)</visible>
				<include>VisibleFadeEffect</include>
				
				<!--title-->
				<control type="label">
					<centerleft>50%</centerleft>
					<top>84</top>
					<height>30</height>
					<width>720</width>
					<label>20387</label>
					<align>center</align>
					<aligny>center</aligny>
					<font>breadcrumb.secondary</font>
					<textcolor>white</textcolor>
					<shadowcolor>button.nf</shadowcolor>
				</control>
				
				<!--content list-->
				<control type="list" id="8001">
					<animation effect="slide" start="0,0" end="170,0" time="0" condition="StringCompare(Container(8001).NumItems,3)">conditional</animation>
					<animation effect="slide" start="0,0" end="340,0" time="0" condition="StringCompare(Container(8001).NumItems,2)">conditional</animation>
					<animation effect="slide" start="0,0" end="510,0" time="0" condition="StringCompare(Container(8001).NumItems,1)">conditional</animation>
					<centerleft>50%</centerleft>
					<top>119</top>
					<width>1020</width>
					<height>330</height>
					<onleft>8001</onleft>
					<onright>8001</onright>
					<onup>20</onup>
					<ondown condition="System.HasAddon(script.globalsearch)">608</ondown>
					<ondown condition="!System.HasAddon(script.globalsearch)">603</ondown>
					<viewtype label="535">list</viewtype>
					<pagecontrol>-</pagecontrol>
					<scrolltime>200</scrolltime>
					<orientation>Horizontal</orientation>
					<focusposition>1</focusposition>
					<movement>2</movement>
					
					<itemlayout height="330" width="340">
						
						<!--bg-->
						<control type="image">
							<left>0</left>
							<top>0</top>
							<width>340</width>
							<height>242</height>
							<texture colordiffuse="black" background="true">backgrounds/white.png</texture>
							<bordertexture>backgrounds/episode shadow small.png</bordertexture>
							<bordersize>5</bordersize>
						</control>
						
						<!--thumb-->
						<control type="image">
							<left>5</left>
							<top>5</top>
							<width>330</width>
							<height>232</height>
							<aspectratio aligny="center">keep</aspectratio>
							<texture background="true">$INFO[ListItem.Icon]</texture>
						</control>
						
					</itemlayout>
					
					<focusedlayout height="330" width="340">
						
						<!--bg (focus)-->
						<control type="image">
							<left>0</left>
							<top>0</top>
							<width>340</width>
							<height>242</height>
							<texture colordiffuse="black" background="true">backgrounds/white.png</texture>
							<bordertexture colordiffuse="$VAR[Colour.500]">backgrounds/white.png</bordertexture>
							<bordersize>5</bordersize>
							<visible>Control.HasFocus(8001)</visible>
						</control>
						
						<!--bg (no focus)-->
						<control type="image">
							<left>0</left>
							<top>0</top>
							<width>340</width>
							<height>242</height>
							<texture colordiffuse="black" background="true">backgrounds/white.png</texture>
							<bordertexture>backgrounds/episode shadow small.png</bordertexture>
							<bordersize>5</bordersize>
							<visible>!Control.HasFocus(8001)</visible>
						</control>
						
						<!--thumb-->
						<control type="image">
							<left>5</left>
							<top>5</top>
							<width>330</width>
							<height>232</height>
							<aspectratio aligny="center">keep</aspectratio>
							<texture background="true">$INFO[ListItem.Icon]</texture>
						</control>
			
						<!--label background-->
						<control type="image">
							<left>5</left>
							<top>167</top>
							<width>330</width>
							<height>70</height>
							<texture colordiffuse="tertiary">backgrounds/white.png</texture>
							<visible>Control.HasFocus(8001)</visible>
						</control>
								
						<!--main label-->
						<control type="label">
							<left>15</left>
							<top>171</top>
							<width>310</width>
							<height>60</height>
							<font>secondary.info.light</font>
							<textcolor>text.primary</textcolor>
							<selectedcolor>$VAR[Colour.500]</selectedcolor>
							<align>left</align>
							<label>$INFO[ListItem.Label]</label>
							<scroll>true</scroll>
							<visible>Control.HasFocus(8001)</visible>
						</control>
								
						<!--secondary label-->
						<control type="label">
							<left>15</left>
							<top>201</top>
							<width>300</width>
							<height>60</height>
							<font>secondary.info.light</font>
							<textcolor>text.primary</textcolor>
							<selectedcolor>$VAR[Colour.500]</selectedcolor>
							<align>left</align>
							<label>$INFO[ListItem.Label2]</label>
							<scroll>true</scroll>
							<visible>Control.HasFocus(8001)</visible>
						</control>
						
					</focusedlayout>
					
					<content>
					
						<item>
							<label>$INFO[Window.Property(LatestEpisode.1.EpisodeTitle)]</label>
							<label2>$INFO[Window.Property(LatestEpisode.1.ShowTitle)] - [UPPERCASE]$INFO[Window.Property(LatestEpisode.1.EpisodeNo)][/UPPERCASE]</label2>
							<onclick>PlayMedia($ESCINFO[Window.Property(LatestEpisode.1.Path)])</onclick>
							<icon>-</icon>
							<thumb>$INFO[Window.Property(LatestEpisode.1.Thumb)]</thumb>
							<visible>!IsEmpty(Window.Property(LatestEpisode.1.EpisodeTitle))</visible>
						</item>
						
						<item>
							<label>$INFO[Window.Property(LatestEpisode.2.EpisodeTitle)]</label>
							<label2>$INFO[Window.Property(LatestEpisode.2.ShowTitle)] - [UPPERCASE]$INFO[Window.Property(LatestEpisode.2.EpisodeNo)][/UPPERCASE]</label2>
							<onclick>PlayMedia($ESCINFO[Window.Property(LatestEpisode.2.Path)])</onclick>
							<icon>-</icon>
							<thumb>$INFO[Window.Property(LatestEpisode.2.Thumb)]</thumb>
							<visible>!IsEmpty(Window.Property(LatestEpisode.2.EpisodeTitle))</visible>
						</item>
						
						<item>
							<label>$INFO[Window.Property(LatestEpisode.3.EpisodeTitle)]</label>
							<label2>$INFO[Window.Property(LatestEpisode.3.ShowTitle)] - [UPPERCASE]$INFO[Window.Property(LatestEpisode.3.EpisodeNo)][/UPPERCASE]</label2>
							<onclick>PlayMedia($ESCINFO[Window.Property(LatestEpisode.3.Path)])</onclick>
							<icon>-</icon>
							<thumb>$INFO[Window.Property(LatestEpisode.3.Thumb)]</thumb>
							<visible>!IsEmpty(Window.Property(LatestEpisode.3.EpisodeTitle))</visible>
						</item>
						
						<item>
							<label>$INFO[Window.Property(LatestEpisode.4.EpisodeTitle)]</label>
							<label2>$INFO[Window.Property(LatestEpisode.4.ShowTitle)] - [UPPERCASE]$INFO[Window.Property(LatestEpisode.4.EpisodeNo)][/UPPERCASE]</label2>
							<onclick>PlayMedia($ESCINFO[Window.Property(LatestEpisode.4.Path)])</onclick>
							<icon>-</icon>
							<thumb>$INFO[Window.Property(LatestEpisode.4.Thumb)]</thumb>
							<visible>!IsEmpty(Window.Property(LatestEpisode.4.EpisodeTitle))</visible>
						</item>
						
						<item>
							<label>$INFO[Window.Property(LatestEpisode.5.EpisodeTitle)]</label>
							<label2>$INFO[Window.Property(LatestEpisode.5.ShowTitle)] - [UPPERCASE]$INFO[Window.Property(LatestEpisode.5.EpisodeNo)][/UPPERCASE]</label2>
							<onclick>PlayMedia($ESCINFO[Window.Property(LatestEpisode.5.Path)])</onclick>
							<icon>-</icon>
							<thumb>$INFO[Window.Property(LatestEpisode.5.Thumb)]</thumb>
							<visible>!IsEmpty(Window.Property(LatestEpisode.5.EpisodeTitle))</visible>
						</item>
						
						<item>
							<label>$INFO[Window.Property(LatestEpisode.6.EpisodeTitle)]</label>
							<label2>$INFO[Window.Property(LatestEpisode.6.ShowTitle)] - [UPPERCASE]$INFO[Window.Property(LatestEpisode.6.EpisodeNo)][/UPPERCASE]</label2>
							<onclick>PlayMedia($ESCINFO[Window.Property(LatestEpisode.6.Path)])</onclick>
							<icon>-</icon>
							<thumb>$INFO[Window.Property(LatestEpisode.6.Thumb)]</thumb>
							<visible>!IsEmpty(Window.Property(LatestEpisode.6.EpisodeTitle))</visible>
						</item>
						
						<item>
							<label>$INFO[Window.Property(LatestEpisode.7.EpisodeTitle)]</label>
							<label2>$INFO[Window.Property(LatestEpisode.7.ShowTitle)] - [UPPERCASE]$INFO[Window.Property(LatestEpisode.7.EpisodeNo)][/UPPERCASE]</label2>
							<onclick>PlayMedia($ESCINFO[Window.Property(LatestEpisode.7.Path)])</onclick>
							<icon>-</icon>
							<thumb>$INFO[Window.Property(LatestEpisode.7.Thumb)]</thumb>
							<visible>!IsEmpty(Window.Property(LatestEpisode.7.EpisodeTitle))</visible>
						</item>
						
						<item>
							<label>$INFO[Window.Property(LatestEpisode.8.EpisodeTitle)]</label>
							<label2>$INFO[Window.Property(LatestEpisode.8.ShowTitle)] - [UPPERCASE]$INFO[Window.Property(LatestEpisode.8.EpisodeNo)][/UPPERCASE]</label2>
							<onclick>PlayMedia($ESCINFO[Window.Property(LatestEpisode.8.Path)])</onclick>
							<icon>-</icon>
							<thumb>$INFO[Window.Property(LatestEpisode.8.Thumb)]</thumb>
							<visible>!IsEmpty(Window.Property(LatestEpisode.8.EpisodeTitle))</visible>
						</item>
						
						<item>
							<label>$INFO[Window.Property(LatestEpisode.9.EpisodeTitle)]</label>
							<label2>$INFO[Window.Property(LatestEpisode.9.ShowTitle)] - [UPPERCASE]$INFO[Window.Property(LatestEpisode.9.EpisodeNo)][/UPPERCASE]</label2>
							<onclick>PlayMedia($ESCINFO[Window.Property(LatestEpisode.9.Path)])</onclick>
							<icon>-</icon>
							<thumb>$INFO[Window.Property(LatestEpisode.9.Thumb)]</thumb>
							<visible>!IsEmpty(Window.Property(LatestEpisode.9.EpisodeTitle))</visible>
						</item>
						
						<item>
							<label>$INFO[Window.Property(LatestEpisode.10.EpisodeTitle)]</label>
							<label2>$INFO[Window.Property(LatestEpisode.10.ShowTitle)] - [UPPERCASE]$INFO[Window.Property(LatestEpisode.10.EpisodeNo)][/UPPERCASE]</label2>
							<onclick>PlayMedia($ESCINFO[Window.Property(LatestEpisode.10.Path)])</onclick>
							<icon>-</icon>
							<thumb>$INFO[Window.Property(LatestEpisode.10.Thumb)]</thumb>
							<visible>!IsEmpty(Window.Property(LatestEpisode.10.EpisodeTitle))</visible>
						</item>
						
					</content>
					
				</control>
				
				<!--arrows-->
				<control type="group">
				
					<!--left arrow bg-->
					<control type="button" id="80011">
						<left>395</left>
						<top>205</top>
						<width>50</width>
						<height>50</height>
						<texturefocus colordiffuse="tertiary">backgrounds/white.png</texturefocus>
						<texturenofocus colordiffuse="tertiary">backgrounds/white.png</texturenofocus>
						<onclick>Control.Move(8001,-1)</onclick>
						<visible>Container(8001).HasPrevious</visible>
						<include>VisibleFadeEffect</include>
					</control>
					
					<!--left arrow-->
					<control type="image">
						<left>395</left>
						<top>205</top>
						<width>50</width>
						<height>50</height>
						<texture colordiffuse="text.primary">arrow-big-left.png</texture>
						<visible>Container(8001).HasPrevious + !Control.HasFocus(80011)</visible>
					</control>
					
					<!--left arrow-->
					<control type="image">
						<left>395</left>
						<top>205</top>
						<width>50</width>
						<height>50</height>
						<texture colordiffuse="$VAR[Colour.500]">arrow-big-left.png</texture>
						<visible>Container(8001).HasPrevious + Control.HasFocus(80011)</visible>
					</control>
					
					<!--right arrow bg-->
					<control type="button" id="80012">
						<left>1475</left>
						<top>205</top>
						<width>50</width>
						<height>50</height>
						<texturefocus colordiffuse="tertiary">backgrounds/white.png</texturefocus>
						<texturenofocus colordiffuse="tertiary">backgrounds/white.png</texturenofocus>
						<onclick>Control.Move(8001,1)</onclick>
						<visible>Container(8001).HasNext</visible>
						<include>VisibleFadeEffect</include>
					</control>
					
					<!--left arrow-->
					<control type="image">
						<left>1475</left>
						<top>205</top>
						<width>50</width>
						<height>50</height>
						<texture colordiffuse="text.primary">arrow-big-right.png</texture>
						<visible>Container(8001).HasNext + !Control.HasFocus(80012)</visible>
					</control>
					
					<!--left arrow-->
					<control type="image">
						<left>1475</left>
						<top>205</top>
						<width>50</width>
						<height>50</height>
						<texture colordiffuse="$VAR[Colour.500]">arrow-big-right.png</texture>
						<visible>Container(8001).HasNext + Control.HasFocus(80012)</visible>
					</control>
					
				</control>
				
			</control>
			
			<!--recently added albums-->
			<control type="group">
				<left>0</left>
				<top>75</top>
				<visible>Library.HasContent(Music)</visible>
				<visible>StringCompare(Container(9000).ListItem.Property(defaultID),music) + !Skin.HasSetting(HomepageHideRecentlyAddedAlbums)</visible>
				<include>VisibleFadeEffect</include>
				
				<!--title-->
				<control type="label">
					<centerleft>50%</centerleft>
					<top>84</top>
					<height>30</height>
					<width>720</width>
					<label>359</label>
					<align>center</align>
					<aligny>center</aligny>
					<font>breadcrumb.secondary</font>
					<textcolor>white</textcolor>
					<shadowcolor>button.nf</shadowcolor>
				</control>
				
				<!--content list-->
				<control type="list" id="8002">
					<animation effect="slide" start="0,0" end="123,0" time="0" condition="StringCompare(Container(8002).NumItems,3)">conditional</animation>
					<animation effect="slide" start="0,0" end="246,0" time="0" condition="StringCompare(Container(8002).NumItems,2)">conditional</animation>
					<animation effect="slide" start="0,0" end="369,0" time="0" condition="StringCompare(Container(8002).NumItems,1)">conditional</animation>
					<centerleft>50%</centerleft>
					<top>119</top>
					<width>984</width>
					<height>360</height>
					<onleft>8002</onleft>
					<onright>8002</onright>
					<onup>20</onup>
					<ondown condition="System.HasAddon(script.globalsearch)">608</ondown>
					<ondown condition="!System.HasAddon(script.globalsearch)">603</ondown>
					<viewtype label="535">list</viewtype>
					<pagecontrol>-</pagecontrol>
					<scrolltime>200</scrolltime>
					<orientation>Horizontal</orientation>
					
					<itemlayout height="330" width="246">
						
						<!--thumb-->
						<control type="image">
							<left>0</left>
							<top>0</top>
							<width>246</width>
							<height>246</height>
							<aspectratio>keep</aspectratio>
							<texture background="true">$INFO[ListItem.Icon]</texture>
							<bordertexture>backgrounds/square shadow small.png</bordertexture>
							<bordersize>5</bordersize>
						</control>
						
					</itemlayout>
					
					<focusedlayout height="330" width="246">
						
						<!--thumb (focus)-->
						<control type="image">
							<left>0</left>
							<top>0</top>
							<width>246</width>
							<height>246</height>
							<aspectratio>keep</aspectratio>
							<texture background="true">$INFO[ListItem.Icon]</texture>
							<bordertexture colordiffuse="$VAR[Colour.500]">backgrounds/white.png</bordertexture>
							<bordersize>5</bordersize>
							<visible>Control.HasFocus(8002)</visible>
						</control>
						
						<!--thumb (no focus)-->
						<control type="image">
							<left>0</left>
							<top>0</top>
							<width>246</width>
							<height>246</height>
							<aspectratio>keep</aspectratio>
							<texture background="true">$INFO[ListItem.Icon]</texture>
							<bordertexture>backgrounds/square shadow small.png</bordertexture>
							<bordersize>5</bordersize>
							<visible>!Control.HasFocus(8002)</visible>
						</control>
			
						<!--label background-->
						<control type="image">
							<left>5</left>
							<top>172</top>
							<width>236</width>
							<height>70</height>
							<texture colordiffuse="tertiary">backgrounds/white.png</texture>
							<visible>Control.HasFocus(8002)</visible>
						</control>
								
						<!--main label-->
						<control type="label">
							<left>15</left>
							<top>176</top>
							<width>216</width>
							<height>60</height>
							<font>secondary.info.light</font>
							<textcolor>text.primary</textcolor>
							<selectedcolor>$VAR[Colour.500]</selectedcolor>
							<align>left</align>
							<label>$INFO[ListItem.Label]</label>
							<scroll>true</scroll>
							<visible>Control.HasFocus(8002)</visible>
						</control>
								
						<!--secondary label-->
						<control type="label">
							<left>15</left>
							<top>205</top>
							<width>206</width>
							<height>60</height>
							<font>secondary.info.light</font>
							<textcolor>text.primary</textcolor>
							<selectedcolor>$VAR[Colour.500]</selectedcolor>
							<align>left</align>
							<label>$INFO[ListItem.Label2]</label>
							<scroll>true</scroll>
							<visible>Control.HasFocus(8002)</visible>
						</control>
						
					</focusedlayout>
					
					<content>
					
						<item>
							<label>$INFO[Window.Property(LatestAlbum.1.Title)]</label>
							<label2>$INFO[Window.Property(LatestAlbum.1.Artist)]</label2>
							<onclick>PlayList.Clear</onclick>
							<onclick>PlayMedia("$INFO[Window.Property(LatestAlbum.1.Path)]")</onclick>
							<icon>-</icon>
							<thumb>$INFO[Window.Property(LatestAlbum.1.Thumb)]</thumb>
							<visible>!IsEmpty(Window.Property(LatestAlbum.1.Title))</visible>
						</item>
						
						<item>
							<label>$INFO[Window.Property(LatestAlbum.2.Title)]</label>
							<label2>$INFO[Window.Property(LatestAlbum.2.Artist)]</label2>
							<onclick>PlayList.Clear</onclick>
							<onclick>PlayMedia("$INFO[Window.Property(LatestAlbum.2.Path)]")</onclick>
							<icon>-</icon>
							<thumb>$INFO[Window.Property(LatestAlbum.2.Thumb)]</thumb>
							<visible>!IsEmpty(Window.Property(LatestAlbum.2.Title))</visible>
						</item>
						
						<item>
							<label>$INFO[Window.Property(LatestAlbum.3.Title)]</label>
							<label2>$INFO[Window.Property(LatestAlbum.3.Artist)]</label2>
							<onclick>PlayList.Clear</onclick>
							<onclick>PlayMedia("$INFO[Window.Property(LatestAlbum.3.Path)]")</onclick>
							<icon>-</icon>
							<thumb>$INFO[Window.Property(LatestAlbum.3.Thumb)]</thumb>
							<visible>!IsEmpty(Window.Property(LatestAlbum.3.Title))</visible>
						</item>
						
						<item>
							<label>$INFO[Window.Property(LatestAlbum.4.Title)]</label>
							<label2>$INFO[Window.Property(LatestAlbum.4.Artist)]</label2>
							<onclick>PlayList.Clear</onclick>
							<onclick>PlayMedia("$INFO[Window.Property(LatestAlbum.4.Path)]")</onclick>
							<icon>-</icon>
							<thumb>$INFO[Window.Property(LatestAlbum.4.Thumb)]</thumb>
							<visible>!IsEmpty(Window.Property(LatestAlbum.4.Title))</visible>
						</item>
						
						<item>
							<label>$INFO[Window.Property(LatestAlbum.5.Title)]</label>
							<label2>$INFO[Window.Property(LatestAlbum.5.Artist)]</label2>
							<onclick>PlayList.Clear</onclick>
							<onclick>PlayMedia("$INFO[Window.Property(LatestAlbum.5.Path)]")</onclick>
							<icon>-</icon>
							<thumb>$INFO[Window.Property(LatestAlbum.5.Thumb)]</thumb>
							<visible>!IsEmpty(Window.Property(LatestAlbum.5.Title))</visible>
						</item>
						
						<item>
							<label>$INFO[Window.Property(LatestAlbum.6.Title)]</label>
							<label2>$INFO[Window.Property(LatestAlbum.6.Artist)]</label2>
							<onclick>PlayList.Clear</onclick>
							<onclick>PlayMedia("$INFO[Window.Property(LatestAlbum.6.Path)]")</onclick>
							<icon>-</icon>
							<thumb>$INFO[Window.Property(LatestAlbum.6.Thumb)]</thumb>
							<visible>!IsEmpty(Window.Property(LatestAlbum.6.Title))</visible>
						</item>
						
						<item>
							<label>$INFO[Window.Property(LatestAlbum.7.Title)]</label>
							<label2>$INFO[Window.Property(LatestAlbum.7.Artist)]</label2>
							<onclick>PlayList.Clear</onclick>
							<onclick>PlayMedia("$INFO[Window.Property(LatestAlbum.7.Path)]")</onclick>
							<icon>-</icon>
							<thumb>$INFO[Window.Property(LatestAlbum.7.Thumb)]</thumb>
							<visible>!IsEmpty(Window.Property(LatestAlbum.7.Title))</visible>
						</item>
						
						<item>
							<label>$INFO[Window.Property(LatestAlbum.8.Title)]</label>
							<label2>$INFO[Window.Property(LatestAlbum.8.Artist)]</label2>
							<onclick>PlayList.Clear</onclick>
							<onclick>PlayMedia("$INFO[Window.Property(LatestAlbum.8.Path)]")</onclick>
							<icon>-</icon>
							<thumb>$INFO[Window.Property(LatestAlbum.8.Thumb)]</thumb>
							<visible>!IsEmpty(Window.Property(LatestAlbum.8.Title))</visible>
						</item>
						
						<item>
							<label>$INFO[Window.Property(LatestAlbum.9.Title)]</label>
							<label2>$INFO[Window.Property(LatestAlbum.9.Artist)]</label2>
							<onclick>PlayList.Clear</onclick>
							<onclick>PlayMedia("$INFO[Window.Property(LatestAlbum.9.Path)]")</onclick>
							<icon>-</icon>
							<thumb>$INFO[Window.Property(LatestAlbum.9.Thumb)]</thumb>
							<visible>!IsEmpty(Window.Property(LatestAlbum.9.Title))</visible>
						</item>
						
						<item>
							<label>$INFO[Window.Property(LatestAlbum.10.Title)]</label>
							<label2>$INFO[Window.Property(LatestAlbum.10.Artist)]</label2>
							<onclick>PlayList.Clear</onclick>
							<onclick>PlayMedia("$INFO[Window.Property(LatestAlbum.10.Path)]")</onclick>
							<icon>-</icon>
							<thumb>$INFO[Window.Property(LatestAlbum.10.Thumb)]</thumb>
							<visible>!IsEmpty(Window.Property(LatestAlbum.10.Title))</visible>
						</item>
						
					</content>
					
				</control>
				
				<!--arrows-->
				<control type="group">
				
					<!--left arrow bg-->
					<control type="button" id="80021">
						<left>413</left>
						<top>205</top>
						<width>50</width>
						<height>50</height>
						<texturefocus colordiffuse="tertiary">backgrounds/white.png</texturefocus>
						<texturenofocus colordiffuse="tertiary">backgrounds/white.png</texturenofocus>
						<onclick>Control.Move(8002,-1)</onclick>
						<visible>Container(8002).HasPrevious</visible>
						<include>VisibleFadeEffect</include>
					</control>
					
					<!--left arrow-->
					<control type="image">
						<left>413</left>
						<top>205</top>
						<width>50</width>
						<height>50</height>
						<texture colordiffuse="text.primary">arrow-big-left.png</texture>
						<visible>Container(8002).HasPrevious + !Control.HasFocus(80021)</visible>
					</control>
					
					<!--left arrow-->
					<control type="image">
						<left>413</left>
						<top>205</top>
						<width>50</width>
						<height>50</height>
						<texture colordiffuse="$VAR[Colour.500]">arrow-big-left.png</texture>
						<visible>Container(8002).HasPrevious + Control.HasFocus(80021)</visible>
					</control>
					
					<!--right arrow bg-->
					<control type="button" id="80022">
						<description>right Arrow</description>
						<left>1457</left>
						<top>205</top>
						<width>50</width>
						<height>50</height>
						<texturefocus colordiffuse="tertiary">backgrounds/white.png</texturefocus>
						<texturenofocus colordiffuse="tertiary">backgrounds/white.png</texturenofocus>
						<onclick>Control.Move(8002,1)</onclick>
						<visible>Container(8002).HasNext</visible>
						<include>VisibleFadeEffect</include>
					</control>
					
					<!--left arrow-->
					<control type="image">
						<left>1457</left>
						<top>205</top>
						<width>50</width>
						<height>50</height>
						<texture colordiffuse="text.primary">arrow-big-right.png</texture>
						<visible>Container(8002).HasNext + !Control.HasFocus(80022)</visible>
					</control>
					
					<!--left arrow-->
					<control type="image">
						<left>1457</left>
						<top>205</top>
						<width>50</width>
						<height>50</height>
						<texture colordiffuse="$VAR[Colour.500]">arrow-big-right.png</texture>
						<visible>Container(8002).HasNext + Control.HasFocus(80022)</visible>
					</control>
					
				</control>
				
			</control>
			
		</control>
		
	</include>
	
</includes>