<?xml version="1.0" encoding="UTF-8"?>
<window>

	<defaultcontrol always="true">602</defaultcontrol>
	
	<controls>
	
		<control type="button" id="1000">
			<description>Close Window button</description>
			<left>126r</left>
			<top>0</top>
			<width>96</width>
			<height>48</height>
			<label>-</label>
			<font>-</font>
			<onclick>Dialog.Close(MusicOSD,true)</onclick>
			<onclick>FullScreen</onclick>
			<texturefocus>DialogCloseButton-focus.png</texturefocus>
			<texturenofocus>DialogCloseButton.png</texturenofocus>
			<onleft>1000</onleft>
			<onright>1000</onright>
			<onup>100</onup>
			<ondown>100</ondown>
			<animation effect="fade" time="200">VisibleChange</animation>
			<visible>![Window.IsVisible(AddonSettings) | Window.IsVisible(SelectDialog) | Window.IsVisible(VisualisationPresetList)]</visible>
		</control>
		
		<!--background-->
		<control type="image" id="1">
			<left>390</left>
			<top>105r</top>
			<width>1140</width>
			<height>85</height>
			<texture colordiffuse="tertiary">backgrounds/osd bg.png</texture>
			<visible>![Window.IsVisible(AddonSettings) | Window.IsVisible(SelectDialog) | Window.IsVisible(VisualisationPresetList)]</visible>
		</control>
		
		<control type="slider" id="87">
			<description>Seek Slider</description>
			<left>415</left>
			<top>155r</top>
			<width>1090</width>
			<height>7</height>
			<onup>702</onup>
			<ondown>26</ondown>
			<action>seek</action>
			<animation effect="fade" time="200">VisibleChange</animation>
			<visible>![Window.IsVisible(AddonSettings) | Window.IsVisible(SelectDialog) | Window.IsVisible(VisualisationPresetList)]</visible>
		</control>
		
		<control type="group" id="100">
			<left>420</left>
			<top>82r</top>
			<animation effect="fade" time="200">VisibleChange</animation>
			<visible>![Window.IsVisible(AddonSettings) | Window.IsVisible(SelectDialog) | Window.IsVisible(VisualisationPresetList)]</visible>
			
			<control type="button" id="600">
				<left>0</left>
				<top>0</top>
				<width>40</width>
				<height>40</height>
				<label>210</label>
				<font>-</font>
				<texturefocus colordiffuse="$VAR[Colour.500]">OSDPrevTrackNF.png</texturefocus>
				<texturenofocus colordiffuse="text.primary">OSDPrevTrackNF.png</texturenofocus>
				<onleft>704</onleft>
				<onright>601</onright>
				<onup>1000</onup>
				<ondown>1000</ondown>
				<onclick>PlayerControl(Previous)</onclick>
			</control>
			
			<control type="button" id="601">
				<left>75</left>
				<top>0</top>
				<width>40</width>
				<height>40</height>
				<label>31354</label>
				<font>-</font>
				<texturefocus colordiffuse="$VAR[Colour.500]">OSDRewindNF.png</texturefocus>
				<texturenofocus colordiffuse="text.primary">OSDRewindNF.png</texturenofocus>
				<onleft>600</onleft>
				<onright>602</onright>
				<onup>1000</onup>
				<ondown>1000</ondown>
				<onclick>PlayerControl(Rewind)</onclick>
			</control>
			
			<control type="togglebutton" id="602">
				<left>150</left>
				<top>0</top>
				<width>40</width>
				<height>40</height>
				<label>31351</label>
				<altlabel>208</altlabel>
				<font>-</font>
				<texturefocus colordiffuse="$VAR[Colour.500]">OSDPauseNF.png</texturefocus>
				<texturenofocus colordiffuse="text.primary">OSDPauseNF.png</texturenofocus>
				<usealttexture>Player.Paused | Player.Forwarding | Player.Rewinding</usealttexture>
				<alttexturefocus colordiffuse="$VAR[Colour.500]">OSDPlayNF.png</alttexturefocus>
				<alttexturenofocus colordiffuse="text.primary">OSDPlayNF.png</alttexturenofocus>
				<onleft>601</onleft>
				<onright>603</onright>
				<onup>1000</onup>
				<ondown>1000</ondown>
				<onclick>PlayerControl(Play)</onclick>
			</control>
			
			<control type="button" id="603">
				<left>225</left>
				<top>0</top>
				<width>40</width>
				<height>40</height>
				<label>31352</label>
				<font>-</font>
				<texturefocus colordiffuse="$VAR[Colour.500]">OSDStopNF.png</texturefocus>
				<texturenofocus colordiffuse="text.primary">OSDStopNF.png</texturenofocus>
				<onleft>602</onleft>
				<onright>604</onright>
				<onup>1000</onup>
				<ondown>1000</ondown>
				<onclick>PlayerControl(Stop)</onclick>
			</control>
			
			<control type="button" id="604">
				<left>300</left>
				<top>0</top>
				<width>40</width>
				<height>40</height>
				<label>31353</label>
				<font>-</font>
				<texturefocus colordiffuse="$VAR[Colour.500]">OSDForwardNF.png</texturefocus>
				<texturenofocus colordiffuse="text.primary">OSDForwardNF.png</texturenofocus>
				<onleft>603</onleft>
				<onright>605</onright>
				<onup>1000</onup>
				<ondown>1000</ondown>
				<onclick>PlayerControl(Forward)</onclick>
			</control>
			
			<control type="button" id="605">
				<left>375</left>
				<top>0</top>
				<width>40</width>
				<height>40</height>
				<label>209</label>
				<font>-</font>
				<texturefocus colordiffuse="$VAR[Colour.500]">OSDNextTrackNF.png</texturefocus>
				<texturenofocus colordiffuse="text.primary">OSDNextTrackNF.png</texturenofocus>
				<onleft>604</onleft>
				<onright>606</onright>
				<onup>1000</onup>
				<ondown>1000</ondown>
				<onclick>PlayerControl(Next)</onclick>
			</control>
			
			<control type="button" id="606">
				<left>450</left>
				<top>-5</top>
				<width>50</width>
				<height>50</height>
				<label>$LOCALIZE[486]$INFO[Playlist.Repeat, : ]</label>
				<font>-</font>
				<texturefocus>-</texturefocus>
				<texturenofocus>-</texturenofocus>
				<onclick>XBMC.PlayerControl(Repeat)</onclick>
				<onleft>605</onleft>
				<onright>607</onright>
				<onup>1000</onup>
				<ondown>1000</ondown>
			</control>
			
			<control type="image">
				<left>450</left>
				<top>-5</top>
				<width>50</width>
				<height>50</height>
				<texture colordiffuse="text.primary">OSDRepeatNF.png</texture>
				<visible>!Playlist.IsRepeat + !Playlist.IsRepeatOne</visible>
				<visible>!Control.HasFocus(606)</visible>
			</control>
			
			<control type="image">
				<left>450</left>
				<top>-5</top>
				<width>50</width>
				<height>50</height>
				<texture colordiffuse="$VAR[Colour.500]">OSDRepeatNF.png</texture>
				<visible>!Playlist.IsRepeat + !Playlist.IsRepeatOne</visible>
				<visible>Control.HasFocus(606)</visible>
			</control>
			
			<control type="image">
				<left>450</left>
				<top>-5</top>
				<width>50</width>
				<height>50</height>
				<texture colordiffuse="text.primary">OSDRepeatOneNF.png</texture>
				<visible>Playlist.IsRepeatOne</visible>
				<visible>!Control.HasFocus(606)</visible>
			</control>
			
			<control type="image">
				<left>450</left>
				<top>-5</top>
				<width>50</width>
				<height>50</height>
				<texture colordiffuse="$VAR[Colour.500]">OSDRepeatOneNF.png</texture>
				<visible>Playlist.IsRepeatOne</visible>
				<visible>Control.HasFocus(606)</visible>
			</control>
			
			<control type="image">
				<left>450</left>
				<top>-5</top>
				<width>50</width>
				<height>50</height>
				<texture colordiffuse="text.primary">OSDRepeatAllNF.png</texture>
				<visible>Playlist.IsRepeat</visible>
				<visible>!Control.HasFocus(606)</visible>
			</control>
			
			<control type="image">
				<left>450</left>
				<top>-5</top>
				<width>50</width>
				<height>50</height>
				<texture colordiffuse="$VAR[Colour.500]">OSDRepeatAllNF.png</texture>
				<visible>Playlist.IsRepeat</visible>
				<visible>Control.HasFocus(606)</visible>
			</control>
			
			<control type="togglebutton" id="607">
				<left>525</left>
				<top>-5</top>
				<width>50</width>
				<height>50</height>
				<label>$LOCALIZE[590]$INFO[Playlist.Random, : ]</label>
				<font>-</font>
				<texturefocus colordiffuse="$VAR[Colour.500]">OSDRandomOffNF.png</texturefocus>
				<texturenofocus colordiffuse="text.primary">OSDRandomOffNF.png</texturenofocus>
				<usealttexture>Playlist.IsRandom</usealttexture>
				<alttexturefocus colordiffuse="$VAR[Colour.500]">OSDRandomOnNF.png</alttexturefocus>
				<alttexturenofocus colordiffuse="text.primary">OSDRandomOnNF.png</alttexturenofocus>
				<onclick>XBMC.PlayerControl(Random)</onclick>
				<onleft>606</onleft>
				<onright>701</onright>
				<onup>1000</onup>
				<ondown>1000</ondown>
			</control>
			
		</control>
		
		<control type="group">
			<left>755r</left>
			<top>82r</top>
			<animation effect="fade" time="200">VisibleChange</animation>
			<visible>![Window.IsVisible(AddonSettings) | Window.IsVisible(SelectDialog) | Window.IsVisible(VisualisationPresetList)]</visible>
			
			<control type="togglebutton" id="701">
				<left>0</left>
				<top>0</top>
				<width>40</width>
				<height>40</height>
				<label>31128</label>
				<font>-</font>
				<texturefocus colordiffuse="$VAR[Colour.500]">OSDLyricsNF.png</texturefocus>
				<texturenofocus colordiffuse="text.primary">OSDLyricsNF.png</texturenofocus>
				<alttexturefocus colordiffuse="$VAR[Colour.500]">OSDLyricsNF.png</alttexturefocus>
				<alttexturenofocus colordiffuse="text.primary">OSDLyricsNF.png</alttexturenofocus>
				<onleft>607</onleft>
				<onright>500</onright>
				<onup>1000</onup>
				<ondown>1000</ondown>
				<onclick>Close</onclick>
				<onclick>XBMC.RunScript($INFO[Skin.String(LyricScript_Path)])</onclick>
				<altclick>Skin.SetAddon(LyricScript_Path,xbmc.python.lyrics)</altclick>
				<altclick>Close</altclick>
				<altclick>XBMC.RunScript($INFO[Skin.String(LyricScript_Path)])</altclick>
				<usealttexture>IsEmpty(Skin.String(LyricScript_Path))</usealttexture>
			</control>
			
			<control type="button" id="500">
				<left>75</left>
				<top>0</top>
				<width>40</width>
				<height>40</height>
				<label>12006</label>
				<font>-</font>
				<texturefocus colordiffuse="$VAR[Colour.500]">OSDVizNF.png</texturefocus>
				<texturenofocus colordiffuse="text.primary">OSDVizNF.png</texturenofocus>
				<onleft>701</onleft>
				<onright>702</onright>
				<onup>1000</onup>
				<ondown>1000</ondown>
			</control>
			
			<control type="button" id="702">
				<left>150</left>
				<top>0</top>
				<width>40</width>
				<height>40</height>
				<label>$LOCALIZE[250] $LOCALIZE[21417]</label>
				<font>-</font>
				<texturefocus colordiffuse="$VAR[Colour.500]">OSDPresetSettingsNF.png</texturefocus>
				<texturenofocus colordiffuse="text.primary">OSDPresetSettingsNF.png</texturenofocus>
				<onleft>500</onleft>
				<onright>703</onright>
				<onup>1000</onup>
				<ondown>1000</ondown>
				<onclick>Addon.Default.OpenSettings(xbmc.player.musicviz)</onclick>
			</control>
			
			<control type="button" id="703">
				<left>225</left>
				<top>0</top>
				<width>40</width>
				<height>40</height>
				<label>31048</label>
				<font>-</font>
				<texturefocus colordiffuse="$VAR[Colour.500]">OSDPreNF.png</texturefocus>
				<texturenofocus colordiffuse="text.primary">OSDPreNF.png</texturenofocus>
				<onleft>702</onleft>
				<onright>704</onright>
				<onup>1000</onup>
				<ondown>1000</ondown>
				<onclick>ActivateWindow(122)</onclick>
			</control>
			
			<control type="button" id="704">
				<left>300</left>
				<top>0</top>
				<width>40</width>
				<height>40</height>
				<label>264</label>
				<font>-</font>
				<texturefocus colordiffuse="$VAR[Colour.500]">OSDRecordOffNF.png</texturefocus>
				<texturenofocus colordiffuse="text.primary">OSDRecordOffNF.png</texturenofocus>
				<onleft>703</onleft>
				<onright>600</onright>
				<onup>1000</onup>
				<ondown>1000</ondown>
				<onclick>XBMC.PlayerControl(record)</onclick>
				<enable>Player.CanRecord</enable>
				<animation effect="fade" start="100" end="50" time="100" condition="!Player.CanRecord">Conditional</animation>
			</control>
			
		</control>
		
	</controls>
	
</window>