<?xml version="1.0" encoding="UTF-8"?>

<window>

	<controls>
	
		<control type="karvisualisation" id="1">
			<description>visualisation</description>
			<left>0</left>
			<top>0</top>
			<width>1920</width>
			<height>1080</height>
			<visible>false</visible>
		</control>
		
		<control type="image" id="2">
			<description>fullscreen image</description>
			<left>0</left>
			<top>0</top>
			<width>1920</width>
			<height>1080</height>
			<visible>false</visible>
		</control>
		
		<control type="group">
			<visible>MusicPlayer.Offset(number).Exists + !IntegerGreaterThan(Player.TimeRemaining,20)</visible>
			<animation effect="slide" start="0,-80" end="0,20" time="100">Visible</animation>
			<left>630</left>
			<top>0</top>
			
			<control type="image">
				<left>4</left>
				<top>0</top>
				<width>705</width>
				<height>80</height>
				<texture colordiffuse="tertiary">backgrounds/white.png</texture>
			</control>
			
			<control type="image">
				<left>0</left>
				<top>0</top>
				<width>4</width>
				<height>80</height>
				<texture colordiffuse="$VAR[Colour.500]">backgrounds/white.png</texture>
			</control>
			
			<control type="label" id="402">
				<description>Next Song Name</description>
				<left>20</left>
				<top>20</top>
				<width>665</width>
				<height>40</height>
				<font>channel</font>
				<textcolor>$VAR[Colour.500]</textcolor>
				<label>$LOCALIZE[19031] : [COLOR=text.primary]$INFO[MusicPlayer.offset(1).Title][/COLOR]</label>
				<align>center</align>
				<aligny>center</aligny>
			</control>
			
		</control>
		
	</controls>
	
</window>