<?xml version="1.0" encoding="UTF-8"?>

<window>

	<defaultcontrol always="true">10</defaultcontrol>
	<allowoverlay>no</allowoverlay>
	<views>10,11,12,13</views>
	
	<controls>
	
		<include>CommonBackground</include>
		<include>MainWindowMouseButtons</include>
		<include>PVRHeader</include>
		<include>Clock</include>
		
		<control type="group" id="50">
			<include>Window_OpenClose_Animation</include>
			<include>PVRGuideViewTimeline</include>
			<include>PVRGuideViewNow</include>
			<include>PVRGuideViewNext</include>
			<include>PVRGuideViewChannel</include>
		</control>
		
		<include>CommonNowPlaying</include>
		<include>BehindDialogFadeOut</include>
		<include>ScrollOffsetLabel</include>
		
		<control type="image">
			<left>0</left>
			<top>0</top>
			<width>1920</width>
			<height>1080</height>
			<texture>black-back.png</texture>
			<animation effect="fade" time="400">Visible</animation>
			<animation effect="fade" time="200">Hidden</animation>
			<visible>Window.IsActive(FileBrowser) | Window.IsActive(PVRGuideInfo) | Window.IsActive(PVRRecordingInfo) | Window.IsActive(PVRTimerSetting) | Window.IsActive(PVRGroupManager) | Window.IsActive(PVRGuideSearch)</visible>
		</control>
		
		<include>PVRSideBlade</include>

	</controls>
	
</window>
