<?xml version="1.0" encoding="UTF-8"?>

<includes>

	<include name="WeatherDaily">
	
		<control type="group">
			<animation effect="slide" start="-1200,0" end="0,0" time="400" tween="quadratic" easing="out">WindowOpen</animation>
			<animation effect="slide" start="0,0" end="-1200,0" time="400" tween="quadratic" easing="out">WindowClose</animation>

			<control type="list" id="51">
				<left>135</left>
				<top>200</top>
				<width>913</width>
				<height>700</height>
				<onleft>9000</onleft>
				<onright>61</onright>
				<onup>51</onup>
				<ondown>51</ondown>
				<viewtype label="535">list</viewtype>
				<pagecontrol>61</pagecontrol>
				<scrolltime>200</scrolltime>
				<visible>IsEmpty(Window.Property(Weather.CurrentView))</visible>
				
				<itemlayout height="175" width="913" condition="IsEmpty(Window.Property(Daily.IsFetched))">
				
					<!--background-->
					<control type="image">
						<left>4</left>
						<top>0</top>
						<width>909</width>
						<height>165</height>
						<texture colordiffuse="button.nf">backgrounds/white.png</texture>
					</control>
					
					<control type="label">
						<left>225</left>
						<top>8</top>
						<width>450</width>
						<height>38</height>
						<font>button.bold</font>
						<textcolor>white</textcolor>
						<selectedcolor>selected</selectedcolor>
						<align>center</align>
						<aligny>center</aligny>
						<label>$INFO[ListItem.Label]</label>
					</control>
					
					<control type="image">
						<left>715</left>
						<top>7</top>
						<width>150</width>
						<height>150</height>
						<aspectratio>keep</aspectratio>
						<texture>$INFO[ListItem.ActualIcon]</texture>
					</control>
					
					<control type="label">
						<left>45</left>
						<top>52</top>
						<width>585</width>
						<height>45</height>
						<font>secondary.info</font>
						<textcolor>white</textcolor>
						<selectedcolor>selected</selectedcolor>
						<align>left</align>
						<aligny>center</aligny>
						<label>[COLOR=grey2]$LOCALIZE[419] : [/COLOR]$INFO[ListItem.Property(HighTemp)]$INFO[ListItem.Property(TempUnits)]     [COLOR=grey2]$LOCALIZE[418] : [/COLOR]$INFO[ListItem.Property(LowTemp)]$INFO[ListItem.Property(TempUnits)]</label>
						<visible>!IsEmpty(ListItem.Property(HighTemp))</visible>
					</control>
					
					<control type="label">
						<left>45</left>
						<top>105</top>
						<width>600</width>
						<height>75</height>
						<font>secondary.info</font>
						<textcolor>grey2</textcolor>
						<selectedcolor>selected</selectedcolor>
						<align>left</align>
						<label>$INFO[ListItem.Property(Outlook)]</label>
					</control>
					
				</itemlayout>
				
				<focusedlayout height="175" width="913" condition="IsEmpty(Window.Property(Daily.IsFetched))">

					<!--background-->
					<control type="image">
						<left>4</left>
						<top>0</top>
						<width>909</width>
						<height>165</height>
						<texture colordiffuse="tertiary">backgrounds/white.png</texture>
						<animation effect="fade" start="100" end="75" time="200" condition="!Control.HasFocus(51)">Conditional</animation>
					</control>

					<!--background strip-->
					<control type="image">
						<left>0</left>
						<top>0</top>
						<width>4</width>
						<height>165</height>
						<texture colordiffuse="$VAR[Colour.500]">backgrounds/white.png</texture>
						<animation effect="fade" start="100" end="75" time="200" condition="!Control.HasFocus(51)">Conditional</animation>
					</control>

					<control type="label">
						<left>225</left>
						<top>8</top>
						<width>450</width>
						<height>38</height>
						<font>button.bold</font>
						<textcolor>text.primary</textcolor>
						<selectedcolor>selected</selectedcolor>
						<align>center</align>
						<aligny>center</aligny>
						<label>$INFO[ListItem.Label]</label>
					</control>
					
					<control type="image">
						<left>715</left>
						<top>7</top>
						<width>150</width>
						<height>150</height>
						<aspectratio>keep</aspectratio>
						<texture>$INFO[ListItem.ActualIcon]</texture>
					</control>
					
					<control type="label">
						<left>45</left>
						<top>52</top>
						<width>585</width>
						<height>45</height>
						<font>secondary.info</font>
						<textcolor>$VAR[Colour.500]</textcolor>
						<selectedcolor>selected</selectedcolor>
						<align>left</align>
						<aligny>center</aligny>
						<label>[COLOR=text.primary]$LOCALIZE[419] : [/COLOR]$INFO[ListItem.Property(HighTemp)]$INFO[ListItem.Property(TempUnits)]     [COLOR=text.primary]$LOCALIZE[418] : [/COLOR]$INFO[ListItem.Property(LowTemp)]$INFO[ListItem.Property(TempUnits)]</label>
						<visible>!IsEmpty(ListItem.Property(HighTemp))</visible>
					</control>
					
					<control type="label">
						<left>45</left>
						<top>105</top>
						<width>600</width>
						<height>75</height>
						<font>secondary.info</font>
						<textcolor>text.primary</textcolor>
						<selectedcolor>selected</selectedcolor>
						<align>left</align>
						<label>$INFO[ListItem.Property(Outlook)]</label>
					</control>
					
				</focusedlayout>

				<itemlayout height="175" width="913" condition="!IsEmpty(Window.Property(Daily.IsFetched))">
					
					<!--background-->
					<control type="image">
						<left>4</left>
						<top>0</top>
						<width>909</width>
						<height>165</height>
						<texture colordiffuse="button.nf">backgrounds/white.png</texture>
					</control>
					
					<control type="label">
						<left>0</left>
						<top>0</top>
						<width>150</width>
						<height>180</height>
						<font>secondary.info</font>
						<textcolor>white</textcolor>
						<selectedcolor>selected</selectedcolor>
						<align>center</align>
						<aligny>center</aligny>
						<label>$INFO[ListItem.Label]</label>
					</control>
					
					<control type="image">
						<left>165</left>
						<top>8</top>
						<width>120</width>
						<height>120</height>
						<aspectratio>keep</aspectratio>
						<texture>$INFO[ListItem.Thumb]</texture>
					</control>
					
					<control type="label">
						<left>300</left>
						<top>0</top>
						<width>585</width>
						<height>105</height>
						<font>secondary.info</font>
						<textcolor>white</textcolor>
						<selectedcolor>selected</selectedcolor>
						<align>right</align>
						<aligny>center</aligny>
						<label>$INFO[ListItem.Label2]</label>
					</control>
					
					<control type="label">
						<left>8</left>
						<top>90</top>
						<width>885</width>
						<height>75</height>
						<font>secondary.info</font>
						<textcolor>white</textcolor>
						<selectedcolor>selected</selectedcolor>
						<align>center</align>
						<label>$INFO[ListItem.ActualIcon]</label>
					</control>
					
				</itemlayout>

				<focusedlayout height="175" width="913" condition="!IsEmpty(Window.Property(Daily.IsFetched))">

					<!--background-->
					<control type="image">
						<left>4</left>
						<top>0</top>
						<width>909</width>
						<height>165</height>
						<texture colordiffuse="tertiary">backgrounds/white.png</texture>
						<animation effect="fade" start="100" end="75" time="200" condition="!Control.HasFocus(51)">Conditional</animation>
					</control>
					
					<!--background strip-->
					<control type="image">
						<left>0</left>
						<top>0</top>
						<width>4</width>
						<height>165</height>
						<texture colordiffuse="$VAR[Colour.500]">backgrounds/white.png</texture>
						<animation effect="fade" start="100" end="75" time="200" condition="!Control.HasFocus(51)">Conditional</animation>
					</control>
					
					<control type="label">
						<left>0</left>
						<top>0</top>
						<width>150</width>
						<height>180</height>
						<font>secondary.info</font>
						<textcolor>text.primary</textcolor>
						<selectedcolor>selected</selectedcolor>
						<align>center</align>
						<aligny>center</aligny>
						<label>$INFO[ListItem.Label]</label>
					</control>
					
					<control type="image">
						<left>165</left>
						<top>8</top>
						<width>120</width>
						<height>120</height>
						<aspectratio>keep</aspectratio>
						<texture>$INFO[ListItem.Thumb]</texture>
					</control>
					
					<control type="label">
						<left>300</left>
						<top>0</top>
						<width>585</width>
						<height>105</height>
						<font>secondary.info</font>
						<textcolor>$VAR[Colour.500]</textcolor>
						<selectedcolor>selected</selectedcolor>
						<align>right</align>
						<aligny>center</aligny>
						<label>$INFO[ListItem.Label2]</label>
					</control>
					
					<control type="label">
						<left>8</left>
						<top>90</top>
						<width>885</width>
						<height>75</height>
						<font>secondary.info</font>
						<textcolor>$VAR[Colour.500]</textcolor>
						<selectedcolor>selected</selectedcolor>
						<align>center</align>
						<label>$INFO[ListItem.ActualIcon]</label>
					</control>
					
				</focusedlayout>

				<content>
				
					<item>
						<label>-</label>
						<icon>-</icon>
						<onclick>noop</onclick>
						<visible>!Weather.IsFetched</visible>
					</item>
					
					<item>
						<label>$INFO[Window.Property(Day0.Title)]</label>
						<icon>$INFO[Window.Property(Day0.OutlookIcon)]</icon>
						<property name="HighTemp">$INFO[Window.Property(Day0.HighTemp)]</property>
						<property name="LowTemp">$INFO[Window.Property(Day0.LowTemp)]</property>
						<property name="Outlook">$INFO[Window.Property(Day0.Outlook)]</property>
						<property name="TempUnits">$INFO[System.TemperatureUnits]</property>
						<onclick>noop</onclick>
						<visible>Weather.IsFetched + !IsEmpty(Window.Property(Day0.Outlook)) + IsEmpty(Window.Property(Daily.IsFetched))</visible>
					</item>
					
					<item>
						<label>$INFO[Window.Property(Day1.Title)]</label>
						<icon>$INFO[Window.Property(Day1.OutlookIcon)]</icon>
						<property name="HighTemp">$INFO[Window.Property(Day1.HighTemp)]</property>
						<property name="LowTemp">$INFO[Window.Property(Day1.LowTemp)]</property>
						<property name="Outlook">$INFO[Window.Property(Day1.Outlook)]</property>
						<property name="TempUnits">$INFO[System.TemperatureUnits]</property>
						<onclick>noop</onclick>
						<visible>Weather.IsFetched + !IsEmpty(Window.Property(Day1.Outlook)) + IsEmpty(Window.Property(Daily.IsFetched))</visible>
					</item>
					
					<item>
						<label>$INFO[Window.Property(Day2.Title)]</label>
						<icon>$INFO[Window.Property(Day2.OutlookIcon)]</icon>
						<property name="HighTemp">$INFO[Window.Property(Day2.HighTemp)]</property>
						<property name="LowTemp">$INFO[Window.Property(Day2.LowTemp)]</property>
						<property name="Outlook">$INFO[Window.Property(Day2.Outlook)]</property>
						<property name="TempUnits">$INFO[System.TemperatureUnits]</property>
						<onclick>noop</onclick>
						<visible>Weather.IsFetched + !IsEmpty(Window.Property(Day2.Outlook)) + IsEmpty(Window.Property(Daily.IsFetched))</visible>
					</item>
					
					<item>
						<label>$INFO[Window.Property(Day3.Title)]</label>
						<icon>$INFO[Window.Property(Day3.OutlookIcon)]</icon>
						<property name="HighTemp">$INFO[Window.Property(Day3.HighTemp)]</property>
						<property name="LowTemp">$INFO[Window.Property(Day3.LowTemp)]</property>
						<property name="Outlook">$INFO[Window.Property(Day3.Outlook)]</property>
						<property name="TempUnits">$INFO[System.TemperatureUnits]</property>
						<onclick>noop</onclick>
						<visible>Weather.IsFetched + !IsEmpty(Window.Property(Day3.Outlook)) + IsEmpty(Window.Property(Daily.IsFetched))</visible>
					</item>
					
					<item>
						<label>$INFO[Window.Property(Day4.Title)]</label>
						<icon>$INFO[Window.Property(Day4.OutlookIcon)]</icon>
						<property name="HighTemp">$INFO[Window.Property(Day4.HighTemp)]</property>
						<property name="LowTemp">$INFO[Window.Property(Day4.LowTemp)]</property>
						<property name="Outlook">$INFO[Window.Property(Day4.Outlook)]</property>
						<property name="TempUnits">$INFO[System.TemperatureUnits]</property>
						<onclick>noop</onclick>
						<visible>Weather.IsFetched + !IsEmpty(Window.Property(Day4.Outlook)) + IsEmpty(Window.Property(Daily.IsFetched))</visible>
					</item>
					
					<item>
						<label>$INFO[Window.Property(Day5.Title)]</label>
						<icon>$INFO[Window.Property(Day5.OutlookIcon)]</icon>
						<property name="HighTemp">$INFO[Window.Property(Day5.HighTemp)]</property>
						<property name="LowTemp">$INFO[Window.Property(Day5.LowTemp)]</property>
						<property name="Outlook">$INFO[Window.Property(Day5.Outlook)]</property>
						<property name="TempUnits">$INFO[System.TemperatureUnits]</property>
						<onclick>noop</onclick>
						<visible>Weather.IsFetched + !IsEmpty(Window.Property(Day5.Outlook)) + IsEmpty(Window.Property(Daily.IsFetched))</visible>
					</item>
					
					<item>
						<label>$INFO[Window.Property(Day6.Title)]</label>
						<icon>$INFO[Window.Property(Day6.OutlookIcon)]</icon>
						<property name="HighTemp">$INFO[Window.Property(Day6.HighTemp)]</property>
						<property name="LowTemp">$INFO[Window.Property(Day6.LowTemp)]</property>
						<property name="Outlook">$INFO[Window.Property(Day6.Outlook)]</property>
						<property name="TempUnits">$INFO[System.TemperatureUnits]</property>
						<onclick>noop</onclick>
						<visible>Weather.IsFetched + !IsEmpty(Window.Property(Day6.Outlook)) + IsEmpty(Window.Property(Daily.IsFetched))</visible>
					</item>
					
					<item>
						<label>$INFO[Window.Property(Daily.1.ShortDay)][CR][COLOR=grey2]$INFO[Window.Property(Daily.1.ShortDate)][/COLOR]</label>
						<label2>$INFO[Window.Property(Daily.1.HighTemperature),[COLOR=grey2]$LOCALIZE[419] :[/COLOR] ,]  $INFO[Window.Property(Daily.1.LowTemperature),[COLOR=grey2]$LOCALIZE[418] :[/COLOR] ,][CR]$INFO[Window.Property(Daily.1.Precipitation),[COLOR=grey2]$LOCALIZE[33022] :[/COLOR] ,][CR]$INFO[Window.Property(Daily.1.Cloudiness),[COLOR=grey2]$LOCALIZE[387] :[/COLOR] ,]</label2>
						<thumb>$INFO[Window.Property(Daily.1.OutlookIcon)]</thumb>
						<icon>$INFO[Window.Property(Daily.1.Outlook),[COLOR=grey2]$LOCALIZE[33030]: [/COLOR]][CR][COLOR=grey2]$LOCALIZE[383]: [/COLOR]$INFO[Window.Property(Daily.1.WindSpeed)] $INFO[Window.Property(Daily.1.WindDirection)]</icon>
						<onclick>noop</onclick>
						<visible>Weather.IsFetched + !IsEmpty(Window.Property(Daily.1.Outlook)) + !IsEmpty(Window.Property(Daily.IsFetched))</visible>
					</item>
					
					<item>
						<label>$INFO[Window.Property(Daily.2.ShortDay)][CR][COLOR=grey2]$INFO[Window.Property(Daily.2.ShortDate)][/COLOR]</label>
						<label2>$INFO[Window.Property(Daily.2.HighTemperature),[COLOR=grey2]$LOCALIZE[419] :[/COLOR] ,]  $INFO[Window.Property(Daily.2.LowTemperature),[COLOR=grey2]$LOCALIZE[418] :[/COLOR] ,][CR]$INFO[Window.Property(Daily.2.Precipitation),[COLOR=grey2]$LOCALIZE[33022] :[/COLOR] ,][CR]$INFO[Window.Property(Daily.2.Cloudiness),[COLOR=grey2]$LOCALIZE[387] :[/COLOR] ,]</label2>
						<thumb>$INFO[Window.Property(Daily.2.OutlookIcon)]</thumb>
						<icon>$INFO[Window.Property(Daily.2.Outlook),[COLOR=grey2]$LOCALIZE[33030]: [/COLOR]][CR][COLOR=grey2]$LOCALIZE[383]: [/COLOR]$INFO[Window.Property(Daily.2.WindSpeed)] $INFO[Window.Property(Daily.2.WindDirection)]</icon>
						<onclick>noop</onclick>
						<visible>Weather.IsFetched + !IsEmpty(Window.Property(Daily.2.Outlook)) + !IsEmpty(Window.Property(Daily.IsFetched))</visible>
					</item>
					
					<item>
						<label>$INFO[Window.Property(Daily.3.ShortDay)][CR][COLOR=grey2]$INFO[Window.Property(Daily.3.ShortDate)][/COLOR]</label>
						<label2>$INFO[Window.Property(Daily.3.HighTemperature),[COLOR=grey2]$LOCALIZE[419] :[/COLOR] ,]  $INFO[Window.Property(Daily.3.LowTemperature),[COLOR=grey2]$LOCALIZE[418] :[/COLOR] ,][CR]$INFO[Window.Property(Daily.3.Precipitation),[COLOR=grey2]$LOCALIZE[33022] :[/COLOR] ,][CR]$INFO[Window.Property(Daily.3.Cloudiness),[COLOR=grey2]$LOCALIZE[387] :[/COLOR] ,]</label2>
						<thumb>$INFO[Window.Property(Daily.3.OutlookIcon)]</thumb>
						<icon>$INFO[Window.Property(Daily.3.Outlook),[COLOR=grey2]$LOCALIZE[33030]: [/COLOR]][CR][COLOR=grey2]$LOCALIZE[383]: [/COLOR]$INFO[Window.Property(Daily.3.WindSpeed)] $INFO[Window.Property(Daily.3.WindDirection)]</icon>
						<onclick>noop</onclick>
						<visible>Weather.IsFetched + !IsEmpty(Window.Property(Daily.3.Outlook)) + !IsEmpty(Window.Property(Daily.IsFetched))</visible>
					</item>
					
					<item>
						<label>$INFO[Window.Property(Daily.4.ShortDay)][CR][COLOR=grey2]$INFO[Window.Property(Daily.4.ShortDate)][/COLOR]</label>
						<label2>$INFO[Window.Property(Daily.4.HighTemperature),[COLOR=grey2]$LOCALIZE[419] :[/COLOR] ,]  $INFO[Window.Property(Daily.4.LowTemperature),[COLOR=grey2]$LOCALIZE[418] :[/COLOR] ,][CR]$INFO[Window.Property(Daily.4.Precipitation),[COLOR=grey2]$LOCALIZE[33022] :[/COLOR] ,][CR]$INFO[Window.Property(Daily.4.Cloudiness),[COLOR=grey2]$LOCALIZE[387] :[/COLOR] ,]</label2>
						<thumb>$INFO[Window.Property(Daily.4.OutlookIcon)]</thumb>
						<icon>$INFO[Window.Property(Daily.4.Outlook),[COLOR=grey2]$LOCALIZE[33030]: [/COLOR]][CR][COLOR=grey2]$LOCALIZE[383]: [/COLOR]$INFO[Window.Property(Daily.4.WindSpeed)] $INFO[Window.Property(Daily.4.WindDirection)]</icon>
						<onclick>noop</onclick>
						<visible>Weather.IsFetched + !IsEmpty(Window.Property(Daily.4.Outlook)) + !IsEmpty(Window.Property(Daily.IsFetched))</visible>
					</item>
					
					<item>
						<label>$INFO[Window.Property(Daily.5.ShortDay)][CR][COLOR=grey2]$INFO[Window.Property(Daily.5.ShortDate)][/COLOR]</label>
						<label2>$INFO[Window.Property(Daily.5.HighTemperature),[COLOR=grey2]$LOCALIZE[419] :[/COLOR] ,]  $INFO[Window.Property(Daily.5.LowTemperature),[COLOR=grey2]$LOCALIZE[418] :[/COLOR] ,][CR]$INFO[Window.Property(Daily.5.Precipitation),[COLOR=grey2]$LOCALIZE[33022] :[/COLOR] ,][CR]$INFO[Window.Property(Daily.5.Cloudiness),[COLOR=grey2]$LOCALIZE[387] :[/COLOR] ,]</label2>
						<thumb>$INFO[Window.Property(Daily.5.OutlookIcon)]</thumb>
						<icon>$INFO[Window.Property(Daily.5.Outlook),[COLOR=grey2]$LOCALIZE[33030]: [/COLOR]][CR][COLOR=grey2]$LOCALIZE[383]: [/COLOR]$INFO[Window.Property(Daily.5.WindSpeed)] $INFO[Window.Property(Daily.5.WindDirection)]</icon>
						<onclick>noop</onclick>
						<visible>Weather.IsFetched + !IsEmpty(Window.Property(Daily.5.Outlook)) + !IsEmpty(Window.Property(Daily.IsFetched))</visible>
					</item>
					
					<item>
						<label>$INFO[Window.Property(Daily.6.ShortDay)][CR][COLOR=grey2]$INFO[Window.Property(Daily.6.ShortDate)][/COLOR]</label>
						<label2>$INFO[Window.Property(Daily.6.HighTemperature),[COLOR=grey2]$LOCALIZE[419] :[/COLOR] ,]  $INFO[Window.Property(Daily.6.LowTemperature),[COLOR=grey2]$LOCALIZE[418] :[/COLOR] ,][CR]$INFO[Window.Property(Daily.6.Precipitation),[COLOR=grey2]$LOCALIZE[33022] :[/COLOR] ,][CR]$INFO[Window.Property(Daily.6.Cloudiness),[COLOR=grey2]$LOCALIZE[387] :[/COLOR] ,]</label2>
						<thumb>$INFO[Window.Property(Daily.6.OutlookIcon)]</thumb>
						<icon>$INFO[Window.Property(Daily.6.Outlook),[COLOR=grey2]$LOCALIZE[33030]: [/COLOR]][CR][COLOR=grey2]$LOCALIZE[383]: [/COLOR]$INFO[Window.Property(Daily.6.WindSpeed)] $INFO[Window.Property(Daily.6.WindDirection)]</icon>
						<onclick>noop</onclick>
						<visible>Weather.IsFetched + !IsEmpty(Window.Property(Daily.6.Outlook)) + !IsEmpty(Window.Property(Daily.IsFetched))</visible>
					</item>
					
					<item>
						<label>$INFO[Window.Property(Daily.7.ShortDay)][CR][COLOR=grey2]$INFO[Window.Property(Daily.7.ShortDate)][/COLOR]</label>
						<label2>$INFO[Window.Property(Daily.7.HighTemperature),[COLOR=grey2]$LOCALIZE[419] :[/COLOR] ,]  $INFO[Window.Property(Daily.7.LowTemperature),[COLOR=grey2]$LOCALIZE[418] :[/COLOR] ,][CR]$INFO[Window.Property(Daily.7.Precipitation),[COLOR=grey2]$LOCALIZE[33022] :[/COLOR] ,][CR]$INFO[Window.Property(Daily.7.Cloudiness),[COLOR=grey2]$LOCALIZE[387] :[/COLOR] ,]</label2>
						<thumb>$INFO[Window.Property(Daily.7.OutlookIcon)]</thumb>
						<icon>$INFO[Window.Property(Daily.7.Outlook),[COLOR=grey2]$LOCALIZE[33030]: [/COLOR]][CR][COLOR=grey2]$LOCALIZE[383]: [/COLOR]$INFO[Window.Property(Daily.7.WindSpeed)] $INFO[Window.Property(Daily.7.WindDirection)]</icon>
						<onclick>noop</onclick>
						<visible>Weather.IsFetched + !IsEmpty(Window.Property(Daily.7.Outlook)) + !IsEmpty(Window.Property(Daily.IsFetched))</visible>
					</item>
					
					<item>
						<label>$INFO[Window.Property(Daily.8.ShortDay)][CR][COLOR=grey2]$INFO[Window.Property(Daily.8.ShortDate)][/COLOR]</label>
						<label2>$INFO[Window.Property(Daily.8.HighTemperature),[COLOR=grey2]$LOCALIZE[419] :[/COLOR] ,]  $INFO[Window.Property(Daily.8.LowTemperature),[COLOR=grey2]$LOCALIZE[418] :[/COLOR] ,][CR]$INFO[Window.Property(Daily.8.Precipitation),[COLOR=grey2]$LOCALIZE[33022] :[/COLOR] ,][CR]$INFO[Window.Property(Daily.8.Cloudiness),[COLOR=grey2]$LOCALIZE[387] :[/COLOR] ,]</label2>
						<thumb>$INFO[Window.Property(Daily.8.OutlookIcon)]</thumb>
						<icon>$INFO[Window.Property(Daily.8.Outlook),[COLOR=grey2]$LOCALIZE[33030]: [/COLOR]][CR][COLOR=grey2]$LOCALIZE[383]: [/COLOR]$INFO[Window.Property(Daily.8.WindSpeed)] $INFO[Window.Property(Daily.8.WindDirection)]</icon>
						<onclick>noop</onclick>
						<visible>Weather.IsFetched + !IsEmpty(Window.Property(Daily.8.Outlook)) + !IsEmpty(Window.Property(Daily.IsFetched))</visible>
					</item>
					
					<item>
						<label>$INFO[Window.Property(Daily.9.ShortDay)][CR][COLOR=grey2]$INFO[Window.Property(Daily.9.ShortDate)][/COLOR]</label>
						<label2>$INFO[Window.Property(Daily.9.HighTemperature),[COLOR=grey2]$LOCALIZE[419] :[/COLOR] ,]  $INFO[Window.Property(Daily.9.LowTemperature),[COLOR=grey2]$LOCALIZE[418] :[/COLOR] ,][CR]$INFO[Window.Property(Daily.9.Precipitation),[COLOR=grey2]$LOCALIZE[33022] :[/COLOR] ,][CR]$INFO[Window.Property(Daily.9.Cloudiness),[COLOR=grey2]$LOCALIZE[387] :[/COLOR] ,]</label2>
						<thumb>$INFO[Window.Property(Daily.9.OutlookIcon)]</thumb>
						<icon>$INFO[Window.Property(Daily.9.Outlook),[COLOR=grey2]$LOCALIZE[33030]: [/COLOR]][CR][COLOR=grey2]$LOCALIZE[383]: [/COLOR]$INFO[Window.Property(Daily.9.WindSpeed)] $INFO[Window.Property(Daily.9.WindDirection)]</icon>
						<onclick>noop</onclick>
						<visible>Weather.IsFetched + !IsEmpty(Window.Property(Daily.9.Outlook)) + !IsEmpty(Window.Property(Daily.IsFetched))</visible>
					</item>
					
					<item>
						<label>$INFO[Window.Property(Daily.10.ShortDay)][CR][COLOR=grey2]$INFO[Window.Property(Daily.10.ShortDate)][/COLOR]</label>
						<label2>$INFO[Window.Property(Daily.10.HighTemperature),[COLOR=grey2]$LOCALIZE[419] :[/COLOR] ,]  $INFO[Window.Property(Daily.10.LowTemperature),[COLOR=grey2]$LOCALIZE[418] :[/COLOR] ,][CR]$INFO[Window.Property(Daily.10.Precipitation),[COLOR=grey2]$LOCALIZE[33022] :[/COLOR] ,][CR]$INFO[Window.Property(Daily.10.Cloudiness),[COLOR=grey2]$LOCALIZE[387] :[/COLOR] ,]</label2>
						<thumb>$INFO[Window.Property(Daily.10.OutlookIcon)]</thumb>
						<icon>$INFO[Window.Property(Daily.10.Outlook),[COLOR=grey2]$LOCALIZE[33030]: [/COLOR]][CR][COLOR=grey2]$LOCALIZE[383]: [/COLOR]$INFO[Window.Property(Daily.10.WindSpeed)] $INFO[Window.Property(Daily.10.WindDirection)]</icon>
						<onclick>noop</onclick>
						<visible>Weather.IsFetched + !IsEmpty(Window.Property(Daily.10.Outlook)) + !IsEmpty(Window.Property(Daily.IsFetched))</visible>
					</item>
					
					<item>
						<label>$INFO[Window.Property(Daily.11.ShortDay)][CR][COLOR=grey2]$INFO[Window.Property(Daily.11.ShortDate)][/COLOR]</label>
						<label2>$INFO[Window.Property(Daily.11.HighTemperature),[COLOR=grey2]$LOCALIZE[419] :[/COLOR] ,]  $INFO[Window.Property(Daily.11.LowTemperature),[COLOR=grey2]$LOCALIZE[418] :[/COLOR] ,][CR]$INFO[Window.Property(Daily.11.Precipitation),[COLOR=grey2]$LOCALIZE[33022] :[/COLOR] ,][CR]$INFO[Window.Property(Daily.11.Cloudiness),[COLOR=grey2]$LOCALIZE[387] :[/COLOR] ,]</label2>
						<thumb>$INFO[Window.Property(Daily.11.OutlookIcon)]</thumb>
						<icon>$INFO[Window.Property(Daily.11.Outlook),[COLOR=grey2]$LOCALIZE[33030]: [/COLOR]][CR][COLOR=grey2]$LOCALIZE[383]: [/COLOR]$INFO[Window.Property(Daily.11.WindSpeed)] $INFO[Window.Property(Daily.11.WindDirection)]</icon>
						<onclick>noop</onclick>
						<visible>Weather.IsFetched + !IsEmpty(Window.Property(Daily.11.Outlook)) + !IsEmpty(Window.Property(Daily.IsFetched))</visible>
					</item>
					
					<item>
						<label>$INFO[Window.Property(Daily.12.ShortDay)][CR][COLOR=grey2]$INFO[Window.Property(Daily.12.ShortDate)][/COLOR]</label>
						<label2>$INFO[Window.Property(Daily.12.HighTemperature),[COLOR=grey2]$LOCALIZE[419] :[/COLOR] ,]  $INFO[Window.Property(Daily.12.LowTemperature),[COLOR=grey2]$LOCALIZE[418] :[/COLOR] ,][CR]$INFO[Window.Property(Daily.12.Precipitation),[COLOR=grey2]$LOCALIZE[33022] :[/COLOR] ,][CR]$INFO[Window.Property(Daily.12.Cloudiness),[COLOR=grey2]$LOCALIZE[387] :[/COLOR] ,]</label2>
						<thumb>$INFO[Window.Property(Daily.12.OutlookIcon)]</thumb>
						<icon>$INFO[Window.Property(Daily.12.Outlook),[COLOR=grey2]$LOCALIZE[33030]: [/COLOR]][CR][COLOR=grey2]$LOCALIZE[383]: [/COLOR]$INFO[Window.Property(Daily.12.WindSpeed)] $INFO[Window.Property(Daily.12.WindDirection)]</icon>
						<onclick>noop</onclick>
						<visible>Weather.IsFetched + !IsEmpty(Window.Property(Daily.12.Outlook)) + !IsEmpty(Window.Property(Daily.IsFetched))</visible>
					</item>
					
					<item>
						<label>$INFO[Window.Property(Daily.13.ShortDay)][CR][COLOR=grey2]$INFO[Window.Property(Daily.13.ShortDate)][/COLOR]</label>
						<label2>$INFO[Window.Property(Daily.13.HighTemperature),[COLOR=grey2]$LOCALIZE[419] :[/COLOR] ,]  $INFO[Window.Property(Daily.13.LowTemperature),[COLOR=grey2]$LOCALIZE[418] :[/COLOR] ,][CR]$INFO[Window.Property(Daily.13.Precipitation),[COLOR=grey2]$LOCALIZE[33022] :[/COLOR] ,][CR]$INFO[Window.Property(Daily.13.Cloudiness),[COLOR=grey2]$LOCALIZE[387] :[/COLOR] ,]</label2>
						<thumb>$INFO[Window.Property(Daily.13.OutlookIcon)]</thumb>
						<icon>$INFO[Window.Property(Daily.13.Outlook),[COLOR=grey2]$LOCALIZE[33030]: [/COLOR]][CR][COLOR=grey2]$LOCALIZE[383]: [/COLOR]$INFO[Window.Property(Daily.13.WindSpeed)] $INFO[Window.Property(Daily.13.WindDirection)]</icon>
						<onclick>noop</onclick>
						<visible>Weather.IsFetched + !IsEmpty(Window.Property(Daily.13.Outlook)) + !IsEmpty(Window.Property(Daily.IsFetched))</visible>
					</item>
					
					<item>
						<label>$INFO[Window.Property(Daily.14.ShortDay)][CR][COLOR=grey2]$INFO[Window.Property(Daily.14.ShortDate)][/COLOR]</label>
						<label2>$INFO[Window.Property(Daily.14.HighTemperature),[COLOR=grey2]$LOCALIZE[419] :[/COLOR] ,]  $INFO[Window.Property(Daily.14.LowTemperature),[COLOR=grey2]$LOCALIZE[418] :[/COLOR] ,][CR]$INFO[Window.Property(Daily.14.Precipitation),[COLOR=grey2]$LOCALIZE[33022] :[/COLOR] ,][CR]$INFO[Window.Property(Daily.14.Cloudiness),[COLOR=grey2]$LOCALIZE[387] :[/COLOR] ,]</label2>
						<thumb>$INFO[Window.Property(Daily.14.OutlookIcon)]</thumb>
						<icon>$INFO[Window.Property(Daily.14.Outlook),[COLOR=grey2]$LOCALIZE[33030]: [/COLOR]][CR][COLOR=grey2]$LOCALIZE[383]: [/COLOR]$INFO[Window.Property(Daily.14.WindSpeed)] $INFO[Window.Property(Daily.14.WindDirection)]</icon>
						<onclick>noop</onclick>
						<visible>Weather.IsFetched + !IsEmpty(Window.Property(Daily.14.Outlook)) + !IsEmpty(Window.Property(Daily.IsFetched))</visible>
					</item>
					
				</content>

			</control>

			<!--scrollbar-->
			<control type="scrollbar" id="61">
				<left>1058</left>
				<top>200</top>
				<onleft>51</onleft>
				<onright>9000</onright>
				<orientation>vertical</orientation>
				<showonepage>true</showonepage>
				<visible>Control.IsVisible(51)</visible>
			</control>
			
		</control>
		
		<control type="group">
			<visible>Control.IsVisible(51)</visible>
			
			<control type="image">
				<left>64</left>
				<top>94r</top>
				<width>280</width>
				<height>34</height>
				<texture colordiffuse="tertiary">backgrounds/white.png</texture>
			</control>
		
			<control type="image">
				<left>60</left>
				<top>94r</top>
				<width>4</width>
				<height>34</height>
				<texture colordiffuse="$VAR[Colour.500]">backgrounds/white.png</texture>
			</control>

			<control type="label">
				<description>Page Count Label</description>
				<left>73</left>
				<top>94r</top>
				<width>750</width>
				<height>34</height>
				<font>breadcrumb.secondary</font>
				<textcolor>text.primary</textcolor>
				<scroll>false</scroll>
				<align>left</align>
				<aligny>center</aligny>
				<label>$INFO[Container(51).NumItems] $LOCALIZE[12393] [COLOR=$VAR[Colour.500]]$INFO[Container(51).CurrentPage, $LOCALIZE[31024] ]$INFO[Container(51).NumPages,/,][/COLOR]</label>
			</control>
			
		</control>
		
	</include>
	
	<include name="Weather36Hour">
	
		<control type="group">
			<animation effect="slide" start="-1200,0" end="0,0" time="400" tween="quadratic" easing="out">WindowOpen</animation>
			<animation effect="slide" start="0,0" end="-1200,0" time="400" tween="quadratic" easing="out">WindowClose</animation>
			
			<control type="list" id="54">
				<left>135</left>
				<top>200</top>
				<width>913</width>
				<height>700</height>
				<onleft>9000</onleft>
				<onright>64</onright>
				<onup>54</onup>
				<ondown>54</ondown>
				<viewtype label="535">list</viewtype>
				<pagecontrol>64</pagecontrol>
				<scrolltime>200</scrolltime>
				<visible>StringCompare(Window.Property(Weather.CurrentView),36hour) + !IsEmpty(Window.Property(36Hour.IsFetched))</visible>
				<itemlayout height="233" width="913">

					<!--background-->
					<control type="image">
						<left>4</left>
						<top>0</top>
						<width>909</width>
						<height>223</height>
						<texture colordiffuse="button.nf">backgrounds/white.png</texture>
					</control>

					<control type="label">
						<left>0</left>
						<top>8</top>
						<width>913</width>
						<height>45</height>
						<font>button.bold</font>
						<textcolor>white</textcolor>
						<align>center</align>
						<aligny>center</aligny>
						<label>$INFO[ListItem.Label]</label>
					</control>
					
					<control type="image">
						<left>24</left>
						<top>10</top>
						<width>200</width>
						<height>200</height>
						<aspectratio>keep</aspectratio>
						<texture>$INFO[ListItem.Thumb]</texture>
					</control>
					
					<control type="label">
						<left>200</left>
						<top>80</top>
						<width>150</width>
						<height>60</height>
						<font>button.bold</font>
						<textcolor>white</textcolor>
						<selectedcolor>selected</selectedcolor>
						<align>center</align>
						<aligny>center</aligny>
						<label>$INFO[ListItem.Property(Temp)]</label>
					</control>
					
					<control type="label">
						<left>300</left>
						<top>8</top>
						<width>585</width>
						<height>205</height>
						<font>secondary.info</font>
						<textcolor>white</textcolor>
						<selectedcolor>selected</selectedcolor>
						<align>right</align>
						<aligny>center</aligny>
						<label>$INFO[ListItem.Label2]</label>
					</control>
					
					<control type="label">
						<left>8</left>
						<top>180</top>
						<width>885</width>
						<height>35</height>
						<font>secondary.info</font>
						<textcolor>white</textcolor>
						<selectedcolor>selected</selectedcolor>
						<align>center</align>
						<label>$INFO[ListItem.ActualIcon]</label>
					</control>
					
				</itemlayout>
				
				<focusedlayout height="233" width="913">

					<!--background-->
					<control type="image">
						<left>4</left>
						<top>0</top>
						<width>909</width>
						<height>223</height>
						<texture colordiffuse="tertiary">backgrounds/white.png</texture>
						<animation effect="fade" start="100" end="75" time="200" condition="!Control.HasFocus(54)">Conditional</animation>
					</control>

					<!--background strip-->
					<control type="image">
						<left>0</left>
						<top>0</top>
						<width>4</width>
						<height>223</height>
						<texture colordiffuse="$VAR[Colour.500]">backgrounds/white.png</texture>
						<animation effect="fade" start="100" end="75" time="200" condition="!Control.HasFocus(54)">Conditional</animation>
					</control>

					<control type="label">
						<left>0</left>
						<top>8</top>
						<width>913</width>
						<height>45</height>
						<font>button.bold</font>
						<textcolor>text.primary</textcolor>
						<align>center</align>
						<aligny>center</aligny>
						<label>$INFO[ListItem.Label]</label>
					</control>
					
					<control type="image">
						<left>24</left>
						<top>10</top>
						<width>200</width>
						<height>200</height>
						<aspectratio>keep</aspectratio>
						<texture>$INFO[ListItem.Thumb]</texture>
					</control>
					
					<control type="label">
						<left>200</left>
						<top>80</top>
						<width>150</width>
						<height>60</height>
						<font>button.bold</font>
						<textcolor>$VAR[Colour.500]</textcolor>
						<selectedcolor>selected</selectedcolor>
						<align>center</align>
						<aligny>center</aligny>
						<label>$INFO[ListItem.Property(Temp)]</label>
					</control>
					
					<control type="label">
						<left>300</left>
						<top>8</top>
						<width>585</width>
						<height>205</height>
						<font>secondary.info</font>
						<textcolor>$VAR[Colour.500]</textcolor>
						<selectedcolor>selected</selectedcolor>
						<align>right</align>
						<aligny>center</aligny>
						<label>$INFO[ListItem.Label2]</label>
					</control>
					
					<control type="label">
						<left>8</left>
						<top>180</top>
						<width>885</width>
						<height>35</height>
						<font>secondary.info</font>
						<textcolor>$VAR[Colour.500]</textcolor>
						<selectedcolor>selected</selectedcolor>
						<align>center</align>
						<label>$INFO[ListItem.ActualIcon]</label>
					</control>
					
				</focusedlayout>
				
				<content>
				
					<item>
						<icon>$LOCALIZE[31909]</icon>
						<onclick>noop</onclick>
						<visible>IsEmpty(Window.Property(36Hour.IsFetched))</visible>
					</item>
					
					<item>
						<label>$INFO[Window.Property(36Hour.1.Heading)]</label>
						<property name="Temp">[COLOR=grey2]$INFO[Window.Property(36Hour.1.TemperatureHeading)][CR][/COLOR]$INFO[Window.Property(36Hour.1.Temperature), ,]</property>
						<label2>$INFO[Window.Property(36Hour.1.FeelsLike),[COLOR=grey2]$LOCALIZE[402] :[/COLOR] ,][CR][CR]$INFO[Window.Property(36Hour.1.Precipitation),[COLOR=grey2]$LOCALIZE[33021] :[/COLOR] ,][CR][CR]$INFO[Window.Property(36Hour.1.Cloudiness),[COLOR=grey2]$LOCALIZE[387] :[/COLOR] ,]</label2>
						<thumb>$INFO[Window.Property(36Hour.1.OutlookIcon)]</thumb>
						<icon>$INFO[Window.Property(36hour.1.Outlook),[COLOR=grey2]$LOCALIZE[31905] : [/COLOR]]</icon>
						<onclick>noop</onclick>
						<visible>Weather.IsFetched + !IsEmpty(Window.Property(36Hour.1.Outlook)) + !IsEmpty(Window.Property(36Hour.IsFetched))</visible>
					</item>
					
					<item>
						<label>$INFO[Window.Property(36Hour.2.Heading)]</label>
						<property name="Temp">[COLOR=grey2]$INFO[Window.Property(36Hour.2.TemperatureHeading)][CR][/COLOR]$INFO[Window.Property(36Hour.2.Temperature), ,]</property>
						<label2>$INFO[Window.Property(36Hour.2.FeelsLike),[COLOR=grey2]$LOCALIZE[402] :[/COLOR] ,][CR][CR]$INFO[Window.Property(36Hour.2.Precipitation),[COLOR=grey2]$LOCALIZE[33021] :[/COLOR] ,][CR][CR]$INFO[Window.Property(36Hour.2.Cloudiness),[COLOR=grey2]$LOCALIZE[387] :[/COLOR] ,]</label2>
						<thumb>$INFO[Window.Property(36Hour.2.OutlookIcon)]</thumb>
						<icon>$INFO[Window.Property(36hour.2.Outlook),[COLOR=grey2]$LOCALIZE[31905] : [/COLOR]]</icon>
						<onclick>noop</onclick>
						<visible>Weather.IsFetched + !IsEmpty(Window.Property(36Hour.2.Outlook)) + !IsEmpty(Window.Property(36Hour.IsFetched))</visible>
					</item>
					
					<item>
						<label>$INFO[Window.Property(36Hour.3.Heading)]</label>
						<property name="Temp">[COLOR=grey2]$INFO[Window.Property(36Hour.3.TemperatureHeading)][CR][/COLOR]$INFO[Window.Property(36Hour.3.Temperature), ,]</property>
						<label2>$INFO[Window.Property(36Hour.3.FeelsLike),[COLOR=grey2]$LOCALIZE[402] :[/COLOR] ,][CR][CR]$INFO[Window.Property(36Hour.3.Precipitation),[COLOR=grey2]$LOCALIZE[33021] :[/COLOR] ,][CR][CR]$INFO[Window.Property(36Hour.3.Cloudiness),[COLOR=grey2]$LOCALIZE[387] :[/COLOR] ,]</label2>
						<thumb>$INFO[Window.Property(36Hour.3.OutlookIcon)]</thumb>
						<icon>$INFO[Window.Property(36hour.3.Outlook),[COLOR=grey2]$LOCALIZE[31905] : [/COLOR]]</icon>
						<onclick>noop</onclick>
						<visible>Weather.IsFetched + !IsEmpty(Window.Property(36Hour.3.Outlook)) + !IsEmpty(Window.Property(36Hour.IsFetched))</visible>
					</item>
					
				</content>
				
			</control>
			
			<!--scrollbar-->
			<control type="scrollbar" id="64">
				<left>1058</left>
				<top>200</top>
				<onleft>54</onleft>
				<onright>9000</onright>
				<orientation>vertical</orientation>
				<showonepage>true</showonepage>
				<visible>Control.IsVisible(54)</visible>
			</control>

		</control>
		
	</include>
	
	<include name="WeatherWeekend">
		
		<control type="group">
			<animation effect="slide" start="-1200,0" end="0,0" time="400" tween="quadratic" easing="out">WindowOpen</animation>
			<animation effect="slide" start="0,0" end="-1200,0" time="400" tween="quadratic" easing="out">WindowClose</animation>
			
			<control type="list" id="55">
				<left>135</left>
				<top>200</top>
				<width>913</width>
				<height>700</height>
				<onleft>9000</onleft>
				<onright>65</onright>
				<onup>55</onup>
				<ondown>55</ondown>
				<viewtype label="535">list</viewtype>
				<pagecontrol>65</pagecontrol>
				<scrolltime>200</scrolltime>
				<visible>StringCompare(Window.Property(Weather.CurrentView),weekend) + !IsEmpty(Window.Property(Weekend.IsFetched))</visible>
				<itemlayout height="350" width="913">

					<!--background-->
					<control type="image">
						<left>4</left>
						<top>0</top>
						<width>909</width>
						<height>340</height>
						<texture colordiffuse="button.nf">backgrounds/white.png</texture>
					</control>

					<control type="label">
						<left>0</left>
						<top>8</top>
						<width>913</width>
						<height>45</height>
						<font>button.bold</font>
						<textcolor>white</textcolor>
						<align>center</align>
						<aligny>center</aligny>
						<label>$INFO[ListItem.Label]</label>
					</control>
					
					<control type="image">
						<left>24</left>
						<top>40</top>
						<width>200</width>
						<height>200</height>
						<aspectratio>keep</aspectratio>
						<texture>$INFO[ListItem.Thumb]</texture>
					</control>
					
					<control type="label">
						<left>200</left>
						<top>80</top>
						<width>150</width>
						<height>120</height>
						<font>button.bold</font>
						<textcolor>white</textcolor>
						<selectedcolor>selected</selectedcolor>
						<align>center</align>
						<aligny>center</aligny>
						<label>$INFO[ListItem.Property(Temp)]</label>
					</control>
					
					<control type="label">
						<left>300</left>
						<top>8</top>
						<width>585</width>
						<height>205</height>
						<font>secondary.info</font>
						<textcolor>white</textcolor>
						<selectedcolor>selected</selectedcolor>
						<align>right</align>
						<aligny>center</aligny>
						<label>$INFO[ListItem.Label2]</label>
					</control>
					
					<control type="label">
						<left>8</left>
						<top>240</top>
						<width>885</width>
						<height>75</height>
						<font>secondary.info</font>
						<textcolor>white</textcolor>
						<selectedcolor>selected</selectedcolor>
						<align>center</align>
						<label>$INFO[ListItem.ActualIcon]</label>
					</control>
					
				</itemlayout>
				
				<focusedlayout height="350" width="913">

					<!--background-->
					<control type="image">
						<left>4</left>
						<top>0</top>
						<width>909</width>
						<height>340</height>
						<texture colordiffuse="tertiary">backgrounds/white.png</texture>
						<animation effect="fade" start="100" end="75" time="200" condition="!Control.HasFocus(55)">Conditional</animation>
					</control>

					<!--background strip-->
					<control type="image">
						<left>0</left>
						<top>0</top>
						<width>4</width>
						<height>340</height>
						<texture colordiffuse="$VAR[Colour.500]">backgrounds/white.png</texture>
						<animation effect="fade" start="100" end="75" time="200" condition="!Control.HasFocus(55)">Conditional</animation>
					</control>

					<control type="label">
						<left>0</left>
						<top>8</top>
						<width>913</width>
						<height>45</height>
						<font>button.bold</font>
						<textcolor>text.primary</textcolor>
						<align>center</align>
						<aligny>center</aligny>
						<label>$INFO[ListItem.Label]</label>
					</control>
					
					<control type="image">
						<left>24</left>
						<top>40</top>
						<width>200</width>
						<height>200</height>
						<aspectratio>keep</aspectratio>
						<texture>$INFO[ListItem.Thumb]</texture>
					</control>
					
					<control type="label">
						<left>200</left>
						<top>80</top>
						<width>150</width>
						<height>120</height>
						<font>button.bold</font>
						<textcolor>$VAR[Colour.500]</textcolor>
						<selectedcolor>selected</selectedcolor>
						<align>center</align>
						<aligny>center</aligny>
						<label>$INFO[ListItem.Property(Temp)]</label>
					</control>
					
					<control type="label">
						<left>300</left>
						<top>8</top>
						<width>585</width>
						<height>205</height>
						<font>secondary.info</font>
						<textcolor>$VAR[Colour.500]</textcolor>
						<selectedcolor>selected</selectedcolor>
						<align>right</align>
						<aligny>center</aligny>
						<label>$INFO[ListItem.Label2]</label>
					</control>
					
					<control type="label">
						<left>8</left>
						<top>240</top>
						<width>885</width>
						<height>75</height>
						<font>secondary.info</font>
						<textcolor>$VAR[Colour.500]</textcolor>
						<selectedcolor>selected</selectedcolor>
						<align>center</align>
						<label>$INFO[ListItem.ActualIcon]</label>
					</control>
					
				</focusedlayout>
				
				<content>
				
					<item>
						<icon>$LOCALIZE[31909]</icon>
						<onclick>noop</onclick>
						<visible>IsEmpty(Window.Property(Weekend.IsFetched))</visible>
					</item>
					
					<item>
						<label>$INFO[Window.Property(Weekend.1.LongDay)] - $INFO[Window.Property(Weekend.1.ShortDate)]</label>
						<property name="Temp">[COLOR=grey2]$LOCALIZE[393][CR][/COLOR]$INFO[Window.Property(Weekend.1.HighTemperature), ,][CR][CR][COLOR=grey2]$LOCALIZE[391][CR][/COLOR]$INFO[Window.Property(Weekend.1.LowTemperature), ,]</property>
						<label2>$INFO[Window.Property(Weekend.1.Humidity),[COLOR=grey2]$LOCALIZE[406] :[/COLOR] ,][CR][CR]$INFO[Window.Property(Weekend.1.Cloudiness),[COLOR=grey2]$LOCALIZE[387] :[/COLOR] ,][CR][CR]$INFO[Window.Property(Weekend.1.Precipitation),[COLOR=grey2]$LOCALIZE[33021] :[/COLOR] ,]</label2>
						<thumb>$INFO[Window.Property(Weekend.1.OutlookIcon)]</thumb>
						<icon>$INFO[Window.Property(Weekend.1.WindSpeed),[COLOR=grey2]$LOCALIZE[404]: [/COLOR]]$INFO[Window.Property(Weekend.1.WindDirection), - ][CR][CR]$INFO[Window.Property(Weekend.1.Outlook),[COLOR=grey2]$LOCALIZE[31905] : [/COLOR]]</icon>
						<onclick>noop</onclick>
						<visible>Weather.IsFetched + !IsEmpty(Window.Property(Weekend.1.Outlook)) + !IsEmpty(Window.Property(Weekend.IsFetched))</visible>
					</item>
					
					<item>
						<label>$INFO[Window.Property(Weekend.2.LongDay)] - $INFO[Window.Property(Weekend.2.ShortDate)]</label>
						<property name="Temp">[COLOR=grey2]$LOCALIZE[393][CR][/COLOR]$INFO[Window.Property(Weekend.2.HighTemperature), ,][CR][CR][COLOR=grey2]$LOCALIZE[391][CR][/COLOR]$INFO[Window.Property(Weekend.2.LowTemperature), ,]</property>
						<label2>$INFO[Window.Property(Weekend.2.Humidity),[COLOR=grey2]$LOCALIZE[406] :[/COLOR] ,][CR][CR]$INFO[Window.Property(Weekend.2.Cloudiness),[COLOR=grey2]$LOCALIZE[387] :[/COLOR] ,][CR][CR]$INFO[Window.Property(Weekend.2.Precipitation),[COLOR=grey2]$LOCALIZE[33021] :[/COLOR] ,]</label2>
						<thumb>$INFO[Window.Property(Weekend.2.OutlookIcon)]</thumb>
						<icon>$INFO[Window.Property(Weekend.2.WindSpeed),[COLOR=grey2]$LOCALIZE[404]: [/COLOR]]$INFO[Window.Property(Weekend.2.WindDirection), - ][CR][CR]$INFO[Window.Property(Weekend.2.Outlook),[COLOR=grey2]$LOCALIZE[31905]: [/COLOR]]</icon>
						<onclick>noop</onclick>
						<visible>Weather.IsFetched + !IsEmpty(Window.Property(Weekend.2.Outlook)) + !IsEmpty(Window.Property(Weekend.IsFetched))</visible>
					</item>
					
				</content>
				
			</control>
			
			<!--scrollbar-->
			<control type="scrollbar" id="65">
				<left>1058</left>
				<top>200</top>
				<onleft>55</onleft>
				<onright>9000</onright>
				<orientation>vertical</orientation>
				<showonepage>true</showonepage>
				<visible>Control.IsVisible(55)</visible>
			</control>

		</control>

	</include>
	
	<include name="WeatherHourly">
	
		<control type="group">
			<animation effect="slide" start="-1200,0" end="0,0" time="400" tween="quadratic" easing="out">WindowOpen</animation>
			<animation effect="slide" start="0,0" end="-1200,0" time="400" tween="quadratic" easing="out">WindowClose</animation>

			<control type="list" id="52">
				<left>135</left>
				<top>200</top>
				<width>913</width>
				<height>700</height>
				<onleft>9000</onleft>
				<onright>62</onright>
				<onup>52</onup>
				<ondown>52</ondown>
				<viewtype label="535">list</viewtype>
				<pagecontrol>62</pagecontrol>
				<scrolltime>200</scrolltime>
				<visible>StringCompare(Window.Property(Weather.CurrentView),hourly) + !IsEmpty(Window.Property(Hourly.IsFetched))</visible>
				
				<itemlayout height="175" width="913">
					
					<!--background-->
					<control type="image">
						<left>4</left>
						<top>0</top>
						<width>909</width>
						<height>165</height>
						<texture colordiffuse="button.nf">backgrounds/white.png</texture>
					</control>
					
					<control type="label">
						<left>0</left>
						<top>0</top>
						<width>150</width>
						<height>180</height>
						<font>secondary.info</font>
						<textcolor>white</textcolor>
						<selectedcolor>selected</selectedcolor>
						<align>center</align>
						<aligny>center</aligny>
						<label>$INFO[ListItem.Label]</label>
					</control>
					
					<control type="image">
						<left>165</left>
						<top>8</top>
						<width>120</width>
						<height>120</height>
						<aspectratio>keep</aspectratio>
						<texture>$INFO[ListItem.Thumb]</texture>
					</control>
					
					<control type="label">
						<left>300</left>
						<top>8</top>
						<width>585</width>
						<height>105</height>
						<font>secondary.info</font>
						<textcolor>white</textcolor>
						<selectedcolor>selected</selectedcolor>
						<align>right</align>
						<aligny>center</aligny>
						<label>$INFO[ListItem.Label2]</label>
					</control>
					
					<control type="label">
						<left>8</left>
						<top>95</top>
						<width>885</width>
						<height>75</height>
						<font>secondary.info</font>
						<textcolor>white</textcolor>
						<selectedcolor>selected</selectedcolor>
						<align>center</align>
						<label>$INFO[ListItem.ActualIcon]</label>
					</control>
					
				</itemlayout>
				
				<focusedlayout height="175" width="913">
					
					<!--background-->
					<control type="image">
						<left>4</left>
						<top>0</top>
						<width>909</width>
						<height>165</height>
						<texture colordiffuse="tertiary">backgrounds/white.png</texture>
						<animation effect="fade" start="100" end="75" time="200" condition="!Control.HasFocus(52)">Conditional</animation>
					</control>
					
					<!--background strip-->
					<control type="image">
						<left>0</left>
						<top>0</top>
						<width>4</width>
						<height>165</height>
						<texture colordiffuse="$VAR[Colour.500]">backgrounds/white.png</texture>
						<animation effect="fade" start="100" end="75" time="200" condition="!Control.HasFocus(52)">Conditional</animation>
					</control>
					
					<control type="label">
						<left>0</left>
						<top>0</top>
						<width>150</width>
						<height>180</height>
						<font>secondary.info</font>
						<textcolor>text.primary</textcolor>
						<selectedcolor>selected</selectedcolor>
						<align>center</align>
						<aligny>center</aligny>
						<label>$INFO[ListItem.Label]</label>
					</control>
					
					<control type="image">
						<left>165</left>
						<top>8</top>
						<width>120</width>
						<height>120</height>
						<aspectratio>keep</aspectratio>
						<texture>$INFO[ListItem.Thumb]</texture>
					</control>
					
					<control type="label">
						<left>300</left>
						<top>8</top>
						<width>585</width>
						<height>105</height>
						<font>secondary.info</font>
						<textcolor>$VAR[Colour.500]</textcolor>
						<selectedcolor>selected</selectedcolor>
						<align>right</align>
						<aligny>center</aligny>
						<label>$INFO[ListItem.Label2]</label>
					</control>
					
					<control type="label">
						<left>8</left>
						<top>95</top>
						<width>885</width>
						<height>75</height>
						<font>secondary.info</font>
						<textcolor>$VAR[Colour.500]</textcolor>
						<selectedcolor>selected</selectedcolor>
						<align>center</align>
						<label>$INFO[ListItem.ActualIcon]</label>
					</control>
					
				</focusedlayout>
				
				<content>
				
					<item>
						<icon>$LOCALIZE[31909]</icon>
						<onclick>noop</onclick>
						<visible>IsEmpty(Window.Property(Hourly.IsFetched))</visible>
					</item>
					
					<item>
						<label>$INFO[Window.Property(Hourly.1.Time)][CR][COLOR=grey2]$INFO[Window.Property(Hourly.1.ShortDate)][/COLOR]</label>
						<label2>$INFO[Window.Property(Hourly.1.Temperature),[COLOR=grey2]$LOCALIZE[401] :[/COLOR] ,]  $INFO[Window.Property(Hourly.1.FeelsLike),[COLOR=grey2]$LOCALIZE[402] :[/COLOR] ,][CR]$INFO[Window.Property(Hourly.1.Humidity),[COLOR=grey2]$LOCALIZE[406] :[/COLOR] ,][CR]$INFO[Window.Property(Hourly.1.Precipitation),[COLOR=grey2]$LOCALIZE[1448] :[/COLOR] ,]</label2>
						<thumb>$INFO[Window.Property(Hourly.1.OutlookIcon)]</thumb>
						<icon>$INFO[Window.Property(Hourly.1.Outlook),[COLOR=grey2]$LOCALIZE[33030]: [/COLOR]][CR][COLOR=grey2]$LOCALIZE[383]: [/COLOR]$INFO[Window.Property(Hourly.1.WindSpeed)] $INFO[Window.Property(Hourly.1.WindDirection)]</icon>
						<onclick>noop</onclick>
						<visible>Weather.IsFetched + !IsEmpty(Window.Property(Hourly.1.Outlook)) + !IsEmpty(Window.Property(Hourly.IsFetched))</visible>
					</item>
					
					<item>
						<label>$INFO[Window.Property(Hourly.2.Time)][CR][COLOR=grey2]$INFO[Window.Property(Hourly.2.ShortDate)][/COLOR]</label>
						<label2>$INFO[Window.Property(Hourly.2.Temperature),[COLOR=grey2]$LOCALIZE[401] :[/COLOR] ,]  $INFO[Window.Property(Hourly.2.FeelsLike),[COLOR=grey2]$LOCALIZE[402] :[/COLOR] ,][CR]$INFO[Window.Property(Hourly.2.Humidity),[COLOR=grey2]$LOCALIZE[406] :[/COLOR] ,][CR]$INFO[Window.Property(Hourly.2.Precipitation),[COLOR=grey2]$LOCALIZE[1448] :[/COLOR] ,]</label2>
						<thumb>$INFO[Window.Property(Hourly.2.OutlookIcon)]</thumb>
						<icon>$INFO[Window.Property(Hourly.2.Outlook),[COLOR=grey2]$LOCALIZE[33030]: [/COLOR]][CR][COLOR=grey2]$LOCALIZE[383]: [/COLOR]$INFO[Window.Property(Hourly.2.WindSpeed)] $INFO[Window.Property(Hourly.2.WindDirection)]</icon>
						<onclick>noop</onclick>
						<visible>Weather.IsFetched + !IsEmpty(Window.Property(Hourly.2.Outlook)) + !IsEmpty(Window.Property(Hourly.IsFetched))</visible>
					</item>
					
					<item>
						<label>$INFO[Window.Property(Hourly.3.Time)][CR][COLOR=grey2]$INFO[Window.Property(Hourly.3.ShortDate)][/COLOR]</label>
						<label2>$INFO[Window.Property(Hourly.3.Temperature),[COLOR=grey2]$LOCALIZE[401] :[/COLOR] ,]  $INFO[Window.Property(Hourly.3.FeelsLike),[COLOR=grey2]$LOCALIZE[402] :[/COLOR] ,][CR]$INFO[Window.Property(Hourly.3.Humidity),[COLOR=grey2]$LOCALIZE[406] :[/COLOR] ,][CR]$INFO[Window.Property(Hourly.3.Precipitation),[COLOR=grey2]$LOCALIZE[1448] :[/COLOR] ,]</label2>
						<thumb>$INFO[Window.Property(Hourly.3.OutlookIcon)]</thumb>
						<icon>$INFO[Window.Property(Hourly.3.Outlook),[COLOR=grey2]$LOCALIZE[33030]: [/COLOR]][CR][COLOR=grey2]$LOCALIZE[383]: [/COLOR]$INFO[Window.Property(Hourly.3.WindSpeed)] $INFO[Window.Property(Hourly.3.WindDirection)]</icon>
						<onclick>noop</onclick>
						<visible>Weather.IsFetched + !IsEmpty(Window.Property(Hourly.3.Outlook)) + !IsEmpty(Window.Property(Hourly.IsFetched))</visible>
					</item>
					
					<item>
						<label>$INFO[Window.Property(Hourly.4.Time)][CR][COLOR=grey2]$INFO[Window.Property(Hourly.4.ShortDate)][/COLOR]</label>
						<label2>$INFO[Window.Property(Hourly.4.Temperature),[COLOR=grey2]$LOCALIZE[401] :[/COLOR] ,]  $INFO[Window.Property(Hourly.4.FeelsLike),[COLOR=grey2]$LOCALIZE[402] :[/COLOR] ,][CR]$INFO[Window.Property(Hourly.4.Humidity),[COLOR=grey2]$LOCALIZE[406] :[/COLOR] ,][CR]$INFO[Window.Property(Hourly.4.Precipitation),[COLOR=grey2]$LOCALIZE[1448] :[/COLOR] ,]</label2>
						<thumb>$INFO[Window.Property(Hourly.4.OutlookIcon)]</thumb>
						<icon>$INFO[Window.Property(Hourly.4.Outlook),[COLOR=grey2]$LOCALIZE[33030]: [/COLOR]][CR][COLOR=grey2]$LOCALIZE[383]: [/COLOR]$INFO[Window.Property(Hourly.4.WindSpeed)] $INFO[Window.Property(Hourly.4.WindDirection)]</icon>
						<onclick>noop</onclick>
						<visible>Weather.IsFetched + !IsEmpty(Window.Property(Hourly.4.Outlook)) + !IsEmpty(Window.Property(Hourly.IsFetched))</visible>
					</item>
					
					<item>
						<label>$INFO[Window.Property(Hourly.5.Time)][CR][COLOR=grey2]$INFO[Window.Property(Hourly.5.ShortDate)][/COLOR]</label>
						<label2>$INFO[Window.Property(Hourly.5.Temperature),[COLOR=grey2]$LOCALIZE[401] :[/COLOR] ,]  $INFO[Window.Property(Hourly.5.FeelsLike),[COLOR=grey2]$LOCALIZE[402] :[/COLOR] ,][CR]$INFO[Window.Property(Hourly.5.Humidity),[COLOR=grey2]$LOCALIZE[406] :[/COLOR] ,][CR]$INFO[Window.Property(Hourly.5.Precipitation),[COLOR=grey2]$LOCALIZE[1448] :[/COLOR] ,]</label2>
						<thumb>$INFO[Window.Property(Hourly.5.OutlookIcon)]</thumb>
						<icon>$INFO[Window.Property(Hourly.5.Outlook),[COLOR=grey2]$LOCALIZE[33030]: [/COLOR]][CR][COLOR=grey2]$LOCALIZE[383]: [/COLOR]$INFO[Window.Property(Hourly.5.WindSpeed)] $INFO[Window.Property(Hourly.5.WindDirection)]</icon>
						<onclick>noop</onclick>
						<visible>Weather.IsFetched + !IsEmpty(Window.Property(Hourly.5.Outlook)) + !IsEmpty(Window.Property(Hourly.IsFetched))</visible>
					</item>
					
					<item>
						<label>$INFO[Window.Property(Hourly.6.Time)][CR][COLOR=grey2]$INFO[Window.Property(Hourly.6.ShortDate)][/COLOR]</label>
						<label2>$INFO[Window.Property(Hourly.6.Temperature),[COLOR=grey2]$LOCALIZE[401] :[/COLOR] ,]  $INFO[Window.Property(Hourly.6.FeelsLike),[COLOR=grey2]$LOCALIZE[402] :[/COLOR] ,][CR]$INFO[Window.Property(Hourly.6.Humidity),[COLOR=grey2]$LOCALIZE[406] :[/COLOR] ,][CR]$INFO[Window.Property(Hourly.6.Precipitation),[COLOR=grey2]$LOCALIZE[1448] :[/COLOR] ,]</label2>
						<thumb>$INFO[Window.Property(Hourly.6.OutlookIcon)]</thumb>
						<icon>$INFO[Window.Property(Hourly.6.Outlook),[COLOR=grey2]$LOCALIZE[33030]: [/COLOR]][CR][COLOR=grey2]$LOCALIZE[383]: [/COLOR]$INFO[Window.Property(Hourly.6.WindSpeed)] $INFO[Window.Property(Hourly.6.WindDirection)]</icon>
						<onclick>noop</onclick>
						<visible>Weather.IsFetched + !IsEmpty(Window.Property(Hourly.6.Outlook)) + !IsEmpty(Window.Property(Hourly.IsFetched))</visible>
					</item>
					
					<item>
						<label>$INFO[Window.Property(Hourly.7.Time)][CR][COLOR=grey2]$INFO[Window.Property(Hourly.7.ShortDate)][/COLOR]</label>
						<label2>$INFO[Window.Property(Hourly.7.Temperature),[COLOR=grey2]$LOCALIZE[401] :[/COLOR] ,]  $INFO[Window.Property(Hourly.7.FeelsLike),[COLOR=grey2]$LOCALIZE[402] :[/COLOR] ,][CR]$INFO[Window.Property(Hourly.7.Humidity),[COLOR=grey2]$LOCALIZE[406] :[/COLOR] ,][CR]$INFO[Window.Property(Hourly.7.Precipitation),[COLOR=grey2]$LOCALIZE[1448] :[/COLOR] ,]</label2>
						<thumb>$INFO[Window.Property(Hourly.7.OutlookIcon)]</thumb>
						<icon>$INFO[Window.Property(Hourly.7.Outlook),[COLOR=grey2]$LOCALIZE[33030]: [/COLOR]][CR][COLOR=grey2]$LOCALIZE[383]: [/COLOR]$INFO[Window.Property(Hourly.7.WindSpeed)] $INFO[Window.Property(Hourly.7.WindDirection)]</icon>
						<onclick>noop</onclick>
						<visible>Weather.IsFetched + !IsEmpty(Window.Property(Hourly.7.Outlook)) + !IsEmpty(Window.Property(Hourly.IsFetched))</visible>
					</item>
					
					<item>
						<label>$INFO[Window.Property(Hourly.8.Time)][CR][COLOR=grey2]$INFO[Window.Property(Hourly.8.ShortDate)][/COLOR]</label>
						<label2>$INFO[Window.Property(Hourly.8.Temperature),[COLOR=grey2]$LOCALIZE[401] :[/COLOR] ,]  $INFO[Window.Property(Hourly.8.FeelsLike),[COLOR=grey2]$LOCALIZE[402] :[/COLOR] ,][CR]$INFO[Window.Property(Hourly.8.Humidity),[COLOR=grey2]$LOCALIZE[406] :[/COLOR] ,][CR]$INFO[Window.Property(Hourly.8.Precipitation),[COLOR=grey2]$LOCALIZE[1448] :[/COLOR] ,]</label2>
						<thumb>$INFO[Window.Property(Hourly.8.OutlookIcon)]</thumb>
						<icon>$INFO[Window.Property(Hourly.8.Outlook),[COLOR=grey2]$LOCALIZE[33030]: [/COLOR]][CR][COLOR=grey2]$LOCALIZE[383]: [/COLOR]$INFO[Window.Property(Hourly.8.WindSpeed)] $INFO[Window.Property(Hourly.8.WindDirection)]</icon>
						<onclick>noop</onclick>
						<visible>Weather.IsFetched + !IsEmpty(Window.Property(Hourly.8.Outlook)) + !IsEmpty(Window.Property(Hourly.IsFetched))</visible>
					</item>
					
					<item>
						<label>$INFO[Window.Property(Hourly.9.Time)][CR][COLOR=grey2]$INFO[Window.Property(Hourly.9.ShortDate)][/COLOR]</label>
						<label2>$INFO[Window.Property(Hourly.9.Temperature),[COLOR=grey2]$LOCALIZE[401] :[/COLOR] ,]  $INFO[Window.Property(Hourly.9.FeelsLike),[COLOR=grey2]$LOCALIZE[402] :[/COLOR] ,][CR]$INFO[Window.Property(Hourly.9.Humidity),[COLOR=grey2]$LOCALIZE[406] :[/COLOR] ,][CR]$INFO[Window.Property(Hourly.9.Precipitation),[COLOR=grey2]$LOCALIZE[1448] :[/COLOR] ,]</label2>
						<thumb>$INFO[Window.Property(Hourly.9.OutlookIcon)]</thumb>
						<icon>$INFO[Window.Property(Hourly.9.Outlook),[COLOR=grey2]$LOCALIZE[33030]: [/COLOR]][CR][COLOR=grey2]$LOCALIZE[383]: [/COLOR]$INFO[Window.Property(Hourly.9.WindSpeed)] $INFO[Window.Property(Hourly.9.WindDirection)]</icon>
						<onclick>noop</onclick>
						<visible>Weather.IsFetched + !IsEmpty(Window.Property(Hourly.9.Outlook)) + !IsEmpty(Window.Property(Hourly.IsFetched))</visible>
					</item>
					
					<item>
						<label>$INFO[Window.Property(Hourly.10.Time)][CR][COLOR=grey2]$INFO[Window.Property(Hourly.10.ShortDate)][/COLOR]</label>
						<label2>$INFO[Window.Property(Hourly.10.Temperature),[COLOR=grey2]$LOCALIZE[401] :[/COLOR] ,]  $INFO[Window.Property(Hourly.10.FeelsLike),[COLOR=grey2]$LOCALIZE[402] :[/COLOR] ,][CR]$INFO[Window.Property(Hourly.10.Humidity),[COLOR=grey2]$LOCALIZE[406] :[/COLOR] ,][CR]$INFO[Window.Property(Hourly.10.Precipitation),[COLOR=grey2]$LOCALIZE[1448] :[/COLOR] ,]</label2>
						<thumb>$INFO[Window.Property(Hourly.10.OutlookIcon)]</thumb>
						<icon>$INFO[Window.Property(Hourly.10.Outlook),[COLOR=grey2]$LOCALIZE[33030]: [/COLOR]][CR][COLOR=grey2]$LOCALIZE[383]: [/COLOR]$INFO[Window.Property(Hourly.10.WindSpeed)] $INFO[Window.Property(Hourly.10.WindDirection)]</icon>
						<onclick>noop</onclick>
						<visible>Weather.IsFetched + !IsEmpty(Window.Property(Hourly.10.Outlook)) + !IsEmpty(Window.Property(Hourly.IsFetched))</visible>
					</item>
					
					<item>
						<label>$INFO[Window.Property(Hourly.11.Time)][CR][COLOR=grey2]$INFO[Window.Property(Hourly.11.ShortDate)][/COLOR]</label>
						<label2>$INFO[Window.Property(Hourly.11.Temperature),[COLOR=grey2]$LOCALIZE[401] :[/COLOR] ,]  $INFO[Window.Property(Hourly.11.FeelsLike),[COLOR=grey2]$LOCALIZE[402] :[/COLOR] ,][CR]$INFO[Window.Property(Hourly.11.Humidity),[COLOR=grey2]$LOCALIZE[406] :[/COLOR] ,][CR]$INFO[Window.Property(Hourly.11.Precipitation),[COLOR=grey2]$LOCALIZE[1448] :[/COLOR] ,]</label2>
						<thumb>$INFO[Window.Property(Hourly.11.OutlookIcon)]</thumb>
						<icon>$INFO[Window.Property(Hourly.11.Outlook),[COLOR=grey2]$LOCALIZE[33030]: [/COLOR]][CR][COLOR=grey2]$LOCALIZE[383]: [/COLOR]$INFO[Window.Property(Hourly.11.WindSpeed)] $INFO[Window.Property(Hourly.11.WindDirection)]</icon>
						<onclick>noop</onclick>
						<visible>Weather.IsFetched + !IsEmpty(Window.Property(Hourly.11.Outlook)) + !IsEmpty(Window.Property(Hourly.IsFetched))</visible>
					</item>
					
					<item>
						<label>$INFO[Window.Property(Hourly.12.Time)][CR][COLOR=grey2]$INFO[Window.Property(Hourly.12.ShortDate)][/COLOR]</label>
						<label2>$INFO[Window.Property(Hourly.12.Temperature),[COLOR=grey2]$LOCALIZE[401] :[/COLOR] ,]  $INFO[Window.Property(Hourly.12.FeelsLike),[COLOR=grey2]$LOCALIZE[402] :[/COLOR] ,][CR]$INFO[Window.Property(Hourly.12.Humidity),[COLOR=grey2]$LOCALIZE[406] :[/COLOR] ,][CR]$INFO[Window.Property(Hourly.12.Precipitation),[COLOR=grey2]$LOCALIZE[1448] :[/COLOR] ,]</label2>
						<thumb>$INFO[Window.Property(Hourly.12.OutlookIcon)]</thumb>
						<icon>$INFO[Window.Property(Hourly.12.Outlook),[COLOR=grey2]$LOCALIZE[33030]: [/COLOR]][CR][COLOR=grey2]$LOCALIZE[383]: [/COLOR]$INFO[Window.Property(Hourly.12.WindSpeed)] $INFO[Window.Property(Hourly.12.WindDirection)]</icon>
						<onclick>noop</onclick>
						<visible>Weather.IsFetched + !IsEmpty(Window.Property(Hourly.12.Outlook)) + !IsEmpty(Window.Property(Hourly.IsFetched))</visible>
					</item>
					
					<item>
						<label>$INFO[Window.Property(Hourly.13.Time)][CR][COLOR=grey2]$INFO[Window.Property(Hourly.13.ShortDate)][/COLOR]</label>
						<label2>$INFO[Window.Property(Hourly.13.Temperature),[COLOR=grey2]$LOCALIZE[401] :[/COLOR] ,]  $INFO[Window.Property(Hourly.13.FeelsLike),[COLOR=grey2]$LOCALIZE[402] :[/COLOR] ,][CR]$INFO[Window.Property(Hourly.13.Humidity),[COLOR=grey2]$LOCALIZE[406] :[/COLOR] ,][CR]$INFO[Window.Property(Hourly.13.Precipitation),[COLOR=grey2]$LOCALIZE[1448] :[/COLOR] ,]</label2>
						<thumb>$INFO[Window.Property(Hourly.13.OutlookIcon)]</thumb>
						<icon>$INFO[Window.Property(Hourly.13.Outlook),[COLOR=grey2]$LOCALIZE[33030]: [/COLOR]][CR][COLOR=grey2]$LOCALIZE[383]: [/COLOR]$INFO[Window.Property(Hourly.13.WindSpeed)] $INFO[Window.Property(Hourly.13.WindDirection)]</icon>
						<onclick>noop</onclick>
						<visible>Weather.IsFetched + !IsEmpty(Window.Property(Hourly.13.Outlook)) + !IsEmpty(Window.Property(Hourly.IsFetched))</visible>
					</item>
					
					<item>
						<label>$INFO[Window.Property(Hourly.14.Time)][CR][COLOR=grey2]$INFO[Window.Property(Hourly.14.ShortDate)][/COLOR]</label>
						<label2>$INFO[Window.Property(Hourly.14.Temperature),[COLOR=grey2]$LOCALIZE[401] :[/COLOR] ,]  $INFO[Window.Property(Hourly.14.FeelsLike),[COLOR=grey2]$LOCALIZE[402] :[/COLOR] ,][CR]$INFO[Window.Property(Hourly.14.Humidity),[COLOR=grey2]$LOCALIZE[406] :[/COLOR] ,][CR]$INFO[Window.Property(Hourly.14.Precipitation),[COLOR=grey2]$LOCALIZE[1448] :[/COLOR] ,]</label2>
						<thumb>$INFO[Window.Property(Hourly.14.OutlookIcon)]</thumb>
						<icon>$INFO[Window.Property(Hourly.14.Outlook),[COLOR=grey2]$LOCALIZE[33030]: [/COLOR]][CR][COLOR=grey2]$LOCALIZE[383]: [/COLOR]$INFO[Window.Property(Hourly.14.WindSpeed)] $INFO[Window.Property(Hourly.14.WindDirection)]</icon>
						<onclick>noop</onclick>
						<visible>Weather.IsFetched + !IsEmpty(Window.Property(Hourly.14.Outlook)) + !IsEmpty(Window.Property(Hourly.IsFetched))</visible>
					</item>
					
					<item>
						<label>$INFO[Window.Property(Hourly.15.Time)][CR][COLOR=grey2]$INFO[Window.Property(Hourly.15.ShortDate)][/COLOR]</label>
						<label2>$INFO[Window.Property(Hourly.15.Temperature),[COLOR=grey2]$LOCALIZE[401] :[/COLOR] ,]  $INFO[Window.Property(Hourly.15.FeelsLike),[COLOR=grey2]$LOCALIZE[402] :[/COLOR] ,][CR]$INFO[Window.Property(Hourly.15.Humidity),[COLOR=grey2]$LOCALIZE[406] :[/COLOR] ,][CR]$INFO[Window.Property(Hourly.15.Precipitation),[COLOR=grey2]$LOCALIZE[1448] :[/COLOR] ,]</label2>
						<thumb>$INFO[Window.Property(Hourly.15.OutlookIcon)]</thumb>
						<icon>$INFO[Window.Property(Hourly.15.Outlook),[COLOR=grey2]$LOCALIZE[33030]: [/COLOR]][CR][COLOR=grey2]$LOCALIZE[383]: [/COLOR]$INFO[Window.Property(Hourly.15.WindSpeed)] $INFO[Window.Property(Hourly.15.WindDirection)]</icon>
						<onclick>noop</onclick>
						<visible>Weather.IsFetched + !IsEmpty(Window.Property(Hourly.15.Outlook)) + !IsEmpty(Window.Property(Hourly.IsFetched))</visible>
					</item>
					
					<item>
						<label>$INFO[Window.Property(Hourly.16.Time)][CR][COLOR=grey2]$INFO[Window.Property(Hourly.16.ShortDate)][/COLOR]</label>
						<label2>$INFO[Window.Property(Hourly.16.Temperature),[COLOR=grey2]$LOCALIZE[401] :[/COLOR] ,]  $INFO[Window.Property(Hourly.16.FeelsLike),[COLOR=grey2]$LOCALIZE[402] :[/COLOR] ,][CR]$INFO[Window.Property(Hourly.16.Humidity),[COLOR=grey2]$LOCALIZE[406] :[/COLOR] ,][CR]$INFO[Window.Property(Hourly.16.Precipitation),[COLOR=grey2]$LOCALIZE[1448] :[/COLOR] ,]</label2>
						<thumb>$INFO[Window.Property(Hourly.16.OutlookIcon)]</thumb>
						<icon>$INFO[Window.Property(Hourly.16.Outlook),[COLOR=grey2]$LOCALIZE[33030]: [/COLOR]][CR][COLOR=grey2]$LOCALIZE[383]: [/COLOR]$INFO[Window.Property(Hourly.16.WindSpeed)] $INFO[Window.Property(Hourly.16.WindDirection)]</icon>
						<onclick>noop</onclick>
						<visible>Weather.IsFetched + !IsEmpty(Window.Property(Hourly.16.Outlook)) + !IsEmpty(Window.Property(Hourly.IsFetched))</visible>
					</item>
					
					<item>
						<label>$INFO[Window.Property(Hourly.17.Time)][CR][COLOR=grey2]$INFO[Window.Property(Hourly.17.ShortDate)][/COLOR]</label>
						<label2>$INFO[Window.Property(Hourly.17.Temperature),[COLOR=grey2]$LOCALIZE[401] :[/COLOR] ,]  $INFO[Window.Property(Hourly.17.FeelsLike),[COLOR=grey2]$LOCALIZE[402] :[/COLOR] ,][CR]$INFO[Window.Property(Hourly.17.Humidity),[COLOR=grey2]$LOCALIZE[406] :[/COLOR] ,][CR]$INFO[Window.Property(Hourly.17.Precipitation),[COLOR=grey2]$LOCALIZE[1448] :[/COLOR] ,]</label2>
						<thumb>$INFO[Window.Property(Hourly.17.OutlookIcon)]</thumb>
						<icon>$INFO[Window.Property(Hourly.17.Outlook),[COLOR=grey2]$LOCALIZE[33030]: [/COLOR]][CR][COLOR=grey2]$LOCALIZE[383]: [/COLOR]$INFO[Window.Property(Hourly.17.WindSpeed)] $INFO[Window.Property(Hourly.17.WindDirection)]</icon>
						<onclick>noop</onclick>
						<visible>Weather.IsFetched + !IsEmpty(Window.Property(Hourly.17.Outlook)) + !IsEmpty(Window.Property(Hourly.IsFetched))</visible>
					</item>
					
					<item>
						<label>$INFO[Window.Property(Hourly.18.Time)][CR][COLOR=grey2]$INFO[Window.Property(Hourly.18.ShortDate)][/COLOR]</label>
						<label2>$INFO[Window.Property(Hourly.18.Temperature),[COLOR=grey2]$LOCALIZE[401] :[/COLOR] ,]  $INFO[Window.Property(Hourly.18.FeelsLike),[COLOR=grey2]$LOCALIZE[402] :[/COLOR] ,][CR]$INFO[Window.Property(Hourly.18.Humidity),[COLOR=grey2]$LOCALIZE[406] :[/COLOR] ,][CR]$INFO[Window.Property(Hourly.18.Precipitation),[COLOR=grey2]$LOCALIZE[1448] :[/COLOR] ,]</label2>
						<thumb>$INFO[Window.Property(Hourly.18.OutlookIcon)]</thumb>
						<icon>$INFO[Window.Property(Hourly.18.Outlook),[COLOR=grey2]$LOCALIZE[33030]: [/COLOR]][CR][COLOR=grey2]$LOCALIZE[383]: [/COLOR]$INFO[Window.Property(Hourly.18.WindSpeed)] $INFO[Window.Property(Hourly.18.WindDirection)]</icon>
						<onclick>noop</onclick>
						<visible>Weather.IsFetched + !IsEmpty(Window.Property(Hourly.18.Outlook)) + !IsEmpty(Window.Property(Hourly.IsFetched))</visible>
					</item>
					
					<item>
						<label>$INFO[Window.Property(Hourly.19.Time)][CR][COLOR=grey2]$INFO[Window.Property(Hourly.19.ShortDate)][/COLOR]</label>
						<label2>$INFO[Window.Property(Hourly.19.Temperature),[COLOR=grey2]$LOCALIZE[401] :[/COLOR] ,]  $INFO[Window.Property(Hourly.19.FeelsLike),[COLOR=grey2]$LOCALIZE[402] :[/COLOR] ,][CR]$INFO[Window.Property(Hourly.19.Humidity),[COLOR=grey2]$LOCALIZE[406] :[/COLOR] ,][CR]$INFO[Window.Property(Hourly.19.Precipitation),[COLOR=grey2]$LOCALIZE[1448] :[/COLOR] ,]</label2>
						<thumb>$INFO[Window.Property(Hourly.19.OutlookIcon)]</thumb>
						<icon>$INFO[Window.Property(Hourly.19.Outlook),[COLOR=grey2]$LOCALIZE[33030]: [/COLOR]][CR][COLOR=grey2]$LOCALIZE[383]: [/COLOR]$INFO[Window.Property(Hourly.19.WindSpeed)] $INFO[Window.Property(Hourly.19.WindDirection)]</icon>
						<onclick>noop</onclick>
						<visible>Weather.IsFetched + !IsEmpty(Window.Property(Hourly.19.Outlook)) + !IsEmpty(Window.Property(Hourly.IsFetched))</visible>
					</item>
					
					<item>
						<label>$INFO[Window.Property(Hourly.20.Time)][CR][COLOR=grey2]$INFO[Window.Property(Hourly.20.ShortDate)][/COLOR]</label>
						<label2>$INFO[Window.Property(Hourly.20.Temperature),[COLOR=grey2]$LOCALIZE[401] :[/COLOR] ,]  $INFO[Window.Property(Hourly.20.FeelsLike),[COLOR=grey2]$LOCALIZE[402] :[/COLOR] ,][CR]$INFO[Window.Property(Hourly.20.Humidity),[COLOR=grey2]$LOCALIZE[406] :[/COLOR] ,][CR]$INFO[Window.Property(Hourly.20.Precipitation),[COLOR=grey2]$LOCALIZE[1448] :[/COLOR] ,]</label2>
						<thumb>$INFO[Window.Property(Hourly.20.OutlookIcon)]</thumb>
						<icon>$INFO[Window.Property(Hourly.20.Outlook),[COLOR=grey2]$LOCALIZE[33030]: [/COLOR]][CR][COLOR=grey2]$LOCALIZE[383]: [/COLOR]$INFO[Window.Property(Hourly.20.WindSpeed)] $INFO[Window.Property(Hourly.20.WindDirection)]</icon>
						<onclick>noop</onclick>
						<visible>Weather.IsFetched + !IsEmpty(Window.Property(Hourly.20.Outlook)) + !IsEmpty(Window.Property(Hourly.IsFetched))</visible>
					</item>
					
					<item>
						<label>$INFO[Window.Property(Hourly.21.Time)][CR][COLOR=grey2]$INFO[Window.Property(Hourly.21.ShortDate)][/COLOR]</label>
						<label2>$INFO[Window.Property(Hourly.21.Temperature),[COLOR=grey2]$LOCALIZE[401] :[/COLOR] ,]  $INFO[Window.Property(Hourly.21.FeelsLike),[COLOR=grey2]$LOCALIZE[402] :[/COLOR] ,][CR]$INFO[Window.Property(Hourly.21.Humidity),[COLOR=grey2]$LOCALIZE[406] :[/COLOR] ,][CR]$INFO[Window.Property(Hourly.21.Precipitation),[COLOR=grey2]$LOCALIZE[1448] :[/COLOR] ,]</label2>
						<thumb>$INFO[Window.Property(Hourly.21.OutlookIcon)]</thumb>
						<icon>$INFO[Window.Property(Hourly.21.Outlook),[COLOR=grey2]$LOCALIZE[33030]: [/COLOR]][CR][COLOR=grey2]$LOCALIZE[383]: [/COLOR]$INFO[Window.Property(Hourly.21.WindSpeed)] $INFO[Window.Property(Hourly.21.WindDirection)]</icon>
						<onclick>noop</onclick>
						<visible>Weather.IsFetched + !IsEmpty(Window.Property(Hourly.21.Outlook)) + !IsEmpty(Window.Property(Hourly.IsFetched))</visible>
					</item>
					
					<item>
						<label>$INFO[Window.Property(Hourly.22.Time)][CR][COLOR=grey2]$INFO[Window.Property(Hourly.22.ShortDate)][/COLOR]</label>
						<label2>$INFO[Window.Property(Hourly.22.Temperature),[COLOR=grey2]$LOCALIZE[401] :[/COLOR] ,]  $INFO[Window.Property(Hourly.22.FeelsLike),[COLOR=grey2]$LOCALIZE[402] :[/COLOR] ,][CR]$INFO[Window.Property(Hourly.22.Humidity),[COLOR=grey2]$LOCALIZE[406] :[/COLOR] ,][CR]$INFO[Window.Property(Hourly.22.Precipitation),[COLOR=grey2]$LOCALIZE[1448] :[/COLOR] ,]</label2>
						<thumb>$INFO[Window.Property(Hourly.22.OutlookIcon)]</thumb>
						<icon>$INFO[Window.Property(Hourly.22.Outlook),[COLOR=grey2]$LOCALIZE[33030]: [/COLOR]][CR][COLOR=grey2]$LOCALIZE[383]: [/COLOR]$INFO[Window.Property(Hourly.22.WindSpeed)] $INFO[Window.Property(Hourly.22.WindDirection)]</icon>
						<onclick>noop</onclick>
						<visible>Weather.IsFetched + !IsEmpty(Window.Property(Hourly.22.Outlook)) + !IsEmpty(Window.Property(Hourly.IsFetched))</visible>
					</item>
					
					<item>
						<label>$INFO[Window.Property(Hourly.23.Time)][CR][COLOR=grey2]$INFO[Window.Property(Hourly.23.ShortDate)][/COLOR]</label>
						<label2>$INFO[Window.Property(Hourly.23.Temperature),[COLOR=grey2]$LOCALIZE[401] :[/COLOR] ,]  $INFO[Window.Property(Hourly.23.FeelsLike),[COLOR=grey2]$LOCALIZE[402] :[/COLOR] ,][CR]$INFO[Window.Property(Hourly.23.Humidity),[COLOR=grey2]$LOCALIZE[406] :[/COLOR] ,][CR]$INFO[Window.Property(Hourly.23.Precipitation),[COLOR=grey2]$LOCALIZE[1448] :[/COLOR] ,]</label2>
						<thumb>$INFO[Window.Property(Hourly.23.OutlookIcon)]</thumb>
						<icon>$INFO[Window.Property(Hourly.23.Outlook),[COLOR=grey2]$LOCALIZE[33030]: [/COLOR]][CR][COLOR=grey2]$LOCALIZE[383]: [/COLOR]$INFO[Window.Property(Hourly.23.WindSpeed)] $INFO[Window.Property(Hourly.23.WindDirection)]</icon>
						<onclick>noop</onclick>
						<visible>Weather.IsFetched + !IsEmpty(Window.Property(Hourly.23.Outlook)) + !IsEmpty(Window.Property(Hourly.IsFetched))</visible>
					</item>
					
					<item>
						<label>$INFO[Window.Property(Hourly.24.Time)][CR][COLOR=grey2]$INFO[Window.Property(Hourly.24.ShortDate)][/COLOR]</label>
						<label2>$INFO[Window.Property(Hourly.24.Temperature),[COLOR=grey2]$LOCALIZE[401] :[/COLOR] ,]  $INFO[Window.Property(Hourly.24.FeelsLike),[COLOR=grey2]$LOCALIZE[402] :[/COLOR] ,][CR]$INFO[Window.Property(Hourly.24.Humidity),[COLOR=grey2]$LOCALIZE[406] :[/COLOR] ,][CR]$INFO[Window.Property(Hourly.24.Precipitation),[COLOR=grey2]$LOCALIZE[1448] :[/COLOR] ,]</label2>
						<thumb>$INFO[Window.Property(Hourly.24.OutlookIcon)]</thumb>
						<icon>$INFO[Window.Property(Hourly.24.Outlook),[COLOR=grey2]$LOCALIZE[33030]: [/COLOR]][CR][COLOR=grey2]$LOCALIZE[383]: [/COLOR]$INFO[Window.Property(Hourly.24.WindSpeed)] $INFO[Window.Property(Hourly.24.WindDirection)]</icon>
						<onclick>noop</onclick>
						<visible>Weather.IsFetched + !IsEmpty(Window.Property(Hourly.24.Outlook)) + !IsEmpty(Window.Property(Hourly.IsFetched))</visible>
					</item>
					
				</content>
			
			</control>
			
			<!--scrollbar-->
			<control type="scrollbar" id="62">
				<left>1058</left>
				<top>200</top>
				<onleft>52</onleft>
				<onright>9000</onright>
				<orientation>vertical</orientation>
				<showonepage>true</showonepage>
				<visible>Control.IsVisible(52)</visible>
			</control>

		</control>
		
		<control type="group">
			<visible>Control.IsVisible(52)</visible>
			
			<control type="image">
				<left>64</left>
				<top>94r</top>
				<width>280</width>
				<height>34</height>
				<texture colordiffuse="tertiary">backgrounds/white.png</texture>
			</control>
		
			<control type="image">
				<left>60</left>
				<top>94r</top>
				<width>4</width>
				<height>34</height>
				<texture colordiffuse="$VAR[Colour.500]">backgrounds/white.png</texture>
			</control>

			<control type="label">
				<description>Page Count Label</description>
				<left>73</left>
				<top>94r</top>
				<width>750</width>
				<height>34</height>
				<font>breadcrumb.secondary</font>
				<textcolor>text.primary</textcolor>
				<scroll>false</scroll>
				<align>left</align>
				<aligny>center</aligny>
				<label>$INFO[Container(52).NumItems] $LOCALIZE[31025] [COLOR=$VAR[Colour.500]]$INFO[Container(52).CurrentPage, $LOCALIZE[31024] ]$INFO[Container(52).NumPages,/,][/COLOR]</label>
				<include>Window_OpenClose_Animation</include>
			</control>
			
		</control>
		
	</include>
	
	<include name="WeatherMaps">

		<control type="group">
			<visible>StringCompare(Window.Property(Weather.CurrentView),map) + !IsEmpty(Window.Property(Map.IsFetched))</visible>
			<left>135</left>
			<top>200</top>

			<animation effect="slide" start="-1200,0" end="0,0" time="400" tween="quadratic" easing="out">WindowOpen</animation>
			<animation effect="slide" start="0,0" end="-1200,0" time="400" tween="quadratic" easing="out">WindowClose</animation>

			<!--background-->
			<control type="image">
				<left>-20</left>
				<top>-20</top>
				<width>970</width>
				<height>730</height>
				<texture border="20" colordiffuse="tertiary">backgrounds/info bg.png</texture>
			</control>
			
			<!--sub title background-->
			<control type="image">
				<left>0</left>
				<top>640</top>
				<width>930</width>
				<height>50</height>
				<texture background="true" colordiffuse="$VAR[Colour.900]">backgrounds/white.png</texture>
			</control>

			<control type="button" id="992">
				<left>645</left>
				<top>646</top>
				<width>38</width>
				<height>38</height>
				<label>-</label>
				<texturefocus colordiffuse="$VAR[Colour.500]">OSDPlayNF.png</texturefocus>
				<texturenofocus>OSDPlayNF.png</texturenofocus>
				<onleft>991</onleft>
				<onright>9000</onright>
				<onclick>Control.Move(53,1)</onclick>
			</control>
			
			<control type="button" id="991">
				<left>243</left>
				<top>646</top>
				<width>38</width>
				<height>38</height>
				<label>-</label>
				<texturefocus flipx="true" colordiffuse="$VAR[Colour.500]">OSDPlayNF.png</texturefocus>
				<texturenofocus flipx="true">OSDPlayNF.png</texturenofocus>
				<onleft>9000</onleft>
				<onright>992</onright>
				<onclick>Control.Move(53,-1)</onclick>
			</control>
			
			<control type="label">
				<description>heading label</description>
				<left>0</left>
				<top>640</top>
				<width>930</width>
				<height>50</height>
				<font>kai.secondary</font>
				<label>$INFO[Container(53).ListItem.Label]</label>
				<align>center</align>
				<aligny>center</aligny>
				<textcolor>white</textcolor>
			</control>
			
			<control type="list" id="53">
				<left>0</left>
				<top>0</top>
				<width>930</width>
				<height>640</height>
				<onleft>9000</onleft>
				<onright>9000</onright>
				<onup>9000</onup>
				<ondown>9000</ondown>
				<viewtype label="535">list</viewtype>
				<scrolltime>200</scrolltime>
				<orientation>horizontal</orientation>
				<visible>StringCompare(Window.Property(Weather.CurrentView),map) + !IsEmpty(Window.Property(Map.IsFetched))</visible>
				
				<itemlayout height="640" width="930">
				
					<control type="image">
						<description>area image</description>
						<left>0</left>
						<top>0</top>
						<width>930</width>
						<height>640</height>
						<texture>$INFO[ListItem.Icon]</texture>
						<aspectratio>scale</aspectratio>
					</control>
					
					<control type="image">
						<description>layer image</description>
						<left>0</left>
						<top>0</top>
						<width>930</width>
						<height>640</height>
						<texture>$INFO[ListItem.Property(Layer)]</texture>
						<aspectratio>scale</aspectratio>
						<colordiffuse>70FFFFFF</colordiffuse>
					</control>
					
					<control type="image">
						<description>legend image</description>
						<left>580</left>
						<top>585</top>
						<width>336</width>
						<height>52</height>
						<texture>$INFO[ListItem.Label2]</texture>
					</control>
					
				</itemlayout>
				
				<focusedlayout height="640" width="930">
				
					<control type="image">
						<description>layer image</description>
						<left>0</left>
						<top>0</top>
						<width>930</width>
						<height>640</height>
						<texture>$INFO[ListItem.Icon]</texture>
						<aspectratio>scale</aspectratio>
					</control>
					
					<control type="image">
						<description>area image</description>
						<left>0</left>
						<top>0</top>
						<width>930</width>
						<height>640</height>
						<texture>$INFO[ListItem.Property(Layer)]</texture>
						<aspectratio>scale</aspectratio>
						<colordiffuse>70FFFFFF</colordiffuse>
					</control>
					
					<control type="image">
						<description>legend image</description>
						<left>580</left>
						<top>585</top>
						<width>336</width>
						<height>52</height>
						<texture>$INFO[ListItem.Label2]</texture>
					</control>
					
				</focusedlayout>
				
				<content>
				
					<item>
						<label>$INFO[Window.Property(Map.1.Heading)]</label>
						<label2>$INFO[Window.Property(Map.1.Legend)]</label2>
						<icon>$INFO[Window.Property(Map.1.Area)]</icon>
						<property name="Layer">$INFO[Window.Property(Map.1.Layer)]</property>
						<onclick>noop</onclick>
						<visible>Weather.IsFetched + !IsEmpty(Window.Property(Map.1.Area)) + !IsEmpty(Window.Property(Map.IsFetched))</visible>
					</item>
					
					<item>
						<label>$INFO[Window.Property(Map.2.Heading)]</label>
						<label2>$INFO[Window.Property(Map.2.Legend)]</label2>
						<icon>$INFO[Window.Property(Map.2.Area)]</icon>
						<property name="Layer">$INFO[Window.Property(Map.2.Layer)]</property>
						<onclick>noop</onclick>
						<visible>Weather.IsFetched + !IsEmpty(Window.Property(Map.2.Area)) + !IsEmpty(Window.Property(Map.IsFetched))</visible>
					</item>
					
					<item>
						<label>$INFO[Window.Property(Map.3.Heading)]</label>
						<label2>$INFO[Window.Property(Map.3.Legend)]</label2>
						<icon>$INFO[Window.Property(Map.3.Area)]</icon>
						<property name="Layer">$INFO[Window.Property(Map.3.Layer)]</property>
						<onclick>noop</onclick>
						<visible>Weather.IsFetched + !IsEmpty(Window.Property(Map.3.Area)) + !IsEmpty(Window.Property(Map.IsFetched))</visible>
					</item>
					
					<item>
						<label>$INFO[Window.Property(Map.4.Heading)]</label>
						<label2>$INFO[Window.Property(Map.4.Legend)]</label2>
						<icon>$INFO[Window.Property(Map.4.Area)]</icon>
						<property name="Layer">$INFO[Window.Property(Map.4.Layer)]</property>
						<onclick>noop</onclick>
						<visible>Weather.IsFetched + !IsEmpty(Window.Property(Map.4.Area)) + !IsEmpty(Window.Property(Map.IsFetched))</visible>
					</item>
					
					<item>
						<label>$INFO[Window.Property(Map.5.Heading)]</label>
						<label2>$INFO[Window.Property(Map.5.Legend)]</label2>
						<icon>$INFO[Window.Property(Map.5.Area)]</icon>
						<property name="Layer">$INFO[Window.Property(Map.5.Layer)]</property>
						<onclick>noop</onclick>
						<visible>Weather.IsFetched + !IsEmpty(Window.Property(Map.5.Area)) + !IsEmpty(Window.Property(Map.IsFetched))</visible>
					</item>
					
				</content>
				
			</control>
			
		</control>
		
	</include>
	
	<include name="WeatherAlerts">
	
		<control type="button" id="996">
			<description>Hidden Button for focus</description>
			<left>-900</left>
			<top>-30</top>
			<width>1</width>
			<height>1</height>
			<texturenofocus>-</texturenofocus>
			<texturefocus>-</texturefocus>
			<onleft>9000</onleft>
			<onright>9000</onright>
			<visible>StringCompare(Window.Property(Weather.CurrentView),alerts)</visible>
		</control>
	
		<control type="group">
			<visible>StringCompare(Window.Property(Weather.CurrentView),alerts) + !IsEmpty(Window.Property(Alerts.IsFetched))</visible>
			<left>135</left>
			<top>200</top>

			<animation effect="slide" start="-1200,0" end="0,0" time="400" tween="quadratic" easing="out">WindowOpen</animation>
			<animation effect="slide" start="0,0" end="-1200,0" time="400" tween="quadratic" easing="out">WindowClose</animation>

			<!--background-->
			<control type="image">
				<left>-20</left>
				<top>-20</top>
				<width>970</width>
				<height>730</height>
				<texture border="20" colordiffuse="tertiary">backgrounds/info bg.png</texture>
			</control>
			
			<!--sub title background-->
			<control type="image">
				<left>0</left>
				<top>0</top>
				<width>930</width>
				<height>50</height>
				<texture background="true" colordiffuse="$VAR[Colour.900]">backgrounds/white.png</texture>
			</control>

			<control type="label">
				<left>0</left>
				<top>0</top>
				<width>930</width>
				<height>50</height>
				<font>kai.secondary</font>
				<textcolor>white</textcolor>
				<align>center</align>
				<aligny>center</aligny>
				<label>$LOCALIZE[33050]</label>
			</control>
			
			<control type="group">
				<visible>!StringCompare(Window.Property(Alerts.Count),0)</visible>
				
				<control type="textbox">
					<left>20</left>
					<top>82</top>
					<width>890</width>
					<height>598</height>
					<font>secondary.info</font>
					<textcolor>text.primary</textcolor>
					<selectedcolor>selected</selectedcolor>
					<align>center</align>
					<label>$INFO[Window.Property(Alerts)]</label>
					<autoscroll time="2000" delay="3000" repeat="5000">Skin.HasSetting(AutoScroll)</autoscroll>
				</control>
				
			</control>
			
			<control type="label">
				<left>20</left>
				<top>80</top>
				<width>890</width>
				<height>45</height>
				<font>secondary.info</font>
				<textcolor>text.primary</textcolor>
				<align>center</align>
				<aligny>center</aligny>
				<label>$LOCALIZE[19055]</label>
				<visible>StringCompare(Window.Property(Alerts.Count),0)</visible>
			</control>
			
		</control>
		
	</include>
	
</includes>
