<?xml version="1.0" encoding="UTF-8"?>
<includes>
    <variable name="Defs_SpinnerTexture">
        <value condition="!IsEmpty(Skin.String(SkinHelper.SpinnerTexturePath)) + !IsEmpty(Skin.String(SkinHelper.SpinnerTexture)) + !StringCompare(Skin.String(SkinHelper.SpinnerTexturePath),None)">$INFO[Skin.String(SkinHelper.SpinnerTexturePath)]</value>
        <value>special://skin/extras/busy_spinners/Default</value>
    </variable>
    <include name="Defs_OptionButton">
        <width>364</width>
        <height>69</height>
        <textcolor>ListLabel</textcolor>
        <selectedcolor>Selected</selectedcolor>
        <focusedcolor>Selected</focusedcolor>
        <font>Font-ListInfo-Small</font>
        <aligny>center</aligny>
        <textoffsetx>side</textoffsetx>
        <radioposx>320</radioposx>
        <texturenofocus colordiffuse="PosterBorder">common/white.png</texturenofocus>
        <texturefocus colordiffuse="$VAR[HighlightColor]">common/white.png</texturefocus>
        <alttexturenofocus colordiffuse="PosterBorder">common/white.png</alttexturenofocus>
        <alttexturefocus colordiffuse="$VAR[HighlightColor]">common/white.png</alttexturefocus>
    </include>
    <include name="Defs_OSDButton">
        <width>230</width>
        <height>48</height>
        <textcolor>ListLabel</textcolor>
        <selectedcolor>$VAR[HighlightColor]</selectedcolor>
        <focusedcolor>$VAR[HighlightColor]</focusedcolor>
        <font>Font-OSD</font>
        <aligny>center</aligny>
        <align>center</align>
        <textoffsetx>side</textoffsetx>
        <texturenofocus>noop</texturenofocus>
        <texturefocus>noop</texturefocus>
        <alttexturenofocus>noop</alttexturenofocus>
        <alttexturefocus>noop</alttexturefocus>
    </include>
    <include name="Defs_KeyboardButton">
        <width>120</width>
        <height>70</height>
        <textcolor>ListLabel</textcolor>
        <selectedcolor>Selected</selectedcolor>
        <focusedcolor>Selected</focusedcolor>
        <font>Font-ListInfo-Small</font>
        <aligny>center</aligny>
        <textoffsetx>side</textoffsetx>
        <radioposx>275</radioposx>
        <texturenofocus colordiffuse="PosterBorder">common/white.png</texturenofocus>
        <texturefocus colordiffuse="$VAR[HighlightColor]">common/white.png</texturefocus>
        <alttexturenofocus colordiffuse="PosterBorder">common/white.png</alttexturenofocus>
        <alttexturefocus colordiffuse="$VAR[HighlightColor]">common/white.png</alttexturefocus>
    </include>
    <variable name="Defs_Hub_Widget">
        <value condition="Window.IsVisible(1101) + !IsEmpty(Skin.String(Widget.1101))">$INFO[Skin.String(Widget.1101)]</value>
        <value condition="Window.IsVisible(1102) + !IsEmpty(Skin.String(Widget.1102))">$INFO[Skin.String(Widget.1102)]</value>
        <value condition="Window.IsVisible(1103) + !IsEmpty(Skin.String(Widget.1103))">$INFO[Skin.String(Widget.1103)]</value>
        <value condition="Window.IsVisible(1104) + !IsEmpty(Skin.String(Widget.1104))">$INFO[Skin.String(Widget.1104)]</value>
        <value condition="Window.IsVisible(1105) + !IsEmpty(Skin.String(Widget.1105))">$INFO[Skin.String(Widget.1105)]</value>
        <value condition="Window.IsVisible(1106) + !IsEmpty(Skin.String(Widget.1106))">$INFO[Skin.String(Widget.1106)]</value>
        <value condition="Window.IsVisible(1107) + !IsEmpty(Skin.String(Widget.1107))">$INFO[Skin.String(Widget.1107)]</value>
        <value condition="Window.IsVisible(1108) + !IsEmpty(Skin.String(Widget.1108))">$INFO[Skin.String(Widget.1108)]</value>
        <value condition="Window.IsVisible(1109) + !IsEmpty(Skin.String(Widget.1109))">$INFO[Skin.String(Widget.1109)]</value>
        <value condition="Window.IsVisible(1102)">special://skin/extras/playlists/RandomEpisodes.xsp</value>
        <value>special://skin/extras/playlists/RandomMovies.xsp</value>
    </variable>
    <variable name="Defs_HomeTileColor">
        <value condition="Skin.HasSetting(home.tilecolor) + !IsEmpty(Container(9000).ListItem.Property(tilecolor))">$INFO[Container(9000).ListItem.Property(tilecolor)]</value>
        <value condition="Skin.HasSetting(home.tilecolor) + !IsEmpty(Container(211).ListItem.Property(tilecolor))">$INFO[Container(211).ListItem.Property(tilecolor)]</value>
        <value>$VAR[HighlightColor]</value>
    </variable>

    <include name="Defs_Shortcuts_SetHub">
        <control type="button" id="$PARAM[buttonid1]" description="Set HUB">
            <width>100%</width>
            <label>31096</label>
            <visible>stringcompare(Window.Property(groupname),mainmenu)</visible>
            <include>Defs_OptionButton</include>
            <visible>stringcompare(Container(211).ListItem.Label2,Hub $PARAM[hubid]) | stringcompare(Container(211).ListItem.Property(Path),ActivateWindow($PARAM[hubid]))</visible>
            <onclick>RunScript(script.skinshortcuts,type=manage&amp;group=x$PARAM[hubid])</onclick>
        </control>
        <control type="button" id="$PARAM[buttonid2]" description="Set HUB WIDGET">
            <width>100%</width>
            <label>31097</label>
            <visible>stringcompare(Window.Property(groupname),mainmenu)</visible>
            <visible>stringcompare(Container(211).ListItem.Label2,Hub $PARAM[hubid]) | stringcompare(Container(211).ListItem.Property(Path),ActivateWindow($PARAM[hubid]))</visible>
            <include>Defs_OptionButton</include>
            <onclick>RunScript(script.skinshortcuts,type=shortcuts&amp;grouping=hubwidget&amp;skinList=Widget.$PARAM[hubid]&amp;skinLabel=Widget.$PARAM[hubid].Label)</onclick>
        </control>
    </include>
    <variable name="Defs_HomeWidget_Content">
        <value condition="Player.HasVideo + Skin.HasSetting(background.showvideo)">noop</value>
        <value condition="StringCompare(Container(9000).ListItem.Property(widget),Weather) + !IsEmpty(Skin.String(weather.fanart))">$INFO[Skin.String(weather.fanart)]$INFO[Window(Weather).Property(Current.FanartCode)]/</value>
        <value condition="!IsEmpty(Container(9000).ListItem.Property(widgetPath))">$INFO[Container(9000).ListItem.Property(widgetPath)]</value>
        <value condition="StringCompare(Container(9000).ListItem.Property(widget),Playlist)">$INFO[Container(9000).ListItem.Property(widgetPlaylist)]</value>
        <value condition="StringCompare(Container(9000).ListItem.Property(widget),RandomMovies)">special://skin/extras/playlists/RandomMovies.xsp</value>
        <value condition="StringCompare(Container(9000).ListItem.Property(widget),RandomEpisodes)">special://skin/extras/playlists/RandomEpisodes.xsp</value>
        <value condition="StringCompare(Container(9000).ListItem.Property(widget),RecentEpisodes)">special://skin/extras/playlists/NewEpisodes.xsp</value>
        <value condition="StringCompare(Container(9000).ListItem.Property(widget),RecentMovies)">special://skin/extras/playlists/NewMovies.xsp</value>
        <value condition="StringCompare(Container(9000).ListItem.Property(widget),RecommendedEpisodes)">plugin://script.skin.helper.service/?action=nextepisodes&amp;limit=20&amp;reload=$INFO[Window(Home).Property(widgetreload)]</value>
        <value condition="StringCompare(Container(9000).ListItem.Property(widget),RecommendedMovies)">plugin://script.skin.helper.service/?action=recommendedmovies&amp;limit=20&amp;reload=$INFO[Window(Home).Property(widgetreload)]</value>
        <value condition="StringCompare(Container(9000).ListItem.Property(widget),SimilarMovies)">plugin://script.skin.helper.service/?action=similarmovies&amp;limit=20&amp;reload=$INFO[Window(Home).Property(widgetreload)]</value>
        <value condition="StringCompare(Container(9000).ListItem.Property(widget),Custom1)">$INFO[Skin.String(CustomWidget1)]</value>
        <value condition="StringCompare(Container(9000).ListItem.Property(widget),Custom2)">$INFO[Skin.String(CustomWidget2)]</value>
        <value condition="StringCompare(Container(9000).ListItem.Property(widget),Custom3)">$INFO[Skin.String(CustomWidget3)]</value>
        <value condition="StringCompare(Container(9000).ListItem.Property(widget),Custom4)">$INFO[Skin.String(CustomWidget4)]</value>
        <value condition="StringCompare(Container(9000).ListItem.Property(widget),TrendingMovies)">plugin://script.extendedinfo?info=trendingmovies</value>
        <value condition="StringCompare(Container(9000).ListItem.Property(widget),TrendingShows)">plugin://script.extendedinfo?info=trendingshows</value>
        <value condition="StringCompare(Container(9000).ListItem.Property(widget),AiringShows)">plugin://script.extendedinfo?info=airingshows</value>
        <value condition="StringCompare(Container(9000).ListItem.Property(widget),PremiereShows)">plugin://script.extendedinfo?info=premiereshows</value>
        <value condition="StringCompare(Container(9000).ListItem.Property(widget),InCinemas)">plugin://script.extendedinfo?info=incinemas</value>
        <value condition="StringCompare(Container(9000).ListItem.Property(widget),Upcoming)">plugin://script.extendedinfo?info=upcoming</value>
        <value condition="StringCompare(Container(9000).ListItem.Property(widget),PopularMovies)">plugin://script.extendedinfo?info=popularmovies</value>
        <value condition="StringCompare(Container(9000).ListItem.Property(widget),TopRatedMovies)">plugin://script.extendedinfo?info=topratedmovies</value>
        <value condition="StringCompare(Container(9000).ListItem.Property(widget),PopularTvShows)">plugin://script.extendedinfo?info=populartvshows</value>
        <value condition="StringCompare(Container(9000).ListItem.Property(widget),TopRatedTvShows)">plugin://script.extendedinfo?info=topratedtvshows</value>
        <value condition="StringCompare(Container(9000).ListItem.Property(widget),OnAirTvShows)">plugin://script.extendedinfo?info=onairtvshows</value>
        <value condition="StringCompare(Container(9000).ListItem.Property(widget),AiringTodayTvShows)">plugin://script.extendedinfo?info=airingtodaytvshows</value>
        <value condition="!IsEmpty(Container(9000).ListItem.Property(Background))">noop</value>
        <value condition="!IsEmpty(Skin.String(home.fallbackwidget))">$INFO[Skin.String(home.fallbackwidget)]</value>
        <value>special://skin/extras/playlists/RandomMovies.xsp</value>
    </variable>
</includes>