<?xml version="1.0" encoding="UTF-8"?>
<window>
    <!-- fullscreenvideo -->
    <defaultcontrol>-</defaultcontrol>

    <controls>

        <control type="group">
            <left>150</left>
            <top>75</top>
            <width>1620</width>
            <height>274</height>

            <!-- Background -->
            <control type="image">
                <width>1620</width>
                <height>274</height>
                <texture colordiffuse="df000000">common/white.png</texture>
            </control>

            <!-- Row 1 label -->
            <control type="label" id="10">
                <left>20</left>
                <top>20</top>
                <width>1580</width>
                <height>50</height>
                <label>-</label>
                <font>Font-ListInfo</font>
            </control>

            <!-- Row 2 label -->
            <control type="label" id="11">
                <left>20</left>
                <top>110</top>
                <width>1580</width>
                <height>50</height>
                <label>-</label>
                <font>Font-ListInfo</font>
            </control>

            <!-- Row 3 label -->
            <control type="label" id="12">
                <left>20</left>
                <top>200</top>
                <width>1580</width>
                <height>50</height>
                <label>-</label>
                <font>Font-ListInfo</font>
            </control>

        </control>

    </controls>

</window>