<?xml version="1.0" encoding="UTF-8"?>
<window>
	<backgroundcolor>0x00000000</backgroundcolor>
	<defaultcontrol always="true">50</defaultcontrol>
	<onload>SetProperty(SidebarPos,RIGHT,Home)</onload>
	<onload>SetProperty(DialogPos,LEFT,Home)</onload>
	<onload>Skin.SetString(DIA.View1.BBSidebar,RIGHT)</onload>
	<onload>Skin.SetString(DIA.View1.DIAPanel,LEFT)</onload>			
	<onload>Skin.SetString(HOM.View1.Name,Home Layout)</onload>
	<onload>Skin.SetString(TV.View1.Name,EPG - Locked)</onload>
	<onunload>ClearProperty(SidebarPos,Home)</onunload>
	<onunload>ClearProperty(DialogPos,Home)</onunload>
	<onunload>ClearProperty(DialogVisibility,Home)</onunload>

	<controls>

		<!-- Decorative Elements -->
		<control type="group">
			<!-- Background -->
			<!--include name="Wallpaper">
				<param name="CompPrefix" value="HOM.View1" />
			</include-->

			<!-- Background -->
			<!--control type="image">
				<aspectratio>scale</aspectratio>
				<texture colordiffuse="$INFO[Skin.String(Color.BBBg)]">common/white.png</texture>
			</control-->

			<!-- Left Panel Background -->
			<control type="image">
				<top>0</top>
				<left>0</left>
				<width>660</width>
				<height>1080</height>
				<aspectratio>scale</aspectratio>
				<texture colordiffuse="$INFO[Skin.String(Color.DIABg)]">common/white.png</texture>
			</control>				
		
		</control>

		<control type="group">
			<animation effect="fade" start="100" end="0" time="100" delay="100" condition="!IsEmpty(Window(Home).Property(DialogVisibility))">Conditional</animation>

			<!-- Bloc 1 -->
			<control type="group">
				<left>12</left>
				<top>0</top>
				<height>356</height>
				<width>636</width>

				<!-- Image Video -->
				<control type="image">
					<top>24</top>
					<left>24</left>
					<height>308</height>
					<width>588</width>		
					<texture colordiffuse="$INFO[Skin.String(Color.DIATxtNF)]">material/addons.png</texture>
					<aspectratio aligny="center">keep</aspectratio>
					<visible>IsEmpty(Container(50).ListItem.Art(fanart))</visible>
				</control>

				<control type="image">
					<left>24</left>
					<top>24</top>
					<width>588</width>
					<height>308</height>
					<aspectratio>stretch</aspectratio>
					<texture background="true" colordiffuse="FFFFFFFF">$INFO[Container(50).ListItem.Art(fanart)]</texture>
				</control>

			</control>	

			<!-- Bloc 2 -->
			<control type="group">
				<left>12</left>
				<top>368</top>
				<height>356</height>
				<width>636</width>


				<!-- List -->
				<control type="list" id="50">
					<left>24</left>
					<top>24</top>
					<onup>noop</onup>
					<ondown>5</ondown>
					<onright>5</onright>
					<height>305</height>
					<scrolltime>200</scrolltime>
					<orientation>vertical</orientation>

					<itemlayout width="588" height="61">
						<control type="image">
							<left>10</left>
							<top>10</top>
							<width>40</width>
							<height>40</height>
							<align>center</align>
							<aspectratio>scale</aspectratio>
							<texture colordiffuse="$INFO[Skin.String(Color.DIATxtNF)]">$INFO[ListItem.Icon]</texture>
						</control>
						<control type="label">
							<top>0</top>
							<left>80</left>
							<width>496</width>
							<height>60</height>
							<align>left</align>
							<font>Font27</font>
							<textcolor>$INFO[Skin.String(Color.DIATxtNF)]</textcolor>
							<label>$INFO[ListItem.Label]</label>
						</control>
						<control type="image">
							<right>10</right>
							<top>10</top>
							<width>40</width>
							<height>40</height>
							<align>center</align>
							<aspectratio>keep</aspectratio>
							<texture colordiffuse="$VAR[CategoryColor]">material/radiooff.png</texture>
							<visible>!StringCompare(ListItem.Label2,$LOCALIZE[305]) + !ListItem.IsFolder</visible>
						</control>
						<control type="image">
							<right>10</right>
							<top>10</top>
							<width>40</width>
							<height>40</height>
							<align>center</align>
							<aspectratio>keep</aspectratio>
							<texture colordiffuse="$VAR[CategoryColor]">material/radioon.png</texture>
							<visible>StringCompare(ListItem.Label2,$LOCALIZE[305]) + !ListItem.IsFolder</visible>
						</control>
					</itemlayout>
					
					<focusedlayout width="588" height="61">
						<control type="image">
							<left>0</left>
							<top>0</top>
							<width>588</width>
							<height>60</height>
							<align>center</align>
							<texture colordiffuse="$VAR[CategoryColor3]">common/white.png</texture>
							<visible>!Control.HasFocus(9000)</visible>
						</control>
						<control type="image">
							<left>10</left>
							<top>10</top>
							<width>40</width>à
							<height>40</height>
							<align>center</align>
							<aspectratio>scale</aspectratio>
							<texture colordiffuse="$INFO[Skin.String(Color.DIATxtF)]">$INFO[ListItem.Icon]</texture>
							<visible>SubString(ListItem.Icon,Default)</visible>
						</control>
						<control type="image">
							<left>10</left>
							<top>10</top>
							<width>40</width>
							<height>40</height>
							<align>center</align>
							<aspectratio>scale</aspectratio>
							<texture colordiffuse="FFFFFFFF">$INFO[ListItem.Icon]</texture>
							<visible>!SubString(ListItem.Icon,Default)</visible>
						</control>
						<control type="label">
							<top>0</top>
							<left>80</left>
							<width>496</width>
							<height>60</height>
							<align>left</align>
							<font>Font27</font>
							<scroll>True</scroll>
							<textcolor>$INFO[Skin.String(Color.DIATxtF)]</textcolor>
							<label>$INFO[ListItem.Label]</label>
						</control>
						<control type="image">
							<right>10</right>
							<top>10</top>
							<width>40</width>
							<height>40</height>
							<align>center</align>
							<aspectratio>keep</aspectratio>
							<texture colordiffuse="$INFO[Skin.String(Color.DIATxtF)]">material/radiooff.png</texture>
							<visible>!StringCompare(ListItem.Label2,$LOCALIZE[305]) + !ListItem.IsFolder</visible>
						</control>
						<control type="image">
							<right>10</right>
							<top>10</top>
							<width>40</width>
							<height>40</height>
							<align>center</align>
							<aspectratio>keep</aspectratio>
							<texture colordiffuse="$INFO[Skin.String(Color.DIATxtF)]">material/radioon.png</texture>
							<visible>StringCompare(ListItem.Label2,$LOCALIZE[305]) + !ListItem.IsFolder</visible>
						</control>
					</focusedlayout>	

				</control>
			</control>		

			<!-- Bloc 3 -->
			<control type="group">
				<left>12</left>
				<top>724</top>
				<height>356</height>
				<width>636</width>

				<!-- Heading -->
				<control type="label">
					<top>24</top>
					<left>24</left>
					<width>588</width>
					<height>48</height>
					<align>center</align>
					<aligny>top</aligny>
					<font>Font48</font>
					<label>$INFO[System.CurrentWindow]</label>
					<textcolor>$INFO[Skin.String(Color.DIATitle)]</textcolor>
					<animation effect="fade" start="100" end="0" time="0" condition="Window.IsVisible(selectdialog)">Conditional</animation>
				</control>		

				<!-- Color Value -->
				<control type="label">
					<top>80</top>
					<left>24</left>
					<width>588</width>
					<height>156</height>height>
					<align>center</align>
					<aligny>top</aligny>
					<font>Font27</font>
					<label>$INFO[Container(50).ListItem.Property(Addon.Summary)]</label>
					<textcolor>$INFO[Skin.String(Color.DIATxtNF)]</textcolor>
					<wrapmultiline>true</wrapmultiline>
				</control>					


				<!-- Button grouplist -->
				<control type="grouplist" id="9003">
					<right>24</right>
					<top>267</top>
					<width>588</width>
					<height>60</height>
					<itemgap>1</itemgap>
					<align>right</align>
					<onleft>noop</onleft>
					<onright>3</onright>
					<onup>noop</onup>
					<ondown>noop</ondown>
					<orientation>horizontal</orientation>

					<!-- Settings level -->
					<control type="button" id="9004">
						<width>auto</width>
						<height>60</height>
						<font>Font27</font>
						<align>center</align>
						<texturefocus colordiffuse="$VAR[CategoryColor3]">common/white.png</texturefocus>
						<texturenofocus colordiffuse="00FFFFFF">common/white.png</texturenofocus>
						<textcolor>$INFO[Skin.String(Color.DIATxtNF)]</textcolor>
						<focusedcolor>$INFO[Skin.String(Color.DIATxtF)]</focusedcolor>
						<disabledcolor>$INFO[Skin.String(Color.DIAInvalid)]</disabledcolor>
						<invalidcolor>$INFO[Skin.String(Color.DIAInvalid)]</invalidcolor>
						<label>31126</label>
						<onclick>SettingsLevelChange</onclick>
						<onright>9005</onright>
					</control>

					<!-- Close -->
					<control type="button" id="9005">
						<width>auto</width>
						<height>60</height>
						<font>Font27</font>
						<align>center</align>
						<texturefocus colordiffuse="$VAR[CategoryColor3]">common/white.png</texturefocus>
						<texturenofocus colordiffuse="00FFFFFF">common/white.png</texturenofocus>
						<textcolor>$INFO[Skin.String(Color.DIATxtNF)]</textcolor>
						<focusedcolor>$INFO[Skin.String(Color.DIATxtF)]</focusedcolor>
						<disabledcolor>$INFO[Skin.String(Color.DIAInvalid)]</disabledcolor>
						<invalidcolor>$INFO[Skin.String(Color.DIAInvalid)]</invalidcolor>
						<label>15067</label>
						<onclick>Close</onclick>
						<onleft>9004</onleft>
						<onright>3</onright>
					</control>

				</control>

			</control>							

		</control>
		
	</controls>
	
</window>