<?xml version="1.0" encoding="UTF-8"?>
<window id="1102" type="dialog">
	<!-- virtualCustom_Settings -->
	<defaultcontrol always="true">300</defaultcontrol>
	<onload condition="IsEmpty(Window(Home).Property(DialogVisibility)) + IsEmpty(Window(Home).Property(DialogVisibility2))">SetProperty(DialogVisibility,$INFO[Window.Property(xmlfile)]1,Home)</onload>
	<onload condition="!IsEmpty(Window(Home).Property(DialogVisibility)) + IsEmpty(Window(Home).Property(DialogVisibility2))">SetProperty(DialogVisibility2,$INFO[Window.Property(xmlfile)]2,Home)</onload>
	<onload condition="!IsEmpty(Window(Home).Property(DialogVisibility2)) + IsEmpty(Window(Home).Property(DialogVisibility3))">SetProperty(DialogVisibility3,$INFO[Window.Property(xmlfile)]3,Home)</onload>
	<onload condition="!IsEmpty(Window(Home).Property(DialogVisibility3)) + IsEmpty(Window(Home).Property(DialogVisibility4))">SetProperty(DialogVisibility4,$INFO[Window.Property(xmlfile)]4,Home)</onload>
	<onload condition="!IsEmpty(Window(Home).Property(DialogVisibility4)) + IsEmpty(Window(Home).Property(DialogVisibility5))">SetProperty(DialogVisibility5,$INFO[Window.Property(xmlfile)]5,Home)</onload>
	<onunload condition="IsEmpty(Window(Home).Property(DialogVisibility2)) + SubString(Window(Home).Property(DialogVisibility),Custom_Settings) + SubString(Window(Home).Property(DialogVisibility),$NUMBER[1])">ClearProperty(DialogVisibility,Home)</onunload>
	<onunload condition="IsEmpty(Window(Home).Property(DialogVisibility3)) + SubString(Window(Home).Property(DialogVisibility2),Custom_Settings) + SubString(Window(Home).Property(DialogVisibility2),$NUMBER[2])">ClearProperty(DialogVisibility2,Home)</onunload>
	<onunload condition="IsEmpty(Window(Home).Property(DialogVisibility4)) + SubString(Window(Home).Property(DialogVisibility3),Custom_Settings) + SubString(Window(Home).Property(DialogVisibility3),$NUMBER[3])">ClearProperty(DialogVisibility3,Home)</onunload>
	<onunload condition="IsEmpty(Window(Home).Property(DialogVisibility5)) + SubString(Window(Home).Property(DialogVisibility4),Custom_Settings) + SubString(Window(Home).Property(DialogVisibility4),$NUMBER[4])">ClearProperty(DialogVisibility4,Home)</onunload>
	<onunload>ClearProperty(DialogVisibility5,Home)</onunload>
	
	<controls>
		
		<control type="group">
	
			
			<include name="DialogPOS">
				<param name="DialogName" value="DiaSettings" />
			</include>	

		</control>	
		
	</controls>
</window>