<?xml version="1.0" encoding="utf-8"?>
<fonts>

	<fontset id="Default" unicode="true">

		<font>
			<name>FontBanner</name>
			<filename>Dub.ttf</filename>
			<size>36</size>
		</font>

		<font>
			<name>FontTest</name>
			<filename>RobotoCondensed-Regular.ttf</filename>
			<style>uppercase</style>
			<size>27</size>
		</font>		

		<font>
			<name>FontTest</name>
			<filename>RobotoCondensed-Light.ttf</filename>
			<style>lowercase</style>
			<size>21</size>
		</font>		

		<font>
			<name>Font72</name>
			<filename>RobotoCondensed-Light.ttf</filename>
			<size>72</size>
		</font>
		<font>
			<name>Font72R</name>
			<filename>RobotoCondensed-Regular.ttf</filename>
			<size>72</size>
		</font>		
		<font>
			<name>Font72B</name>
			<filename>RobotoCondensed-Bold.ttf</filename>
			<size>72</size>
		</font>
		<font>
			<name>Font60</name>
			<filename>RobotoCondensed-Light.ttf</filename>
			<size>60</size>
		</font>		
		<font>
			<name>Font60R</name>
			<filename>RobotoCondensed-Regular.ttf</filename>
			<size>60</size>
		</font>		
		<font>
			<name>Font48</name>
			<filename>RobotoCondensed-Light.ttf</filename>
			<size>48</size>
		</font>
		<font>
			<name>Font48R</name>
			<filename>RobotoCondensed-Regular.ttf</filename>
			<size>48</size>
		</font>		
		<font>
			<name>Font42</name>
			<filename>RobotoCondensed-Light.ttf</filename>
			<size>42</size>
		</font>
		<font>
			<name>Font36</name>
			<filename>RobotoCondensed-Light.ttf</filename>
			<size>36</size>
		</font>
		<font>
			<name>Font36R</name>
			<filename>RobotoCondensed-Regular.ttf</filename>
			<size>36</size>
		</font>
		<font>
			<name>Font36B</name>
			<filename>RobotoCondensed-Bold.ttf</filename>
			<size>36</size>
		</font>
		<font>
			<name>Font33</name>
			<filename>RobotoCondensed-Light.ttf</filename>
			<size>33</size>
		</font>
		<font>
			<name>Font30</name>
			<filename>RobotoCondensed-Light.ttf</filename>
			<size>30</size>
		</font>
		<font>
			<name>Font27</name>
			<filename>RobotoCondensed-Light.ttf</filename>
			<size>27</size>
		</font>
		<font>
			<name>Font27B</name>
			<filename>RobotoCondensed-Bold.ttf</filename>
			<size>27</size>
		</font>
		<font>
			<name>Font27R</name>
			<filename>RobotoCondensed-Regular.ttf</filename>
			<size>27</size>
		</font>
		<font>
			<name>Font25</name>
			<filename>RobotoCondensed-Light.ttf</filename>
			<size>25</size>
		</font>
		<font>
			<name>Font25R</name>
			<filename>RobotoCondensed-Regular.ttf</filename>
			<size>25</size>
		</font>
		
		<!-- Required for system -->
		<font>
			<name>font13</name>
			<filename>Arial.ttf</filename>
			<size>21</size>
		</font>
		
		<font>
			<name>FontSmall</name>
			<filename>RobotoCondensed-Light.ttf</filename>
			<size>21</size>
		</font>
		<font>
			<name>FontSmallR</name>
			<filename>RobotoCondensed-Regular.ttf</filename>
			<size>21</size>
		</font>	
		<font>
			<name>FontSmallB</name>
			<filename>RobotoCondensed-Bold.ttf</filename>
			<size>21</size>
		</font>

	</fontset>

	<fontset id="Rajdhani" unicode="true">

		<font>
			<name>FontBanner</name>
			<filename>Dub.ttf</filename>
			<size>36</size>
		</font>		

		<font>
			<name>Font72</name>
			<filename>Rajdhani-Regular.ttf</filename>
			<size>72</size>
		</font>
		
		<font>
			<name>Font72R</name>
			<filename>Rajdhani-Medium.ttf</filename>
			<size>72</size>
		</font>
		
		<font>
			<name>Font72B</name>
			<filename>Rajdhani-Bold.ttf</filename>
			<size>72</size>
		</font>

		<font>
			<name>Font60</name>
			<filename>Rajdhani-Regular.ttf</filename>
			<size>60</size>
		</font>
		
		<font>
			<name>Font60R</name>
			<filename>Rajdhani-Medium.ttf</filename>
			<size>60</size>
		</font>			
		
		<font>
			<name>Font48</name>
			<filename>Rajdhani-Regular.ttf</filename>
			<size>48</size>
		</font>
		
		<font>
			<name>Font48R</name>
			<filename>Rajdhani-Medium.ttf</filename>
			<size>48</size>
		</font>		
		<font>
			<name>Font42</name>
			<filename>Rajdhani-Regular.ttf</filename>
			<size>42</size>
		</font>
		<font>
			<name>Font42B</name>
			<filename>Rajdhani-Bold.ttf</filename>
			<size>42</size>
		</font>		
		<font>
			<name>Font36</name>
			<filename>Rajdhani-Regular.ttf</filename>
			<size>36</size>
		</font>	
		<font>
			<name>Font36R</name>
			<filename>Rajdhani-Medium.ttf</filename>
			<size>36</size>
		</font>	
		<font>
			<name>Font36B</name>
			<filename>Rajdhani-Bold.ttf</filename>
			<size>36</size>
		</font>
		<font>
			<name>Font33</name>
			<filename>Rajdhani-Regular.ttf</filename>
			<size>33</size>
		</font>
		<font>
			<name>Font30</name>
			<filename>Rajdhani-Regular.ttf</filename>
			<size>30</size>
		</font>
		<font>
			<name>Font30R</name>
			<filename>Rajdhani-Medium.ttf</filename>
			<size>30</size>
		</font>
		<font>
			<name>Font30B</name>
			<filename>Rajdhani-Bold.ttf</filename>
			<size>30</size>
		</font>
		<font>
			<name>Font27</name>
			<filename>Rajdhani-Regular.ttf</filename>
			<size>27</size>
		</font>
		<font>
			<name>Font27R</name>
			<filename>Rajdhani-Medium.ttf</filename>
			<size>27</size>
		</font>
		<font>
			<name>Font27B</name>
			<filename>Rajdhani-Bold.ttf</filename>
			<size>27</size>
		</font>		
		<font>
			<name>Font25</name>
			<filename>Rajdhani-Regular.ttf</filename>
			<size>25</size>
		</font>
		<font>
			<name>Font25R</name>
			<filename>Rajdhani-Medium.ttf</filename>
			<size>25</size>
		</font>	
		
		<!-- Required for system -->
		<font>
			<name>font13</name>
			<filename>Arial.ttf</filename>
			<size>21</size>
		</font>

		<font>
			<name>FontSmall</name>
			<filename>Rajdhani-Regular.ttf</filename>
			<size>21</size>
		</font>
		<font>
			<name>FontSmallR</name>
			<filename>Rajdhani-Medium.ttf</filename>
			<size>21</size>
		</font>
		<font>
			<name>FontSmallB</name>
			<filename>Rajdhani-Bold.ttf</filename>
			<size>21</size>
		</font>

	</fontset>

</fonts>