<?xml version="1.0" encoding="UTF-8"?>
<window>
	<!-- pictureslibrary -->
	<backgroundcolor>0x00000000</backgroundcolor>
	<defaultcontrol always="true">50</defaultcontrol>
	<onload condition="!IsEmpty(Window(Home).Property(ListPos)) + StringCompare(Skin.String(PIC.View1.Name),Container.ViewMode)">Control.SetFocus(50,$INFO[Window(Home).Property(ListPos)])</onload>
	<onload condition="!IsEmpty(Window(Home).Property(ListPos)) + StringCompare(Skin.String(PIC.View2.Name),Container.ViewMode)">Control.SetFocus(51,$INFO[Window(Home).Property(ListPos)])</onload>
	<onload condition="!IsEmpty(Window(Home).Property(ListPos)) + StringCompare(Skin.String(PIC.View3.Name),Container.ViewMode)">Control.SetFocus(52,$INFO[Window(Home).Property(ListPos)])</onload>
	<onload condition="!IsEmpty(Window(Home).Property(ListPos)) + StringCompare(Skin.String(PIC.View4.Name),Container.ViewMode)">Control.SetFocus(53,$INFO[Window(Home).Property(ListPos)])</onload>
	<onload condition="!IsEmpty(Window(Home).Property(ListPos)) + StringCompare(Skin.String(PIC.View5.Name),Container.ViewMode)">Control.SetFocus(54,$INFO[Window(Home).Property(ListPos)])</onload>
	<onload condition="!IsEmpty(Window(Home).Property(ListPos)) + StringCompare(Skin.String(PIC.View6.Name),Container.ViewMode)">Control.SetFocus(55,$INFO[Window(Home).Property(ListPos)])</onload>
	<onload condition="!IsEmpty(Window(Home).Property(ListPos)) + StringCompare(Skin.String(PIC.View7.Name),Container.ViewMode)">Control.SetFocus(56,$INFO[Window(Home).Property(ListPos)])</onload>
	<onload condition="!IsEmpty(Window(Home).Property(ListPos)) + StringCompare(Skin.String(PIC.View8.Name),Container.ViewMode)">Control.SetFocus(57,$INFO[Window(Home).Property(ListPos)])</onload>
	<onload condition="!IsEmpty(Window(Home).Property(ListPos)) + StringCompare(Skin.String(PIC.View9.Name),Container.ViewMode)">Control.SetFocus(58,$INFO[Window(Home).Property(ListPos)])</onload>

	<controls>

		<include condition="!IsEmpty(Skin.String(PIC.View1.Name))" name="VDOViewtype">
			<param name="Id" value="50" />
			<param name="IclPrefix" value="PICView1" />
			<param name="CompPrefix" value="PIC.View1" />
			<param name="Section" value="PIC" />
		</include>
		<include condition="!IsEmpty(Skin.String(PIC.View2.Name))" name="VDOViewtype">
			<param name="Id" value="51" />
			<param name="IclPrefix" value="PICView2" />
			<param name="CompPrefix" value="PIC.View2" />
			<param name="Section" value="PIC" />
		</include>
		<include condition="!IsEmpty(Skin.String(PIC.View3.Name))" name="VDOViewtype">
			<param name="Id" value="52" />
			<param name="IclPrefix" value="PICView3" />
			<param name="CompPrefix" value="PIC.View3" />
			<param name="Section" value="PIC" />
		</include>
		<include condition="!IsEmpty(Skin.String(PIC.View4.Name))" name="VDOViewtype">
			<param name="Id" value="53" />
			<param name="IclPrefix" value="PICView4" />
			<param name="CompPrefix" value="PIC.View4" />
			<param name="Section" value="PIC" />
		</include>
		<include condition="!IsEmpty(Skin.String(PIC.View5.Name))" name="VDOViewtype">
			<param name="Id" value="54" />
			<param name="IclPrefix" value="PICView5" />
			<param name="CompPrefix" value="PIC.View5" />
			<param name="Section" value="PIC" />
		</include>
		<include condition="!IsEmpty(Skin.String(PIC.View6.Name))" name="VDOViewtype">
			<param name="Id" value="55" />
			<param name="IclPrefix" value="PICView6" />
			<param name="CompPrefix" value="PIC.View6" />
			<param name="Section" value="PIC" />
		</include>
		<include condition="!IsEmpty(Skin.String(PIC.View7.Name))" name="VDOViewtype">
			<param name="Id" value="56" />
			<param name="IclPrefix" value="PICView7" />
			<param name="CompPrefix" value="PIC.View7" />
			<param name="Section" value="PIC" />
		</include>
		<include condition="!IsEmpty(Skin.String(PIC.View8.Name))" name="VDOViewtype">
			<param name="Id" value="57" />
			<param name="IclPrefix" value="PICView8" />
			<param name="CompPrefix" value="PIC.View8" />
			<param name="Section" value="PIC" />
		</include>
		<include condition="!IsEmpty(Skin.String(PIC.View9.Name))" name="VDOViewtype">
			<param name="Id" value="58" />
			<param name="IclPrefix" value="PICView9" />
			<param name="CompPrefix" value="PIC.View9" />
			<param name="Section" value="PIC" />
		</include>
	</controls>
	
</window>