<?xml version="1.0" encoding="UTF-8"?>
<window>
	<!-- selectdialog -->
	<zorder>2</zorder>
	<defaultcontrol always="true">211</defaultcontrol>
	
	<controls>
		
		<control type="group">
			<visible>IsEmpty(Window(Home).Property(DialogVisibility)) + IsEmpty(Window(Home).Property(DialogVisibility2)) + IsEmpty(Window(Home).Property(DialogVisibility3)) + IsEmpty(Window(Home).Property(DialogVisibility4)) + IsEmpty(Window(Home).Property(DialogVisibility5)) + IsEmpty(Window.Property(additionalDialog))</visible>
			
			<include name="DialogPOS">
				<param name="DialogName" value="DiaSkinShortcuts" />
			</include>		

		</control>

		<control type="button" id="301"><visible>False</visible></control>
		<control type="button" id="302"><visible>False</visible></control>
		<control type="button" id="303"><visible>False</visible></control>
		<control type="button" id="304"><visible>False</visible></control>
		<control type="button" id="305"><visible>False</visible></control>
		<control type="button" id="307"><visible>False</visible></control>
		<control type="button" id="310"><visible>False</visible></control>
		<control type="button" id="311"><visible>False</visible></control>
		<control type="button" id="312"><visible>False</visible></control>
		<control type="button" id="401"><visible>False</visible></control>
		<control type="button" id="405"><visible>False</visible></control>
		<control type="button" id="404"><visible>false</visible></control>
		
	</controls>

</window>