<?xml version="1.0" encoding="UTF-8"?>
<window>
	<!-- FileManager -->
	<backgroundcolor>0x00000000</backgroundcolor>
	<defaultcontrol always="true">2</defaultcontrol>
	<onload condition="IsEmpty(Window(Home).Property(DialogVisibility)) + IsEmpty(Window(Home).Property(DialogVisibility2))">SetProperty(DialogVisibility,$INFO[Window.Property(xmlfile)]1,Home)</onload>
	<onload condition="!IsEmpty(Window(Home).Property(DialogVisibility)) + IsEmpty(Window(Home).Property(DialogVisibility2))">SetProperty(DialogVisibility2,$INFO[Window.Property(xmlfile)]2,Home)</onload>
	<onload condition="!IsEmpty(Window(Home).Property(DialogVisibility2)) + IsEmpty(Window(Home).Property(DialogVisibility3))">SetProperty(DialogVisibility3,$INFO[Window.Property(xmlfile)]3,Home)</onload>
	<onload condition="!IsEmpty(Window(Home).Property(DialogVisibility3)) + IsEmpty(Window(Home).Property(DialogVisibility4))">SetProperty(DialogVisibility4,$INFO[Window.Property(xmlfile)]4,Home)</onload>
	<onload condition="!IsEmpty(Window(Home).Property(DialogVisibility4)) + IsEmpty(Window(Home).Property(DialogVisibility5))">SetProperty(DialogVisibility5,$INFO[Window.Property(xmlfile)]5,Home)</onload>
	<onunload condition="IsEmpty(Window(Home).Property(DialogVisibility2)) + SubString(Window(Home).Property(DialogVisibility),SettingsProfile) + SubString(Window(Home).Property(DialogVisibility),$NUMBER[1])">ClearProperty(DialogVisibility,Home)</onunload>
	<onunload condition="IsEmpty(Window(Home).Property(DialogVisibility3)) + SubString(Window(Home).Property(DialogVisibility2),SettingsProfile) + SubString(Window(Home).Property(DialogVisibility2),$NUMBER[2])">ClearProperty(DialogVisibility2,Home)</onunload>
	<onunload condition="IsEmpty(Window(Home).Property(DialogVisibility4)) + SubString(Window(Home).Property(DialogVisibility3),SettingsProfile) + SubString(Window(Home).Property(DialogVisibility3),$NUMBER[3])">ClearProperty(DialogVisibility3,Home)</onunload>
	<onunload condition="IsEmpty(Window(Home).Property(DialogVisibility5)) + SubString(Window(Home).Property(DialogVisibility4),SettingsProfile) + SubString(Window(Home).Property(DialogVisibility4),$NUMBER[4])">ClearProperty(DialogVisibility4,Home)</onunload>
	<onunload>ClearProperty(DialogVisibility5,Home)</onunload>
	
	<controls>	

		<!-- Dialogs Background -->
		<control type="group">
			<visible>true</visible>
			<animation effect="slide" start="0,0" end="660,0" time="100" reversible="true" condition="!IsEmpty(Window(Home).Property(DialogVisibility)) + StringCompare(Window(Home).Property(DialogPos),LEFT)">Conditional</animation>
			<animation effect="slide" start="0,0" end="-660,0" time="100" reversible="true" condition="!IsEmpty(Window(Home).Property(DialogVisibility)) + StringCompare(Window(Home).Property(DialogPos),RIGHT)">Conditional</animation>
			<animation effect="slide" start="0,0" end="0,380" time="100" reversible="true" condition="!IsEmpty(Window(Home).Property(DialogVisibility)) + StringCompare(Window(Home).Property(DialogPos),TOP)">Conditional</animation>
			<animation effect="slide" start="0,0" end="0,-380" time="100" reversible="true" condition="!IsEmpty(Window(Home).Property(DialogVisibility)) + StringCompare(Window(Home).Property(DialogPos),BOTTOM)">Conditional</animation>
				
			
			<include name="DialogBg" condition="StringCompare(Window(Home).Property(DialogPos),LEFT) + StringCompare(Window(Home).Property(SidebarPos),LEFT)">
				<param name="PosX" value="-540" />
				<param name="PosY" value="0" />
				<param name="Height" value="1080" />
				<param name="Width" value="660" />
			</include>

			<include name="DialogBg" condition="StringCompare(Window(Home).Property(DialogPos),RIGHT) + StringCompare(Window(Home).Property(SidebarPos),RIGHT)">
				<param name="PosX" value="1800" />
				<param name="PosY" value="0" />
				<param name="Height" value="1080" />
				<param name="Width" value="660" />
			</include>

			<include name="DialogBg" condition="StringCompare(Window(Home).Property(DialogPos),TOP) + StringCompare(Window(Home).Property(SidebarPos),TOP)">
				<param name="PosX" value="0" />
				<param name="PosY" value="-260" />
				<param name="Height" value="380" />
				<param name="Width" value="1920" />
			</include>

			<include name="DialogBg" condition="StringCompare(Window(Home).Property(DialogPos),BOTTOM) + StringCompare(Window(Home).Property(SidebarPos),BOTTOM)">
				<param name="PosX" value="0" />
				<param name="PosY" value="960" />
				<param name="Height" value="380" />
				<param name="Width" value="1920" />
			</include>

			<include name="DialogBg" condition="StringCompare(Window(Home).Property(DialogPos),LEFT) + !StringCompare(Window(Home).Property(SidebarPos),LEFT)">
				<param name="PosX" value="-660" />
				<param name="PosY" value="0" />
				<param name="Height" value="1080" />
				<param name="Width" value="660" />
			</include>

			<include name="DialogBg" condition="StringCompare(Window(Home).Property(DialogPos),RIGHT) + !StringCompare(Window(Home).Property(SidebarPos),RIGHT)">
				<param name="PosX" value="1920" />
				<param name="PosY" value="0" />
				<param name="Height" value="1080" />
				<param name="Width" value="660" />
			</include>

			<include name="DialogBg" condition="StringCompare(Window(Home).Property(DialogPos),TOP) + !StringCompare(Window(Home).Property(SidebarPos),TOP)">
				<param name="PosX" value="0" />
				<param name="PosY" value="-380" />
				<param name="Height" value="380" />
				<param name="Width" value="1920" />
			</include>

			<include name="DialogBg" condition="StringCompare(Window(Home).Property(DialogPos),BOTTOM) + !StringCompare(Window(Home).Property(SidebarPos),BOTTOM)">
				<param name="PosX" value="0" />
				<param name="PosY" value="1080" />
				<param name="Height" value="380" />
				<param name="Width" value="1920" />
			</include>
		</control>	
		
		<control type="group">
			<visible>[SubString(Window(Home).Property(DialogVisibility),SettingsProfile) + SubString(Window(Home).Property(DialogVisibility),$NUMBER[1]) + IsEmpty(Window(Home).Property(DialogVisibility2)) + IsEmpty(Window(Home).Property(DialogVisibility3)) + IsEmpty(Window(Home).Property(DialogVisibility4)) + IsEmpty(Window(Home).Property(DialogVisibility5))] | 
					[SubString(Window(Home).Property(DialogVisibility2),SettingsProfile) + SubString(Window(Home).Property(DialogVisibility2),$NUMBER[2]) + IsEmpty(Window(Home).Property(DialogVisibility3)) + IsEmpty(Window(Home).Property(DialogVisibility4)) + IsEmpty(Window(Home).Property(DialogVisibility5))] |
					[SubString(Window(Home).Property(DialogVisibility3),SettingsProfile) + SubString(Window(Home).Property(DialogVisibility3),$NUMBER[3]) + IsEmpty(Window(Home).Property(DialogVisibility4)) + IsEmpty(Window(Home).Property(DialogVisibility5))] |
					[SubString(Window(Home).Property(DialogVisibility4)SettingsProfile) + SubString(Window(Home).Property(DialogVisibility4),$NUMBER[4]) + IsEmpty(Window(Home).Property(DialogVisibility5))] |
					[SubString(Window(Home).Property(DialogVisibility5),SettingsProfile)  + SubString(Window(Home).Property(DialogVisibility5),$NUMBER[5])]</visible>
			
			<include name="DialogPOS">
				<param name="DialogName" value="DIASettingsProfile" />
			</include>		

		</control>

	</controls>
			
</window>