<?xml version="1.0" encoding="utf-8"?>
<window>
	<!-- systeminfo -->
	<backgroundcolor>0x00000000</backgroundcolor>
	<defaultcontrol always="true">300</defaultcontrol>
	<onload condition="IsEmpty(Window(settings).Property(ChangeSettingsLevel))">SetFocus(3)</onload>
	<onload condition="!IsEmpty(Window(settings).Property(ChangeSettingsLevel))">SetFocus(20)</onload>

	<controls>

		<!-- Background -->
		<include name="Wallpaper">
			<param name="CompPrefix" value="HOM.View1" />
		</include>	
		
		<control type="image">
			<include name="BgPosition">
				<param name="Prefix" value="HOM.View1" />
			</include>
			<texture colordiffuse="$INFO[Skin.String(Color.BBBg)]">common/white.png</texture>
		</control>		
		
		<!-- Bloc 1 -->		
		<control type="group">
			<include name="BlocPosition">
				<param name="Prefix" value="HOM.View1" />
				<param name="BlocID" value="B3" />
			</include>
			<width>636</width>
			<height>356</height>
			<control type="image">
				<texture colordiffuse="$INFO[Skin.String(Color.B3Bg)]">common/white.png</texture>
			</control>	
			<control type="image">
				<aspectratio>scale</aspectratio>
				<texture colordiffuse="FFFFFFFF">common/settings.jpg</texture>
			</control>
			<control type="image">
				<left>0</left>
				<top>0</top>
				<width>636</width>
				<height>125</height>
				<aspectratio>stretch</aspectratio>
				<texture colordiffuse="AA000000">common/white.png</texture>
			</control>
			<control type="label" id="40">
				<top>20</top>
				<right>24</right>
				<width>588</width>
				<height>48</height>
				<align>right</align>
				<font>Font48</font>
				<textcolor>FFFFFFFF</textcolor>
			</control>
			<control type="label" id="52">
				<top>72</top>
				<right>24</right>
				<width>588</width>
				<height>12</height>
				<align>right</align>
				<font>FontSmallB</font>
				<textcolor>FFFFFFFF</textcolor>
			</control>			
			<!-- Settings level button -->
			<control type="button" id="20">
				<right>24</right>
				<top>300</top>
				<width>588</width>
				<height>56</height>
				<font>FontSmallB</font>
				<label>10037</label>
				<onleft>ReplaceWindow(settings)</onleft>
				<onright>noop</onright>
				<onup>noop</onup>
				<ondown>noop</ondown>
				<onclick>SettingsLevelChange</onclick>
				<textcolor>FFFFFFFF</textcolor>
				<focusedcolor>FFFFFFFF</focusedcolor>
				<invalidcolor>55FFFFFF</invalidcolor>
				<disabledcolor>55FFFFFF</disabledcolor>
				<visible allowhiddenfocus="true"></visible>
			</control>
		</control>
		
		<!-- Bloc 2 -->
		<control type="group">
			<include name="BlocPosition">
				<param name="Prefix" value="HOM.View1" />
				<param name="BlocID" value="B2" />
			</include>
			<width>636</width>
			<height>356</height>
			<control type="image">
				<texture colordiffuse="$INFO[Skin.String(Color.B2Bg)]">common/white.png</texture>
			</control>

			<!-- Sub list -->
			<control type="grouplist" id="301">
				<left>24</left>
				<top>24</top>
				<width>588</width>
				<height>308</height>
				<itemgap>1</itemgap>
				<onleft>300</onleft>
				<onright>20</onright>
				<onup>noop</onup>
				<ondown>noop</ondown>
				<orientation>vertical</orientation>
				<visible allowhiddenfocus="true">true</visible>
				
				<control type="button" id="101">
					<label>$INFO[Control.GetLabel(2)]</label>
					<width>588</width>
					<height>60</height>
					<font>Font27</font>
					<texturefocus colordiffuse="$VAR[CategoryColor]">common/white.png</texturefocus>
					<texturenofocus colordiffuse="00FFFFFF">common/white.png</texturenofocus>
					<textwidth min="100" max="400">auto</textwidth>
					<textoffsetx>12</textoffsetx>
					<textcolor fallback="FF666666">$INFO[Skin.String(Color.B1Txt1NF)]</textcolor>
					<focusedcolor fallback="FFFFFFFF">$INFO[Skin.String(Color.B1Txt1F)]</focusedcolor>
					<invalidcolor fallback="FFCCCCCC">$INFO[Skin.String(Color.B1Txt2NF)]</invalidcolor>
					<disabledcolor fallback="FFCCCCCC">$INFO[Skin.String(Color.B1Txt2NF)]</disabledcolor>
					<visible>!IsEmpty(Control.GetLabel(2))</visible>
					<onright>302</onright>
					<onleft>300</onleft>
					<ondown>102</ondown>
				</control>

				<control type="button" id="102">
					<label>$INFO[Control.GetLabel(3)]</label>
					<width>588</width>
					<height>60</height>
					<font>Font27</font>
					<texturefocus colordiffuse="$VAR[CategoryColor]">common/white.png</texturefocus>
					<texturenofocus colordiffuse="00FFFFFF">common/white.png</texturenofocus>
					<textwidth min="100" max="400">auto</textwidth>
					<textoffsetx>12</textoffsetx>
					<textcolor fallback="FF666666">$INFO[Skin.String(Color.B1Txt1NF)]</textcolor>
					<focusedcolor fallback="FFFFFFFF">$INFO[Skin.String(Color.B1Txt1F)]</focusedcolor>
					<invalidcolor fallback="FFCCCCCC">$INFO[Skin.String(Color.B1Txt2NF)]</invalidcolor>
					<disabledcolor fallback="FFCCCCCC">$INFO[Skin.String(Color.B1Txt2NF)]</disabledcolor>
					<visible>!IsEmpty(Control.GetLabel(3))</visible>
					<onright>302</onright>
					<onleft>300</onleft>
					<onup>101</onup>
					<ondown>103</ondown>
				</control>

				<control type="button" id="103">
					<label>$INFO[Control.GetLabel(4)]</label>
					<width>588</width>
					<height>60</height>
					<font>Font27</font>
					<texturefocus colordiffuse="$VAR[CategoryColor]">common/white.png</texturefocus>
					<texturenofocus colordiffuse="00FFFFFF">common/white.png</texturenofocus>
					<textwidth min="100" max="400">auto</textwidth>
					<textoffsetx>12</textoffsetx>
					<textcolor fallback="FF666666">$INFO[Skin.String(Color.B1Txt1NF)]</textcolor>
					<focusedcolor fallback="FFFFFFFF">$INFO[Skin.String(Color.B1Txt1F)]</focusedcolor>
					<invalidcolor fallback="FFCCCCCC">$INFO[Skin.String(Color.B1Txt2NF)]</invalidcolor>
					<disabledcolor fallback="FFCCCCCC">$INFO[Skin.String(Color.B1Txt2NF)]</disabledcolor>
					<visible>!IsEmpty(Control.GetLabel(4))</visible>
					<onright>302</onright>
					<onleft>300</onleft>
					<onup>102</onup>
					<ondown>104</ondown>
				</control>

				<control type="button" id="104">
					<label>$INFO[Control.GetLabel(5)]</label>
					<width>588</width>
					<height>60</height>
					<font>Font27</font>
					<texturefocus colordiffuse="$VAR[CategoryColor]">common/white.png</texturefocus>
					<texturenofocus colordiffuse="00FFFFFF">common/white.png</texturenofocus>
					<textwidth min="100" max="400">auto</textwidth>
					<textoffsetx>12</textoffsetx>
					<textcolor fallback="FF666666">$INFO[Skin.String(Color.B1Txt1NF)]</textcolor>
					<focusedcolor fallback="FFFFFFFF">$INFO[Skin.String(Color.B1Txt1F)]</focusedcolor>
					<invalidcolor fallback="FFCCCCCC">$INFO[Skin.String(Color.B1Txt2NF)]</invalidcolor>
					<disabledcolor fallback="FFCCCCCC">$INFO[Skin.String(Color.B1Txt2NF)]</disabledcolor>
					<visible>!IsEmpty(Control.GetLabel(5))</visible>
					<onright>302</onright>
					<onleft>300</onleft>
					<onup>103</onup>
					<ondown>105</ondown>
				</control>

				<control type="button" id="105">
					<label>$INFO[Control.GetLabel(6)]</label>
					<width>588</width>
					<height>60</height>
					<font>Font27</font>
					<texturefocus colordiffuse="$VAR[CategoryColor]">common/white.png</texturefocus>
					<texturenofocus colordiffuse="00FFFFFF">common/white.png</texturenofocus>
					<textwidth min="100" max="400">auto</textwidth>
					<textoffsetx>12</textoffsetx>
					<textcolor fallback="FF666666">$INFO[Skin.String(Color.B1Txt1NF)]</textcolor>
					<focusedcolor fallback="FFFFFFFF">$INFO[Skin.String(Color.B1Txt1F)]</focusedcolor>
					<invalidcolor fallback="FFCCCCCC">$INFO[Skin.String(Color.B1Txt2NF)]</invalidcolor>
					<disabledcolor fallback="FFCCCCCC">$INFO[Skin.String(Color.B1Txt2NF)]</disabledcolor>
					<visible>!IsEmpty(Control.GetLabel(6))</visible>
					<onright>302</onright>
					<onleft>300</onleft>
					<onup>104</onup>
					<ondown>106</ondown>
				</control>

				<control type="button" id="106">
					<label>$INFO[Control.GetLabel(7)]</label>
					<width>588</width>
					<height>60</height>
					<font>Font27</font>
					<texturefocus colordiffuse="$VAR[CategoryColor]">common/white.png</texturefocus>
					<texturenofocus colordiffuse="00FFFFFF">common/white.png</texturenofocus>
					<textwidth min="100" max="400">auto</textwidth>
					<textoffsetx>12</textoffsetx>
					<textcolor fallback="FF666666">$INFO[Skin.String(Color.B1Txt1NF)]</textcolor>
					<focusedcolor fallback="FFFFFFFF">$INFO[Skin.String(Color.B1Txt1F)]</focusedcolor>
					<invalidcolor fallback="FFCCCCCC">$INFO[Skin.String(Color.B1Txt2NF)]</invalidcolor>
					<disabledcolor fallback="FFCCCCCC">$INFO[Skin.String(Color.B1Txt2NF)]</disabledcolor>
					<visible>!IsEmpty(Control.GetLabel(7))</visible>
					<onright>302</onright>
					<onleft>300</onleft>
					<onup>105</onup>
					<ondown>107</ondown>
				</control>

				<control type="button" id="107">
					<label>$INFO[Control.GetLabel(8)]</label>
					<width>588</width>
					<height>60</height>
					<font>Font27</font>
					<texturefocus colordiffuse="$VAR[CategoryColor]">common/white.png</texturefocus>
					<texturenofocus colordiffuse="00FFFFFF">common/white.png</texturenofocus>
					<textwidth min="100" max="400">auto</textwidth>
					<textoffsetx>12</textoffsetx>
					<textcolor fallback="FF666666">$INFO[Skin.String(Color.B1Txt1NF)]</textcolor>
					<focusedcolor fallback="FFFFFFFF">$INFO[Skin.String(Color.B1Txt1F)]</focusedcolor>
					<invalidcolor fallback="FFCCCCCC">$INFO[Skin.String(Color.B1Txt2NF)]</invalidcolor>
					<disabledcolor fallback="FFCCCCCC">$INFO[Skin.String(Color.B1Txt2NF)]</disabledcolor>
					<visible>!IsEmpty(Control.GetLabel(8))</visible>
					<onright>302</onright>
					<onleft>300</onleft>
					<onup>106</onup>
					<ondown>108</ondown>
				</control>

				<control type="button" id="108">
					<label>$INFO[Control.GetLabel(9)]</label>
					<width>588</width>
					<height>60</height>
					<font>Font27</font>
					<texturefocus colordiffuse="$VAR[CategoryColor]">common/white.png</texturefocus>
					<texturenofocus colordiffuse="00FFFFFF">common/white.png</texturenofocus>
					<textwidth min="100" max="400">auto</textwidth>
					<textoffsetx>12</textoffsetx>
					<textcolor fallback="FF666666">$INFO[Skin.String(Color.B1Txt1NF)]</textcolor>
					<focusedcolor fallback="FFFFFFFF">$INFO[Skin.String(Color.B1Txt1F)]</focusedcolor>
					<invalidcolor fallback="FFCCCCCC">$INFO[Skin.String(Color.B1Txt2NF)]</invalidcolor>
					<disabledcolor fallback="FFCCCCCC">$INFO[Skin.String(Color.B1Txt2NF)]</disabledcolor>
					<visible>!IsEmpty(Control.GetLabel(9))</visible>
					<onright>302</onright>
					<onleft>300</onleft>
					<onup>107</onup>
					<ondown>109</ondown>
				</control>

				<control type="button" id="109">
					<label>$INFO[Control.GetLabel(10)]</label>
					<width>588</width>
					<height>60</height>
					<font>Font27</font>
					<texturefocus colordiffuse="$VAR[CategoryColor]">common/white.png</texturefocus>
					<texturenofocus colordiffuse="00FFFFFF">common/white.png</texturenofocus>
					<textwidth min="100" max="400">auto</textwidth>
					<textoffsetx>12</textoffsetx>
					<textcolor fallback="FF666666">$INFO[Skin.String(Color.B1Txt1NF)]</textcolor>
					<focusedcolor fallback="FFFFFFFF">$INFO[Skin.String(Color.B1Txt1F)]</focusedcolor>
					<invalidcolor fallback="FFCCCCCC">$INFO[Skin.String(Color.B1Txt2NF)]</invalidcolor>
					<disabledcolor fallback="FFCCCCCC">$INFO[Skin.String(Color.B1Txt2NF)]</disabledcolor>
					<visible>!IsEmpty(Control.GetLabel(10))</visible>
					<onright>302</onright>
					<onleft>300</onleft>
					<onup>108</onup>
					<ondown>110</ondown>
				</control>

				<control type="button" id="110">
					<label>$INFO[Control.GetLabel(11)]</label>
					<width>588</width>
					<height>60</height>
					<font>Font27</font>
					<texturefocus colordiffuse="$VAR[CategoryColor]">common/white.png</texturefocus>
					<texturenofocus colordiffuse="00FFFFFF">common/white.png</texturenofocus>
					<textwidth min="100" max="400">auto</textwidth>
					<textoffsetx>12</textoffsetx>
					<textcolor fallback="FF666666">$INFO[Skin.String(Color.B1Txt1NF)]</textcolor>
					<focusedcolor fallback="FFFFFFFF">$INFO[Skin.String(Color.B1Txt1F)]</focusedcolor>
					<invalidcolor fallback="FFCCCCCC">$INFO[Skin.String(Color.B1Txt2NF)]</invalidcolor>
					<disabledcolor fallback="FFCCCCCC">$INFO[Skin.String(Color.B1Txt2NF)]</disabledcolor>
					<visible>!IsEmpty(Control.GetLabel(11))</visible>
					<onright>302</onright>
					<onleft>300</onleft>
					<onup>109</onup>
				</control>
		
			</control>
		</control>

		<!-- Bloc 3 -->
		<control type="group">
			<include name="BlocPosition">
				<param name="Prefix" value="HOM.View1" />
				<param name="BlocID" value="B1" />
			</include>
			<width>636</width>
			<height>356</height>
			<control type="image">
				<texture colordiffuse="$INFO[Skin.String(Color.B2Bg)]">common/white.png</texture>
			</control>
			<control type="image">
				<left>24</left>
				<posy>80</posy>
				<width>588</width>
				<height>1</height>
				<texture colordiffuse="$INFO[Skin.String(Color.B2Txt3)]">common/white.png</texture>
			</control>
			<control type="label">
				<left>36</left>
				<top>10</top>
				<width>440</width>
				<height>60</height>
				<textcolor>$INFO[Skin.String(Color.B2Txt2)]</textcolor>
				<font>Font36B</font>
				<align>left</align>
				<aligny>center</aligny>
				<label>$INFO[Window.Property(xmlfile)]</label>
			</control>
			<!-- Main list -->
			<control type="grouplist" id="300">
				<left>24</left>
				<top>88</top>
				<width>588</width>
				<height>244</height>
				<itemgap>1</itemgap>
				<ondown>noop</ondown>
				<onright>301</onright>
				<onup>noop</onup>
				<ondown>noop</ondown>
				<orientation>vertical</orientation>
				<usecontrolcoords>true</usecontrolcoords>
				<visible>true</visible>
		
				<!-- Summary -->				
				<control type="button" id="95">
					<width>588</width>
					<height>60</height>
					<font>Font27</font>
					<label>20037</label>
					<texturefocus colordiffuse="$VAR[CategoryColor]">common/white.png</texturefocus>
					<texturenofocus colordiffuse="00FFFFFF">common/white.png</texturenofocus>
					<textwidth min="100" max="400">auto</textwidth>
					<textoffsetx>12</textoffsetx>
					<textcolor fallback="FF666666">$INFO[Skin.String(Color.B1Txt1NF)]</textcolor>
					<focusedcolor fallback="FFFFFFFF">$INFO[Skin.String(Color.B1Txt1F)]</focusedcolor>
					<invalidcolor fallback="FFCCCCCC">$INFO[Skin.String(Color.B1Txt2NF)]</invalidcolor>
					<disabledcolor fallback="FFCCCCCC">$INFO[Skin.String(Color.B1Txt2NF)]</disabledcolor>
				</control>		

				<!-- Storage -->				
				<control type="button" id="94">
					<width>588</width>
					<height>60</height>
					<font>Font27</font>
					<label>13277</label>
					<texturefocus colordiffuse="$VAR[CategoryColor]">common/white.png</texturefocus>
					<texturenofocus colordiffuse="00FFFFFF">common/white.png</texturenofocus>
					<textwidth min="100" max="400">auto</textwidth>
					<textoffsetx>12</textoffsetx>
					<textcolor fallback="FF666666">$INFO[Skin.String(Color.B1Txt1NF)]</textcolor>
					<focusedcolor fallback="FFFFFFFF">$INFO[Skin.String(Color.B1Txt1F)]</focusedcolor>
					<invalidcolor fallback="FFCCCCCC">$INFO[Skin.String(Color.B1Txt2NF)]</invalidcolor>
					<disabledcolor fallback="FFCCCCCC">$INFO[Skin.String(Color.B1Txt2NF)]</disabledcolor>
				</control>	

				<!-- Network -->				
				<control type="button" id="96">
					<width>588</width>
					<height>60</height>
					<font>Font27</font>
					<label>13279</label>
					<texturefocus colordiffuse="$VAR[CategoryColor]">common/white.png</texturefocus>
					<texturenofocus colordiffuse="00FFFFFF">common/white.png</texturenofocus>
					<textwidth min="100" max="400">auto</textwidth>
					<textoffsetx>12</textoffsetx>
					<textcolor fallback="FF666666">$INFO[Skin.String(Color.B1Txt1NF)]</textcolor>
					<focusedcolor fallback="FFFFFFFF">$INFO[Skin.String(Color.B1Txt1F)]</focusedcolor>
					<invalidcolor fallback="FFCCCCCC">$INFO[Skin.String(Color.B1Txt2NF)]</invalidcolor>
					<disabledcolor fallback="FFCCCCCC">$INFO[Skin.String(Color.B1Txt2NF)]</disabledcolor>
				</control>					

				<!-- Video -->				
				<control type="button" id="97">
					<width>588</width>
					<height>60</height>
					<font>Font27</font>
					<label>13280</label>
					<texturefocus colordiffuse="$VAR[CategoryColor]">common/white.png</texturefocus>
					<texturenofocus colordiffuse="00FFFFFF">common/white.png</texturenofocus>
					<textwidth min="100" max="400">auto</textwidth>
					<textoffsetx>12</textoffsetx>
					<textcolor fallback="FF666666">$INFO[Skin.String(Color.B1Txt1NF)]</textcolor>
					<focusedcolor fallback="FFFFFFFF">$INFO[Skin.String(Color.B1Txt1F)]</focusedcolor>
					<invalidcolor fallback="FFCCCCCC">$INFO[Skin.String(Color.B1Txt2NF)]</invalidcolor>
					<disabledcolor fallback="FFCCCCCC">$INFO[Skin.String(Color.B1Txt2NF)]</disabledcolor>
				</control>		

				<!-- HardWare -->				
				<control type="button" id="98">
					<width>588</width>
					<height>60</height>
					<font>Font27</font>
					<label>13281</label>
					<texturefocus colordiffuse="$VAR[CategoryColor]">common/white.png</texturefocus>
					<texturenofocus colordiffuse="00FFFFFF">common/white.png</texturenofocus>
					<textwidth min="100" max="400">auto</textwidth>
					<textoffsetx>12</textoffsetx>
					<textcolor fallback="FF666666">$INFO[Skin.String(Color.B1Txt1NF)]</textcolor>
					<focusedcolor fallback="FFFFFFFF">$INFO[Skin.String(Color.B1Txt1F)]</focusedcolor>
					<invalidcolor fallback="FFCCCCCC">$INFO[Skin.String(Color.B1Txt2NF)]</invalidcolor>
					<disabledcolor fallback="FFCCCCCC">$INFO[Skin.String(Color.B1Txt2NF)]</disabledcolor>
				</control>		

				<!-- PVR -->				
				<control type="button" id="99">
					<width>588</width>
					<height>60</height>
					<font>Font27</font>
					<label>19191</label>
					<texturefocus colordiffuse="$VAR[CategoryColor]">common/white.png</texturefocus>
					<texturenofocus colordiffuse="00FFFFFF">common/white.png</texturenofocus>
					<textwidth min="100" max="400">auto</textwidth>
					<textoffsetx>12</textoffsetx>
					<textcolor fallback="FF666666">$INFO[Skin.String(Color.B1Txt1NF)]</textcolor>
					<focusedcolor fallback="FFFFFFFF">$INFO[Skin.String(Color.B1Txt1F)]</focusedcolor>
					<invalidcolor fallback="FFCCCCCC">$INFO[Skin.String(Color.B1Txt2NF)]</invalidcolor>
					<disabledcolor fallback="FFCCCCCC">$INFO[Skin.String(Color.B1Txt2NF)]</disabledcolor>
				</control>						

			</control>
		</control>
		
		<!-- Sidebar Position-->	
		<control type="group">	
			<visible>!StringCompare(Window(Home).Property(DialogVisibility),VISIBLE)</visible>
			<control type="group">		
				<visible>Skin.String(HOM.View1.BBSidebar,LEFT) | Skin.String(HOM.View1.BBSidebar,RIGHT)</visible>	
				<include condition="Skin.String(HOM.View1.BBSidebar,LEFT) | Skin.String(HOM.View1.BBSidebar,RIGHT)">BarVPreview</include>
				<animation effect="slide" start="0,0" end="1800,0" time="0" condition="Skin.String(HOM.View1.BBSidebar,RIGHT)">Conditional</animation>
				<animation effect="fade" start="100" end="75" time="0" condition="IsEmpty(Window(Home).Property(DialogVisibility) + Skin.String(HOM.View1.BBSizeX,3COLUMN) + Skin.String(HOM.View1.BBSizeY,3ROW) + Skin.String(HOM.View1.BBSBHide,ENABLED)">Conditional</animation>	
				<animation effect="fade" start="100" end="0" time="200" delay="1000" condition="IsEmpty(Window(Home).Property(DialogVisibility) + !Container($PARAM[Id]).OnNext + !Container($PARAM[Id]).OnPrevious + Skin.String(HOM.View1.BBSizeX,3COLUMN) + Skin.String(HOM.View1.BBSizeY,3ROW) + Skin.String(HOM.View1.BBSBHide,ENABLED)">Conditional</animation>	
				<control type="label">
					<top>0</top>
					<left>-400</left>
					<width>400</width>
					<height>120</height>
					<align>right</align>
					<font>Font48</font>
					<textcolor>$INFO[Skin.String(Color.SBIconNF)]</textcolor>
					<label>[UPPERCASE]$INFO[Window(home).Property(MenuID)][/UPPERCASE]</label>
					<animation effect="rotate" start="0" end="90" time="0" center="60,60" condition="true">Conditional</animation>
				</control>
				<control type="image">
					<left>20</left>
					<top>20</top>
					<width>80</width>
					<height>80</height>
					<align>center</align>
					<texture colordiffuse="$VAR[CategoryColor]">common/white.png</texture>
				</control>
				<control type="image">
					<left>35</left>
					<top>35</top>
					<width>50</width>
					<height>50</height>
					<align>center</align>
					<aspectratio>keep</aspectratio>
					<texture colordiffuse="$INFO[Skin.String(Color.B1Txt1F)]">$INFO[Window(home).Property(MenuIcon)]</texture>
				</control>		
			</control>
			
			<control type="group">		
				<visible>Skin.String(HOM.View1.BBSidebar,TOP) | Skin.String(HOM.View1.BBSidebar,BOTTOM)</visible>
				<include condition="Skin.String(HOM.View1.BBSidebar,TOP) | Skin.String(HOM.View1.BBSidebar,BOTTOM)">BarHPreview</include>
				<animation effect="slide" start="0,0" end="0,960" time="0" condition="Skin.String(HOM.View1.BBSidebar,BOTTOM)">Conditional</animation>
				<animation effect="fade" start="100" end="75" time="0" condition="IsEmpty(Window(Home).Property(DialogVisibility) + Skin.String(HOM.View1.BBSizeX,3COLUMN) + Skin.String(HOM.View1.BBSizeY,3ROW) + Skin.String(HOM.View1.BBSBHide,ENABLED)">Conditional</animation>	
				<animation effect="fade" start="100" end="0" time="200" delay="1000" condition="IsEmpty(Window(Home).Property(DialogVisibility) + !Container($PARAM[Id]).OnNext + !Container($PARAM[Id]).OnPrevious + Skin.String(HOM.View1.BBSizeX,3COLUMN) + Skin.String(HOM.View1.BBSizeY,3ROW) + Skin.String(HOM.View1.BBSBHide,ENABLED)">Conditional</animation>	
				<control type="label">
					<top>0</top>
					<left>144</left>
					<width>400</width>
					<height>120</height>
					<align>left</align>
					<aligny>center</aligny>
					<font>Font48</font>
					<textcolor>$INFO[Skin.String(Color.SBIconNF)]</textcolor>
					<label>[UPPERCASE]$INFO[Window(home).Property(MenuID)][/UPPERCASE]</label>
				</control>
				<control type="image">
					<left>20</left>
					<top>20</top>
					<width>80</width>
					<height>80</height>
					<align>center</align>
					<texture colordiffuse="$VAR[CategoryColor]">common/white.png</texture>
				</control>
				<control type="image">
					<left>35</left>
					<top>35</top>
					<width>50</width>
					<height>50</height>
					<align>center</align>
					<aspectratio>keep</aspectratio>
					<texture colordiffuse="$INFO[Skin.String(Color.B1Txt1F)]">$INFO[Window(home).Property(MenuIcon)]</texture>
				</control>				
			</control>
		</control>	
		
		<control type="label" id="2">
			<font>-</font>
		</control>
		<control type="label" id="3">
			<font>-</font>
		</control>
		<control type="label" id="4">
			<font>-</font>
		</control>
		<control type="label" id="5">
			<font>-</font>
		</control>
		<control type="label" id="6">
			<font>-</font>
		</control>
		<control type="label" id="7">
			<font>-</font>
		</control>
		<control type="label" id="8">
			<font>-</font>
		</control>
		<control type="label" id="9">
			<font>-</font>
		</control>
		<control type="label" id="10">
			<font>-</font>
		</control>
		<control type="label" id="11">
			<font>-</font>
		</control>
		<control type="label" id="52">
			<font>-</font>
		</control>

	</controls>

</window>