<?xml version="1.0" encoding="UTF-8"?>
<!-- Foundation -->
<window id="136">
    

    <controls>

        <control type="group">
            <visible>!Window.IsVisible(DialogProgress.xml)</visible>
            <visible>!Skin.HasSetting(hide.busydialog)</visible>
            <include>Animation.FadeIn</include>
            <include>Animation.FadeOut</include>
            <include>GlobalOverlay</include>
            <include>GlobalOverlay</include>
            <control type="image">
                <description>Busy animation</description>
                <centerleft>50%</centerleft>
                <centertop>47%</centertop>
                <width>100</width>
                <height>100</height>
                <texture>dialog/loading-back.png</texture>
                <aspectratio>keep</aspectratio>
            </control>
            <control type="image">
                <description>Busy animation</description>
                <centerleft>50%</centerleft>
                <centertop>47%</centertop>
                <width>100</width>
                <height>100</height>
                <animation effect="rotate" condition="true" start="0" end="360" loop="true" time="1000" center="auto">Conditional</animation>
                <texture colordiffuse="$VAR[ColorHighlight]">dialog/loading-spinner.png</texture>
                <aspectratio>keep</aspectratio>
            </control>

            <control type="label">
                <description>Busy label</description>
                <centerleft>50%</centerleft>
                <centertop>53%</centertop>
                <width>720</width>
                <height>108</height>
                <aligny>center</aligny>
                <align>center</align>
                <label>$LOCALIZE[20186]...</label>
                <textcolor>ffededed</textcolor>
            </control>
        </control>

    </controls>

</window>
