<?xml version="1.0" encoding="UTF-8"?>
<!-- Foundation -->
<window id="500">
    <defaultcontrol always="true">50</defaultcontrol>
    <menucontrol>9000</menucontrol>
    <views>50</views>

    <controls>

       <control type="radiobutton" id="19">
            <description>Filter (hidden)</description>
            <include>HiddenButton</include>
        </control>

        <include>GlobalBackground</include>
        <include>Furniture_Header</include>
        <include>Furniture_Clock</include>
        <include>Furniture_Flags</include>
        <include>Furniture_NowPlaying</include>
        <include>Furniture_Weather</include>
        <include>View_50_List_Square</include>

        <control type="group">
            <visible>ControlGroup(9000).HasFocus()</visible>
            <include>GlobalOverlay</include>
        </control>
        <control type="group">
            <include>Def9000Background</include>
            <include>Def9000Arrows</include>
            <control type="grouplist" id="9000">
                <include>Def9000GroupList</include>
                <control type="radiobutton" id="20">
                    <description>Shuffle</description>
                    <include>DefContextButton</include>
                    <align>left</align>
                    <label>191</label>
                </control>
                <control type="button" id="26">
                    <description>Repeat</description>
                    <include>DefContextButton</include>
                    <align>left</align>
                    <label>486</label>
                </control>
                <control type="button" id="21">
                    <description>Save</description>
                    <include>DefContextButton</include>
                    <align>left</align>
                    <label>190</label>
                </control>
                <control type="button" id="22">
                    <description>Clear</description>
                    <include>DefContextButton</include>
                    <align>left</align>
                    <label>192</label>
                </control>
                <control type="button" id="23">
                    <description>Play</description>
                    <include>DefContextButton</include>
                    <align>left</align>
                    <label>208</label>
                </control>
            </control>
        </control>
        


    </controls>

</window>
