<?xml version="1.0" encoding="UTF-8"?>
<window>
	<defaultcontrol always="true">4012</defaultcontrol>
	<onload>Dialog.Close(fullscreeninfo,true)</onload>
	<onload>Dialog.Close(videoosd,true)</onload>
	<controls>
		<control type="label" id="4000">
			<visible>false</visible>
		</control>
		<control type="image" id="4001">
			<visible>false</visible>
		</control>
		<control type="image" id="4002">
			<visible>false</visible>
		</control>
		<control type="label" id="4003">
			<visible>false</visible>
		</control>
		<control type="label" id="4004">
			<visible>false</visible>
		</control>
		<control type="image" id="4005">
			<visible>false</visible>
		</control>
		<control type="textbox" id="4006">
			<visible>false</visible>
		</control>
		<control type="image" id="4007">
			<visible>false</visible>
		</control>
		<control type="label" id="4008">
			<visible>false</visible>
		</control>
		<control type="label" id="4009">
			<visible>false</visible>
		</control>
		<control type="label" id="4011">
			<visible>false</visible>
		</control>
		<control type="label" id="4018">
			<visible>false</visible>
		</control>
		<!-- Main group -->
		<control type="group">
			<include>DialogAnimation</include>
			<centerleft>50%</centerleft>
			<centertop>50%</centertop>
			<width>716</width>
			<height>289</height>
			<!-- Background -->
			<control type="image">
				<centerleft>50%</centerleft>
				<centertop>50%</centertop>
				<width>100%</width>
				<height>100%</height>
				<include>MessageBackground</include>
			</control>
			<!-- Heading -->
			<control type="label">
				<centerleft>50%</centerleft>
				<top>-16</top>
				<width>100%</width>
				<height>38</height>
				<font>Bold38</font>
				<textcolor>ffdadada</textcolor>
				<label>$ADDON[service.nextup.notification 30010]</label>
			</control>
			<!-- Details -->
			<control type="textbox">
				<centerleft>50%</centerleft>
				<top>55</top>
				<width>100%</width>
				<height>146</height>
				<font>Light28</font>
				<textcolor>ff9d9d9d</textcolor>
				<label>$ADDON[service.nextup.notification 30012]</label>
			</control>
			<!-- No -->
			<control id="4013" type="button">
				<left>-5</left>
				<bottom>0</bottom>
				<width>363</width>
				<height>76</height>
				<align>center</align>
				<aligny>top</aligny>
				<onleft>noop</onleft>
				<onright>4012</onright>
				<font>MedUpper24</font>
				<textoffsety>27</textoffsety>
				<label>222</label>
			</control>
			<!-- Yes -->
			<control id="4012" type="button">
				<right>-5</right>
				<bottom>0</bottom>
				<width>363</width>
				<height>76</height>
				<align>center</align>
				<aligny>top</aligny>
				<onleft>4013</onleft>
				<onright>noop</onright>
				<font>MedUpper24</font>
				<textoffsety>27</textoffsety>
				<label>19194</label>
			</control>
		</control>
		<control type="group">
			<left>1430</left>
			<top>666</top>
			<animation effect="fade" end="100" start="0" time="200" condition="Window.IsVisible(script-nextup-notification-NextUpInfo.xml)">Conditional</animation>
			<!--  Next up label -->
			<control type="label">
				<width>auto</width>
				<height>32</height>
				<font>Light32</font>
				<textcolor>ffffffff</textcolor>
				<shadowcolor>ff080808</shadowcolor>
				<label>31164</label>
			</control>
			<!-- Next episode thumb -->
			<control type="image">
				<top>56</top>
				<width>370</width>
				<height>277</height>
				<texture>views/episode_fallback.png</texture>
				<aspectratio>scale</aspectratio>
			</control>
			<control type="image">
				<top>56</top>
				<width>370</width>
				<height>277</height>
				<aspectratio>scale</aspectratio>
				<texture>$VAR[StillWatchingThumb]</texture>
			</control>
			<control type="image">
				<top>56</top>
				<width>370</width>
				<height>277</height>
				<aspectratio align="center">scale</aspectratio>
				<texture>views/episode_fallback.png</texture>
				<visible>Skin.HasSetting(HideUnwatchedThumbs) + !IntegerGreaterThan(Control.GetLabel(4018),0)</visible>
			</control>
			<control type="image">
				<top>56</top>
				<width>90</width>
				<height>90</height>
				<texture>views/OverlayHD.png</texture>
				<visible>IntegerGreaterThan(Control.GetLabel(4011),719)</visible>
			</control>
			<control type="image">
				<top>56</top>
				<width>370</width>
				<height>277</height>
				<texture border="2">views/season_overlay.png</texture>
			</control>
			<!-- Next episode countdown -->
			<control type="image">
				<left>12</left>
				<top>276</top>
				<width>44</width>
				<height>44</height>
				<texture>$VAR[NextEpisodeCountdown]</texture>
			</control>
			<!--  Next episode label -->
			<control type="label">
				<left>64</left>
				<top>286</top>
				<width>auto</width>
				<height>24</height>
				<font>Light24</font>
				<textcolor>ffffffff</textcolor>
				<shadowcolor>ff080808</shadowcolor>
				<label>$INFO[Control.GetLabel(4008),$LOCALIZE[20373] ], $INFO[Control.GetLabel(4009),Ep. ]</label>
			</control>
		</control>
	</controls>
</window>