<?xml version="1.0" encoding="UTF-8"?>
<window>
	<!-- textviewer -->
	<zorder>2</zorder>
	<defaultcontrol always="true">3000</defaultcontrol>
	<onunload condition="!IsEmpty(Window(home).Property(OpenTextViewer))">SetFocus(50)</onunload>
	<onunload>ClearProperty(OpenTextViewer,home)</onunload>
	<controls>
		<control id="5" type="textbox">
			<font>-</font>
		</control>
		<!-- Heading -->
		<control id="1" type="label">
			<font>-</font>
		</control>
		<!-- Background -->
		<include>DialogTextBackgroundImage</include>
		<control type="group">
			<animation reversible="true" type="WindowOpen">
				<effect center="auto" easing="inout" end="100" start="92" time="120" tween="sine" type="zoom" />
				<effect easing="inout" end="100" start="0" time="120" tween="sine" type="fade" />
			</animation>
			<animation reversible="true" type="WindowClose">
				<effect center="auto" easing="inout" end="92" start="100" time="120" tween="sine" type="zoom" />
				<effect easing="inout" end="0" start="100" time="120" tween="sine" type="fade" />
			</animation>
			<!-- Plot background -->
			<control type="image">
				<centerleft>50%</centerleft>
				<centertop>50%</centertop>
				<width>973</width>
				<height>760</height>
				<texture border="4,7,4,7">views/text_viewer_background.png</texture>
			</control>
			<!-- Arrow up -->
			<control type="image">
				<left>942</left>
				<top>216</top>
				<width>36</width>
				<height>20</height>
				<texture>views/arrow_up.png</texture>
				<visible>Control.IsVisible(3000) + IntegerGreaterThan(Container(5).CurrentPage,1)</visible>
				<animation delay="80" effect="fade" end="100" start="0" time="120">Visible</animation>
				<animation delay="80" effect="fade" end="0" start="100" time="120">Hidden</animation>
			</control>
			<!-- Text -->
			<control id="10" type="textbox">
				<centerleft>50%</centerleft>
				<centertop>50%</centertop>
				<width>788</width>
				<height>454</height>
				<align>left</align>
				<font>Light36</font>
				<pagecontrol>3000</pagecontrol>
				<autoscroll>false</autoscroll>
				<textcolor>ffdadada</textcolor>
				<label>[B][COLOR ffffffff]$INFO[Control.GetLabel(1),,[CR]][/B][/COLOR]$INFO[Control.GetLabel(5)]</label>
			</control>
			<!-- Arrow down -->
			<control type="image">
				<left>942</left>
				<top>844</top>
				<width>36</width>
				<height>20</height>
				<texture>views/arrow_down.png</texture>
				<visible>Control.IsVisible(3000) + !StringCompare(Container(10).CurrentPage,Container(10).NumPages)</visible>
				<animation delay="80" effect="fade" end="100" start="0" time="120">Visible</animation>
				<animation delay="80" effect="fade" end="0" start="100" time="120">Hidden</animation>
			</control>
			<!-- Scrollbar -->
			<control id="3000" type="scrollbar">
				<left>1394</left>
				<centertop>50%</centertop>
				<width>8</width>
				<height>446</height>
				<onup>noop</onup>
				<ondown>noop</ondown>
				<onleft>Close</onleft>
				<onright>Close</onright>
				<showonepage>false</showonepage>
				<orientation>vertical</orientation>
				<texturesliderbarfocus border="3">common/Scrollbar.png</texturesliderbarfocus>
				<visible allowhiddenfocus="true">Control.HasFocus(3000)</visible>
				<animation condition="System.IdleTime(1)" effect="fade" end="0" start="100" time="200">Conditional</animation>
			</control>
		</control>
	</controls>
</window>