<?xml version="1.0" encoding="UTF-8"?>
<window>
	<!-- musicplaylisteditor -->
	<backgroundcolor>0xff12161b</backgroundcolor>
	<defaultcontrol always="true">6</defaultcontrol>
	<controls>
		<!-- Heading -->
		<control type="label">
			<left>90</left>
			<top>84</top>
			<width>auto</width>
			<height>60</height>
			<font>Med48</font>
			<aligny>bottom</aligny>
			<textcolor>ffdadada</textcolor>
			<label>10503</label>
			<animation delay="400" effect="fade" end="100" start="0" time="200">WindowOpen</animation>
		</control>
		<!-- Main group -->
		<control type="group">
			<include>DialogZoomAnimation</include>
			<!-- Left group -->
			<control type="group">
				<left>90</left>
				<top>174</top>
				<width>675</width>
				<height>816</height>
				<control type="image">
					<width>675</width>
					<height>816</height>
					<texture border="1,61,1,1">dialogs/file_manager_back.png</texture>
				</control>
				<!-- Heading label -->
				<control type="label">
					<left>40</left>
					<top>14</top>
					<height>30</height>
					<width>605</width>
					<aligny>center</aligny>
					<font>Bold30</font>
					<label>31007</label>
					<textcolor>ffdadada</textcolor>
				</control>
				<control type="label">
					<left>495</left>
					<top>13</top>
					<width>140</width>
					<height>30</height>
					<font>Light30Spaced</font>
					<align>right</align>
					<textcolor>ff636364</textcolor>
					<label>[COLOR ffb2b2b2]$INFO[Container(50).CurrentItem][/COLOR] | $INFO[Container(50).NumItems]</label>
				</control>
				<!-- Left list -->
				<control id="50" type="fixedlist">
					<top>60</top>
					<width>675</width>
					<height>756</height>
					<onleft>Back</onleft>
					<onright>9000</onright>
					<onup>50</onup>
					<ondown>50</ondown>
					<movement>4</movement>
					<scrolltime>0</scrolltime>
					<focusposition>4</focusposition>
					<orientation>vertical</orientation>
					<animation condition="StringCompare(Container(50).NumItems,0) | StringCompare(Container(50).NumItems,1) | [StringCompare(Container(50).NumItems,2) + [!StringCompare(Container(50).ListItem.Label,..) + !StringCompare(Container(50).ListItem(1).Label,..) + !StringCompare(Container(50).ListItem(2).Label,..)]]" effect="slide" end="0,-336">Conditional</animation>
					<animation condition="[StringCompare(Container(50).NumItems,2) + [StringCompare(Container(50).ListItem.Label,..) | StringCompare(Container(50).ListItem(1).Label,..) | StringCompare(Container(50).ListItem(2).Label,..)]] | StringCompare(Container(50).NumItems,3) | [StringCompare(Container(50).NumItems,4) + [!StringCompare(Container(50).ListItem.Label,..) + !StringCompare(Container(50).ListItem(1).Label,..) + !StringCompare(Container(50).ListItem(2).Label,..) + !StringCompare(Container(50).ListItem(3).Label,..) + !StringCompare(Container(50).ListItem(4).Label,..)]]" effect="slide" end="0,-252">Conditional</animation>
					<animation condition="[StringCompare(Container(50).NumItems,4) + [StringCompare(Container(50).ListItem.Label,..) | StringCompare(Container(50).ListItem(1).Label,..) | StringCompare(Container(50).ListItem(2).Label,..) | StringCompare(Container(50).ListItem(3).Label,..) | StringCompare(Container(50).ListItem(4).Label,..)]] | [StringCompare(Container(50).NumItems,5) + [StringCompare(Container(50).ListItem.Label,..) | StringCompare(Container(50).ListItem(1).Label,..) | StringCompare(Container(50).ListItem(2).Label,..) | StringCompare(Container(50).ListItem(3).Label,..) | StringCompare(Container(50).ListItem(4).Label,..) | StringCompare(Container(50).ListItem(5).Label,..)]] | StringCompare(Container(50).NumItems,5) | StringCompare(Container(50).NumItems,6)" effect="slide" end="0,-168">Conditional</animation>
					<animation condition="[StringCompare(Container(50).NumItems,6) + [StringCompare(Container(50).ListItem.Label,..) | StringCompare(Container(50).ListItem(1).Label,..) | StringCompare(Container(50).ListItem(2).Label,..) | StringCompare(Container(50).ListItem(3).Label,..) | StringCompare(Container(50).ListItem(4).Label,..) | StringCompare(Container(50).ListItem(5).Label,..) | StringCompare(Container(50).ListItem(6).Label,..)]] | StringCompare(Container(50).NumItems,7) | [StringCompare(Container(50).NumItems,7) + [StringCompare(Container(50).ListItem.Label,..) | StringCompare(Container(50).ListItem(1).Label,..) | StringCompare(Container(50).ListItem(2).Label,..) | StringCompare(Container(50).ListItem(3).Label,..) | StringCompare(Container(50).ListItem(4).Label,..) | StringCompare(Container(50).ListItem(5).Label,..) | StringCompare(Container(50).ListItem(6).Label,..) | StringCompare(Container(50).ListItem(7).Label,..)]] | StringCompare(Container(50).NumItems,8)" effect="slide" end="0,-84">Conditional</animation>
					<itemlayout height="84" width="675">
						<control type="image">
							<width>675</width>
							<height>84</height>
							<texture border="3">settings/button_no_focus.png</texture>
						</control>
						<control type="label">
							<left>40</left>
							<width>595</width>
							<height>84</height>
							<font>Light32</font>
							<textcolor>ff505153</textcolor>
							<label>$INFO[ListItem.Label]  </label>
						</control>
						<control type="label">
							<right>40</right>
							<width>595</width>
							<height>84</height>
							<align>right</align>
							<font>Light32</font>
							<textcolor>ff717171</textcolor>
							<label>$INFO[ListItem.Label2]</label>
						</control>
					</itemlayout>
					<focusedlayout height="84" width="675">
						<control type="image">
							<width>675</width>
							<height>84</height>
							<texture border="3">settings/button_focus.png</texture>
						</control>
						<control type="group">
							<visible>Control.HasFocus(50)</visible>
							<control type="label">
								<left>40</left>
								<width>595</width>
								<height>84</height>
								<font>Light32</font>
								<textcolor>ffffaf37</textcolor>
								<label>$INFO[ListItem.Label]  </label>
							</control>
							<control type="label">
								<right>40</right>
								<width>595</width>
								<height>84</height>
								<align>right</align>
								<font>Light32</font>
								<textcolor>ffdadada</textcolor>
								<label>$INFO[ListItem.Label2]</label>
							</control>
						</control>
						<control type="group">
							<visible>!Control.HasFocus(50)</visible>
							<control type="label">
								<left>40</left>
								<width>595</width>
								<height>84</height>
								<font>Light32</font>
								<textcolor>ffffffff</textcolor>
								<label>$INFO[ListItem.Label]  </label>
							</control>
							<control type="label">
								<right>40</right>
								<width>595</width>
								<height>84</height>
								<align>right</align>
								<font>Light32</font>
								<textcolor>ffdadada</textcolor>
								<label>$INFO[ListItem.Label2]</label>
							</control>
						</control>
					</focusedlayout>
				</control>
				<control type="image">
					<top>60</top>
					<width>675</width>
					<height>84</height>
					<visible>Container(50).HasPrevious</visible>
					<texture border="2" diffuse="settings/mask.png" flipy="true">settings/mask_back.png</texture>
				</control>
				<control type="image">
					<top>732</top>
					<width>675</width>
					<height>84</height>
					<visible>Container(50).HasNext</visible>
					<texture border="2" diffuse="settings/mask.png">settings/mask_back.png</texture>
				</control>
			</control>
			<!-- Middle group -->
			<control type="group">
				<centerleft>50%</centerleft>
				<top>174</top>
				<width>360</width>
				<height>816</height>
				<control type="image">
					<width>360</width>
					<height>816</height>
					<texture border="1,61,1,1">dialogs/file_manager_back.png</texture>
				</control>
				<!-- Heading label -->
				<control type="label">
					<left>40</left>
					<top>14</top>
					<height>30</height>
					<width>360</width>
					<aligny>center</aligny>
					<font>Bold30</font>
					<label>31008</label>
					<textcolor>ffdadada</textcolor>
				</control>
				<control type="group">
					<visible>Control.HasFocus(50)</visible>
					<!-- Image -->
					<control type="image">
						<left>38</left>
						<top>98</top>
						<width>300</width>
						<height>300</height>
						<aspectratio>scale</aspectratio>
						<bordersize>0,0,13,17</bordersize>
						<texture fallback="DefaultAddonMusic.png">$INFO[Container(50).ListItem.Icon]</texture>
						<bordertexture border="14,18,14,18">dialogs/shadow.png</bordertexture>
					</control>
					<control type="textbox">
						<left>20</left>
						<top>400</top>
						<width>320</width>
						<height>160</height>
						<align>left</align>
						<font>Light30Spaced</font>
						<autoscroll>false</autoscroll>
						<textcolor>ffbbbbbb</textcolor>
						<label>$INFO[Container(50).ListItem.Artist,[COLOR ffffffff][B]$LOCALIZE[557]:[/B][/COLOR] ,[CR]]$INFO[Container(50).ListItem.Album,[COLOR ffffffff][B]$LOCALIZE[558]:[/B] [/COLOR]]</label>
					</control>
				</control>
				<control type="group">
					<visible>Control.HasFocus(100)</visible>
					<!-- Image -->
					<control type="image">
						<left>38</left>
						<top>98</top>
						<width>300</width>
						<height>300</height>
						<aspectratio>scale</aspectratio>
						<bordersize>0,0,13,17</bordersize>
						<texture fallback="DefaultAddonMusic.png">$INFO[Container(100).ListItem.Icon]</texture>
						<bordertexture border="14,18,14,18">dialogs/shadow.png</bordertexture>
					</control>
					<control type="textbox">
						<left>20</left>
						<top>400</top>
						<width>320</width>
						<height>200</height>
						<align>left</align>
						<font>Light30Spaced</font>
						<autoscroll>false</autoscroll>
						<textcolor>ffbbbbbb</textcolor>
						<label>$INFO[Container(100).ListItem.Artist,[COLOR ffffffff][B]$LOCALIZE[557]:[/B][/COLOR] ,[CR]]$INFO[Container(100).ListItem.Album,[COLOR ffffffff][B]$LOCALIZE[558]:[/B] [/COLOR]]</label>
					</control>
				</control>
				<!-- Middle grouplist -->
				<control type="grouplist" id="9000">
					<left>24</left>
					<bottom>8</bottom>
					<width>360</width>
					<height>248</height>
					<onleft>50</onleft>
					<onright>100</onright>
					<onup>noop</onup>
					<ondown>noop</ondown>
					<itemgap>10</itemgap>
					<align>right</align>
					<orientation>vertical</orientation>
					<!-- Open Button -->
					<control type="button" id="6">
						<width>311</width>
						<height>76</height>
						<aligny>top</aligny>
						<font>Med24</font>
						<textoffsetx>23</textoffsetx>
						<textoffsety>27</textoffsety>
						<label>31009</label>
					</control>
					<!-- Save Button -->
					<control type="button" id="7">
						<width>311</width>
						<height>76</height>
						<aligny>top</aligny>
						<font>Med24</font>
						<textoffsetx>23</textoffsetx>
						<textoffsety>27</textoffsety>
						<label>31010</label>
					</control>
					<!-- Clear Button -->
					<control type="button" id="8">
						<width>311</width>
						<height>76</height>
						<aligny>top</aligny>
						<font>Med24</font>
						<textoffsetx>23</textoffsetx>
						<textoffsety>27</textoffsety>
						<label>31011</label>
					</control>
				</control>
			</control>
			<!-- Right group -->
			<control type="group">
				<left>1155</left>
				<top>174</top>
				<width>675</width>
				<height>816</height>
				<control type="image">
					<width>675</width>
					<height>816</height>
					<texture border="1,61,1,1">dialogs/file_manager_back.png</texture>
				</control>
				<!-- Heading label -->
				<control type="label">
					<left>40</left>
					<top>14</top>
					<height>30</height>
					<width>605</width>
					<aligny>center</aligny>
					<font>Bold30</font>
					<label>31012</label>
					<textcolor>ffdadada</textcolor>
				</control>
				<control type="label">
					<left>495</left>
					<top>13</top>
					<width>140</width>
					<height>30</height>
					<font>Light30Spaced</font>
					<align>right</align>
					<textcolor>ff636364</textcolor>
					<label>[COLOR ffb2b2b2]$INFO[Container(100).CurrentItem][/COLOR] | $INFO[Container(100).NumItems]</label>
				</control>
				<!-- Right list -->
				<control id="100" type="fixedlist">
					<top>60</top>
					<width>675</width>
					<height>756</height>
					<onleft>9000</onleft>
					<onright>noop</onright>
					<onup>100</onup>
					<ondown>100</ondown>
					<movement>4</movement>
					<scrolltime>0</scrolltime>
					<focusposition>4</focusposition>
					<orientation>vertical</orientation>
					<animation condition="StringCompare(Container(100).NumItems,0) | StringCompare(Container(100).NumItems,1) | [StringCompare(Container(100).NumItems,2) + [!StringCompare(Container(100).ListItem.Label,..) + !StringCompare(Container(100).ListItem(1).Label,..) + !StringCompare(Container(100).ListItem(2).Label,..)]]" effect="slide" end="0,-336">Conditional</animation>
					<animation condition="[StringCompare(Container(100).NumItems,2) + [StringCompare(Container(100).ListItem.Label,..) | StringCompare(Container(100).ListItem(1).Label,..) | StringCompare(Container(100).ListItem(2).Label,..)]] | StringCompare(Container(100).NumItems,3) | [StringCompare(Container(100).NumItems,4) + [!StringCompare(Container(100).ListItem.Label,..) + !StringCompare(Container(100).ListItem(1).Label,..) + !StringCompare(Container(100).ListItem(2).Label,..) + !StringCompare(Container(100).ListItem(3).Label,..) + !StringCompare(Container(100).ListItem(4).Label,..)]]" effect="slide" end="0,-252">Conditional</animation>
					<animation condition="[StringCompare(Container(100).NumItems,4) + [StringCompare(Container(100).ListItem.Label,..) | StringCompare(Container(100).ListItem(1).Label,..) | StringCompare(Container(100).ListItem(2).Label,..) | StringCompare(Container(100).ListItem(3).Label,..) | StringCompare(Container(100).ListItem(4).Label,..)]] | [StringCompare(Container(100).NumItems,5) + [StringCompare(Container(100).ListItem.Label,..) | StringCompare(Container(100).ListItem(1).Label,..) | StringCompare(Container(100).ListItem(2).Label,..) | StringCompare(Container(100).ListItem(3).Label,..) | StringCompare(Container(100).ListItem(4).Label,..) | StringCompare(Container(100).ListItem(5).Label,..)]] | StringCompare(Container(100).NumItems,5) | StringCompare(Container(100).NumItems,6)" effect="slide" end="0,-168">Conditional</animation>
					<animation condition="[StringCompare(Container(100).NumItems,6) + [StringCompare(Container(100).ListItem.Label,..) | StringCompare(Container(100).ListItem(1).Label,..) | StringCompare(Container(100).ListItem(2).Label,..) | StringCompare(Container(100).ListItem(3).Label,..) | StringCompare(Container(100).ListItem(4).Label,..) | StringCompare(Container(100).ListItem(5).Label,..) | StringCompare(Container(100).ListItem(6).Label,..)]] | StringCompare(Container(100).NumItems,7) | [StringCompare(Container(100).NumItems,7) + [StringCompare(Container(100).ListItem.Label,..) | StringCompare(Container(100).ListItem(1).Label,..) | StringCompare(Container(100).ListItem(2).Label,..) | StringCompare(Container(100).ListItem(3).Label,..) | StringCompare(Container(100).ListItem(4).Label,..) | StringCompare(Container(100).ListItem(5).Label,..) | StringCompare(Container(100).ListItem(6).Label,..) | StringCompare(Container(100).ListItem(7).Label,..)]] | StringCompare(Container(100).NumItems,8)" effect="slide" end="0,-84">Conditional</animation>
					<itemlayout height="84" width="675">
						<control type="image">
							<width>675</width>
							<height>84</height>
							<texture border="3">settings/button_no_focus.png</texture>
						</control>
						<control type="label">
							<left>40</left>
							<width>595</width>
							<height>84</height>
							<font>Light32</font>
							<textcolor>ff505153</textcolor>
							<label>$INFO[ListItem.Label]  </label>
						</control>
						<control type="label">
							<right>40</right>
							<width>595</width>
							<height>84</height>
							<align>right</align>
							<font>Light32</font>
							<textcolor>ff717171</textcolor>
							<label>$INFO[ListItem.Label2]</label>
						</control>
					</itemlayout>
					<focusedlayout height="84" width="675">
						<control type="image">
							<width>675</width>
							<height>84</height>
							<texture border="3">settings/button_focus.png</texture>
						</control>
						<control type="group">
							<visible>Control.HasFocus(100)</visible>
							<control type="label">
								<left>40</left>
								<width>595</width>
								<height>84</height>
								<font>Light32</font>
								<textcolor>ffffaf37</textcolor>
								<label>$INFO[ListItem.Label]  </label>
							</control>
							<control type="label">
								<right>40</right>
								<width>595</width>
								<height>84</height>
								<align>right</align>
								<font>Light32</font>
								<textcolor>ffdadada</textcolor>
								<label>$INFO[ListItem.Label2]</label>
							</control>
						</control>
						<control type="group">
							<visible>!Control.HasFocus(100)</visible>
							<control type="label">
								<left>40</left>
								<width>595</width>
								<height>84</height>
								<font>Light32</font>
								<textcolor>ffffffff</textcolor>
								<label>$INFO[ListItem.Label]  </label>
							</control>
							<control type="label">
								<right>40</right>
								<width>595</width>
								<height>84</height>
								<align>right</align>
								<font>Light32</font>
								<textcolor>ffdadada</textcolor>
								<label>$INFO[ListItem.Label2]</label>
							</control>
						</control>
					</focusedlayout>
				</control>
				<control type="image">
					<top>60</top>
					<width>675</width>
					<height>84</height>
					<visible>Container(100).HasPrevious</visible>
					<texture border="2" diffuse="settings/mask.png" flipy="true">settings/mask_back.png</texture>
				</control>
				<control type="image">
					<top>732</top>
					<width>675</width>
					<height>84</height>
					<visible>Container(100).HasNext</visible>
					<texture border="2" diffuse="settings/mask.png">settings/mask_back.png</texture>
				</control>
			</control>
		</control>
	</controls>
</window>