<?xml version="1.0" encoding="UTF-8"?>

<window>

	<defaultcontrol always="true">20</defaultcontrol>
	<allowoverlay>no</allowoverlay>
		
	<controls>
		
		<!--all content-->
		<control type="group">
			<left>-355</left>
			<visible>!Window.IsActive(PVRGroupManager)</visible>
			<animation effect="slide" start="1650,0" end="0,0" time="400" tween="quadratic" easing="out">WindowOpen</animation>
			<animation effect="slide" start="0,0" end="1650,0" time="400" tween="quadratic" easing="out">WindowClose</animation>
			
			<animation effect="slide" start="-1700,0" end="0,0" time="400" tween="quadratic" easing="out">Visible</animation>
			<animation effect="slide" start="0,0" end="-1700,0" time="400" tween="quadratic" easing="out">Hidden</animation>
			
			<animation effect="slide" start="0,0" end="-35,0" time="300" condition="Window.IsActive(ShutdownMenu)">Conditional</animation>

			<!--title bars and backgrounds-->
			<control type="group">
			
				<!--background-->
				<control type="image">
					<left>715</left>
					<top>0</top>
					<width>1210</width>
					<height>1080</height>
					<texture colordiffuse="tertiary">backgrounds/white.png</texture>
				</control>
				
				<!-- left shadow-->
				<control type="image">
					<left>685</left>
					<top>0</top>
					<width>30</width>
					<height>1080</height>
					<texture flipx="true">sidebarshadow.png</texture>
				</control>
				
				<!--right shadow-->
				<control type="image">
					<left>1925</left>
					<top>0</top>
					<width>30</width>
					<height>1080</height>
					<texture>sidebarshadow.png</texture>
				</control>
					
				<!--title background-->
				<control type="image">
					<left>715</left>
					<top>0</top>
					<width>1210</width>
					<height>110</height>
					<texture background="true" colordiffuse="$VAR[Colour.500]">backgrounds/white.png</texture>
				</control>
				
				<!--buttons bg-->
				<control type="image">
					<left>1035</left>
					<top>1010</top>
					<width>890</width>
					<height>70</height>
					<texture colordiffuse="primary">backgrounds/white.png</texture>
				</control>
		
				<!--buttons shadow-->
				<control type="image">
					<left>1035</left>
					<top>1010</top>
					<width>890</width>
					<height>10</height>
					<texture>homeshadow.png</texture>
					<animation effect="fade" start="100" end="75" time="0" condition="true">Conditional</animation>
				</control>
				
				<!--side bar-->
				<control type="image">
					<left>715</left>
					<top>110</top>
					<width>320</width>
					<height>970</height>
					<texture background="true" colordiffuse="$VAR[Colour.900]">backgrounds/white.png</texture>
				</control>
			
				<!--side bar shadow-->
				<control type="image">
					<left>1035</left>
					<top>110</top>
					<width>20</width>
					<height>970</height>
					<texture>sidebarshadow.png</texture>
					<animation effect="fade" start="100" end="75" time="0" condition="true">Conditional</animation>
				</control>
				
				<!--title shadow-->
				<control type="image">
					<left>715</left>
					<top>110</top>
					<width>1210</width>
					<height>20</height>
					<texture>homeshadow.png</texture>
					<animation effect="fade" start="100" end="75" time="0" condition="true">Conditional</animation>
				</control>

				<!--close window button-->
				<control type="button">
					<left>720</left>
					<top>0</top>
					<width>50</width>
					<height>25</height>
					<label>-</label>
					<font>-</font>
					<onclick>PreviousMenu</onclick>
					<texturefocus>DialogCloseButton-focus.png</texturefocus>
					<texturenofocus>DialogCloseButton.png</texturenofocus>
					<onleft>3</onleft>
					<onright>3</onright>
					<onup>3</onup>
					<ondown>3</ondown>
					<visible>system.getbool(input.enablemouse)</visible>
				</control>
				
			</control>
			
			<!--main content-->
			<control type="group">
				<left>170</left>
				<top>0</top>
				
				<!--tv title-->
				<control type="label">
					<left>590</left>
					<top>25</top>
					<width>1545</width>
					<height>60</height>
					<font>info.title</font>
					<align>left</align>
					<aligny>center</aligny>
					<textcolor>white</textcolor>
					<label>$LOCALIZE[19199] - $LOCALIZE[19023]</label>
					<visible>IsEmpty(Window.Property(IsRadio))</visible>
				</control>
				
				<!--radio title-->
				<control type="label">
					<left>590</left>
					<top>25</top>
					<width>1545</width>
					<height>60</height>
					<font>info.title</font>
					<align>left</align>
					<aligny>center</aligny>
					<textcolor>white</textcolor>
					<label>$LOCALIZE[19199] - $LOCALIZE[19024]</label>
					<visible>!IsEmpty(Window.Property(IsRadio))</visible>
				</control>
				
				<!--scrollbar-->
				<control type="scrollbar" id="60">
					<visible>!Window.IsActive(SelectDialog)</visible>
					<left>533</left>
					<top>120</top>
					<height>840</height>
					<texturesliderbackground colordiffuse="scroll.secondary">backgrounds/white.png</texturesliderbackground>
					<texturesliderbar colordiffuse="secondary">backgrounds/white.png</texturesliderbar>
					<onleft>9002</onleft>
					<onright>20</onright>
				</control>
				
				<control type="list" id="20">
					<left>555</left>
					<top>120</top>
					<width>330</width>
					<height>845</height>
					<onup>20</onup>
					<ondown>20</ondown>
					<onleft>60</onleft>
					<onright>9002</onright>
					<pagecontrol>60</pagecontrol>
					<scrolltime>200</scrolltime>
					
					<itemlayout height="65" width="330">
					
						<control type="label">
							<left>15</left>
							<top>0</top>
							<width>270</width>
							<height>60</height>
							<font>button</font>
							<align>left</align>
							<aligny>center</aligny>
							<textcolor>white</textcolor>
							<selectedcolor>selected</selectedcolor>
							<label>$INFO[ListItem.Property(Number),(,) - ]$INFO[ListItem.Property(Name)]</label>
							<visible>ListItem.Property(ActiveChannel)</visible>
						</control>
						
						<control type="label">
							<left>15</left>
							<top>0</top>
							<width>270</width>
							<height>60</height>
							<font>button</font>
							<align>left</align>
							<aligny>center</aligny>
							<textcolor>grey3</textcolor>
							<selectedcolor>selected</selectedcolor>
							<label>$INFO[ListItem.Property(Number),(,) - ]$INFO[ListItem.Property(Name)]</label>
							<visible>!ListItem.Property(ActiveChannel)</visible>
						</control>
						
						<control type="image">
							<left>585</left>
							<top>15</top>
							<width>30</width>
							<height>30</height>
							<texture>OverlayWatched.png</texture>
							<visible>ListItem.Property(Changed)</visible>
						</control>
						
					</itemlayout>
					
					<focusedlayout height="65" width="330">
					
						<control type="image">
							<left>0</left>
							<top>0</top>
							<width>300</width>
							<height>60</height>
							<texture colordiffuse="white">backgrounds/white.png</texture>
							<animation effect="fade" start="100" end="50" time="0" condition="!Control.HasFocus(20)">conditional</animation>
						</control>

						<control type="label">
							<left>15</left>
							<top>0</top>
							<width>270</width>
							<height>60</height>
							<font>button</font>
							<align>left</align>
							<aligny>center</aligny>
							<textcolor>$VAR[Colour.900]</textcolor>
							<selectedcolor>selected</selectedcolor>
							<label>$INFO[ListItem.Property(Number),(,) - ]$INFO[ListItem.Property(Name)]</label>
							<visible>ListItem.Property(ActiveChannel)</visible>
						</control>
						
						<control type="label">
							<left>15</left>
							<top>0</top>
							<width>270</width>
							<height>60</height>
							<font>button</font>
							<align>left</align>
							<aligny>center</aligny>
							<textcolor>grey3</textcolor>
							<selectedcolor>selected</selectedcolor>
							<label>$INFO[ListItem.Property(Number),(,) - ]$INFO[ListItem.Property(Name)]</label>
							<visible>!ListItem.Property(ActiveChannel)</visible>
						</control>
						
						<control type="image">
							<left>585</left>
							<top>15</top>
							<width>30</width>
							<height>30</height>
							<texture>OverlayWatched.png</texture>
							<visible>ListItem.Property(Changed)</visible>
						</control>
						
					</focusedlayout>
					
				</control>
			
				<control type="group" id="9002">
						
					<control type="image">
						<left>555</left>
						<top>970</top>
						<width>300</width>
						<height>100</height>
						<aspectratio>keep</aspectratio>
						<texture background="true">$INFO[Container(20).ListItem.Icon]</texture>
					</control>
					
					<control type="label">
						<left>875</left>
						<top>970</top>
						<width>870</width>
						<height>45</height>
						<align>right</align>
						<aligny>center</aligny>
						<font>secondary.info.small</font>
						<label>$LOCALIZE[19210]: $INFO[ListItem.Property(ClientName)]</label>
					</control>
					
					<control type="grouplist">
						<left>875</left>
						<top>120</top>
						<width>870</width>
						<height>845</height>
						<itemgap>5</itemgap>
						<onleft>20</onleft>
						<onright>20</onright>
						<onup>9000</onup>
						<ondown>9000</ondown>
						
						<control type="label">
							<description>channel options Header</description>
							<width>870</width>
							<height>60</height>
							<font>button.bold</font>
							<textcolor>$VAR[Colour.500]</textcolor>
							<textoffsetx>5</textoffsetx>
							<aligny>center</aligny>
							<label>$LOCALIZE[31511]</label>
						</control>
						
						<control type="radiobutton" id="7">
							<description>Channel activated</description>
							<width>870</width>
							<label>19074</label>
						</control>
						
						<control type="edit" id="8">
							<description>Channel name</description>
							<width>870</width>
							<label>19201</label>
						</control>
						
						<control type="group" id="390">
							<width>870</width>
							<height>60</height>
						
							<control type="button" id="9">
								<description>Channel logo Button</description>
								<left>0</left>
								<top>0</top>
								<width>870</width>
								<label>19202</label>
								<onleft>20</onleft>
								<onright>20</onright>
								<onup>8</onup>
								<ondown>12</ondown>
							</control>
							
							<control type="image" id="10">
								<description>Current Channel Icon</description>
								<left>815</left>
								<top>7</top>
								<width>45</width>
								<height>45</height>
								<aspectratio>keep</aspectratio>
								<info>ListItem.Property(Icon)</info>
							</control>
							
						</control>
						
						<control type="radiobutton" id="12">
							<description>EPG activated</description>
							<width>870</width>
							<label>19206</label>
						</control>
						
						<control type="spincontrolex" id="13">
							<description>EPG source</description>
							<width>870</width>
							<label>19200</label>
						</control>
						
						<control type="radiobutton" id="14">
							<description>Parental locked</description>
							<width>870</width>
							<label>19267</label>
						</control>
						
						<control type="label" id="15">
							<description>channel options Header</description>
							<width>870</width>
							<height>60</height>
							<font>button.bold</font>
							<textcolor>$VAR[Colour.500]</textcolor>
							<textoffsetx>5</textoffsetx>
							<aligny>center</aligny>
							<label>$LOCALIZE[31026]</label>
						</control>
						
						<control type="button" id="30">
							<description>Group Manager Button</description>
							<width>870</width>
							<label>19205</label>
						</control>
						
						<control type="group" id="391">
							<width>870</width>
							<height>60</height>
						
							<control type="button" id="34">
								<description>TV/Radio Button</description>
								<width>870</width>
								<visible>IsEmpty(Window.Property(IsRadio))</visible>
								<label>19024</label>
								<onup>30</onup>
								<ondown>31</ondown>
							</control>
							
							<control type="button" id="34">
								<description>TV/Radio Button</description>
								<width>870</width>
								<visible>!IsEmpty(Window.Property(IsRadio))</visible>
								<label>19023</label>
								<onup>30</onup>
								<ondown>31</ondown>
							</control>
							
						</control>
						
						<control type="button" id="31">
							<description>Edit channel Button</description>
							<width>870</width>
							<label>19203</label>
						</control>
						
						<control type="button" id="32">
							<description>Delete channel Button</description>
							<width>870</width>
							<label>19211</label>
						</control>
						
						<control type="button" id="33">
							<description>New channel Button</description>
							<width>870</width>
							<label>19204</label>
						</control>
						
					</control>
					
				</control>
				
				<!--bottom bar-->
				<control type="group" id="9000">
					<left>1000</left>
					<top>1015</top>
					
					<!--<control type="label">
						<description>Page Count Label</description>
						<left>760</left>
						<top>0</top>
						<width>320</width>
						<height>60</height>
						<font>kai.secondary</font>
						<scroll>false</scroll>
						<align>center</align>
						<aligny>center</aligny>
						<label>([COLOR=$VAR[Colour.500]]$INFO[Container(20).NumItems][/COLOR]) $LOCALIZE[19019] - $LOCALIZE[31024] ([COLOR=$VAR[Colour.500]]$INFO[Container(20).CurrentPage]/$INFO[Container(20).NumPages][/COLOR])</label>
						<wrapmultiline>true</wrapmultiline>
					</control>-->

					<!--ok circle border-->
					<control type="image">
						<left>1</left>
						<top>0</top>
						<width>60</width>
						<height>60</height>
						<texture colordiffuse="text.primary">buttoncircleborder.png</texture>
						<visible>Control.HasFocus(4)</visible>
					</control>
					
					<!--ok circle animation-->
					<control type="image">
						<left>0</left>
						<top>-1</top>
						<width>62</width>
						<height>62</height>
						<texture colordiffuse="$VAR[Colour.500]">buttoncircle.png</texture>
						<visible>Control.HasFocus(4)</visible>
						<animation effect="zoom" start="0" end="100" time="250" center="auto">Visible</animation>
					</control>
					
					<!--ok button-->
					<control type="button" id="4">
						<left>1</left>
						<top>0</top>
						<width>130</width>
						<height>60</height>
						<font>button</font>
						<align>left</align>
						<textoffsetx>60</textoffsetx>
						<textwidth>130</textwidth>
						<textcolor>text.primary</textcolor>
						<focusedcolor>text.primary</focusedcolor>
						<align>center</align>
						<texturefocus colordiffuse="white">yesbuttonf.png</texturefocus>
						<texturenofocus colordiffuse="text.primary">yesbutton.png</texturenofocus>	
						<label>186</label>
						<onleft>6</onleft>
						<onright>5</onright>
						<onup>33</onup>
						<ondown>7</ondown>
					</control>
					
					<!--apply circle border-->
					<control type="image">
						<left>150</left>
						<top>0</top>
						<width>60</width>
						<height>60</height>
						<texture colordiffuse="text.primary">buttoncircleborder.png</texture>
						<visible>Control.HasFocus(5)</visible>
					</control>
					
					<!--apply circle animation-->
					<control type="image">
						<left>149</left>
						<top>-1</top>
						<width>62</width>
						<height>62</height>
						<texture colordiffuse="$VAR[Colour.500]">buttoncircle.png</texture>
						<visible>Control.HasFocus(5)</visible>
						<animation effect="zoom" start="0" end="100" time="250" center="auto">Visible</animation>
					</control>
					
					<!--apply button-->
					<control type="button" id="5">
						<left>150</left>
						<top>0</top>
						<width>195</width>
						<height>60</height>
						<font>button</font>
						<align>left</align>
						<textoffsetx>60</textoffsetx>
						<textwidth>220</textwidth>
						<textcolor>text.primary</textcolor>
						<focusedcolor>text.primary</focusedcolor>
						<align>center</align>
						<texturefocus colordiffuse="white">refreshbuttonf.png</texturefocus>
						<texturenofocus colordiffuse="text.primary">refreshbutton.png</texturenofocus>	
						<label>14070</label>
						<onleft>4</onleft>
						<onright>6</onright>
						<onup>33</onup>
						<ondown>7</ondown>
					</control>
					
					<!--cancel circle border-->
					<control type="image">
						<left>440</left>
						<top>0</top>
						<width>60</width>
						<height>60</height>
						<texture colordiffuse="text.primary">buttoncircleborder.png</texture>
						<visible>Control.HasFocus(6)</visible>
					</control>
					
					<!--cancel circle animation-->
					<control type="image">
						<left>439</left>
						<top>-1</top>
						<width>62</width>
						<height>62</height>
						<texture colordiffuse="$VAR[Colour.500]">buttoncircle.png</texture>
						<visible>Control.HasFocus(6)</visible>
						<animation effect="zoom" start="0" end="100" time="250" center="auto">Visible</animation>
					</control>
					
					<!--cancel button-->
					<control type="button" id="6">
						<left>440</left>
						<top>0</top>
						<width>130</width>
						<height>60</height>
						<font>button</font>
						<align>left</align>
						<textoffsetx>60</textoffsetx>
						<textwidth>130</textwidth>
						<textcolor>text.primary</textcolor>
						<focusedcolor>text.primary</focusedcolor>
						<align>center</align>
						<texturefocus colordiffuse="white">nobuttonf.png</texturefocus>
						<texturenofocus colordiffuse="text.primary">nobutton.png</texturenofocus>	
						<label>222</label>
						<onleft>5</onleft>
						<onright>4</onright>
						<onup>33</onup>
						<ondown>7</ondown>
					</control>
										
				</control>
				
			</control>
			
		</control>
		
	</controls>
	
</window>