<?xml version="1.0" encoding="UTF-8"?>

<window type="dialog" id="1100">

	<defaultcontrol always="true">100</defaultcontrol>
	<allowoverlay>yes</allowoverlay>

	<controls>
			
		<!--all content-->
		<control type="group">
			<left>-265</left>
			<visible>!Window.IsActive(ShutdownMenu)</visible>
			<animation effect="slide" start="1650,0" end="0,0" time="400" tween="quadratic" easing="out">WindowOpen</animation>
			<animation effect="slide" start="0,0" end="-1650,0" time="400" tween="quadratic" easing="out">WindowClose</animation>
			
			<animation effect="slide" start="-1650,0" end="0,0" time="400" tween="quadratic" easing="out">Visible</animation>
			<animation effect="slide" start="0,0" end="-1650,0" time="400" tween="quadratic" easing="out">Hidden</animation>
		
			<!--background-->
			<control type="image">
				<left>535</left>
				<top>0</top>
				<width>1390</width>
				<height>1080</height>
				<texture colordiffuse="tertiary">backgrounds/white.png</texture>
			</control>
			
			<!-- left shadow-->
			<control type="image">
				<left>505</left>
				<top>0</top>
				<width>30</width>
				<height>1080</height>
				<texture flipx="true">sidebarshadow.png</texture>
			</control>
			
			<!--right shadow-->
			<control type="image">
				<left>1925</left>
				<top>0</top>
				<width>30</width>
				<height>1080</height>
				<texture>sidebarshadow.png</texture>
			</control>
				
			<!--title background-->
			<control type="image">
				<left>535</left>
				<top>0</top>
				<width>1390</width>
				<height>110</height>
				<texture background="true" colordiffuse="$VAR[Colour.500]">backgrounds/white.png</texture>
			</control>
		
			<!--title shadow-->
			<control type="image">
				<left>535</left>
				<top>110</top>
				<width>1390</width>
				<height>10</height>
				<texture>homeshadow.png</texture>
				<animation effect="fade" start="100" end="75" time="0" condition="true">Conditional</animation>
			</control>
			
			<!--close window button-->
			<control type="button">
				<left>540</left>
				<top>0</top>
				<width>50</width>
				<height>25</height>
				<label>-</label>
				<font>-</font>
				<onclick>PreviousMenu</onclick>
				<texturefocus>DialogCloseButton-focus.png</texturefocus>
				<texturenofocus>DialogCloseButton.png</texturenofocus>
				<onleft>2</onleft>
				<onright>13</onright>
				<onup>13</onup>
				<ondown>2</ondown>
				<visible>system.getbool(input.enablemouse)</visible>
			</control>
					
			<!--header-->
			<control type="label">
				<left>580</left>
				<top>25</top>
				<width>1545</width>
				<height>60</height>
				<font>info.title</font>
				<align>left</align>
				<aligny>center</aligny>
				<textcolor>white</textcolor>
				<label>Colour Picker</label>
			</control>
		
			<!--scrollbar-->
			<control type="scrollbar" id="61">
				<left>580</left>
				<top>985</top>
				<width>1305</width>
				<height>7</height>
				<onup>100</onup>
				<ondown>10</ondown>
				<orientation>horizontal</orientation>
				<texturesliderbackground colordiffuse="scroll.secondary">backgrounds/white.png</texturesliderbackground>
				<texturesliderbar colordiffuse="secondary">backgrounds/white.png</texturesliderbar>
			</control>
			
			<control type="group"> <!--content-->

				<control type="panel" id="100"> <!--colours-->
					<left>575</left>
					<top>150</top>
					<width>1350</width>
					<height>900</height>
					<onup>100</onup>
					<ondown>61</ondown>
					<onleft>100</onleft>
					<onright>100</onright>
					<orientation>horizontal</orientation>
					<scrolltime>200</scrolltime>
					<preloaditems>4</preloaditems>
					<pagecontrol>61</pagecontrol>

					<itemlayout height="410" width="325">

						<!--theme image-->
						<control type="image">
							<left>5</left>
							<top>5</top>
							<width>315</width>
							<height>400</height>
							<texture background="true">$INFO[ListItem.Thumb]</texture>
						</control>
					
						<!--label-->
						<control type="label">
							<left>20</left>
							<top>100</top>
							<font>menu.title</font>
							<textcolor>white</textcolor>
							<label>$INFO[ListItem.Label]</label>
						</control>

					</itemlayout>

					<focusedlayout height="410" width="325">

						<!--theme image-->
						<control type="image">
							<left>0</left>
							<width>325</width>
							<height>410</height>
							<texture background="true">$INFO[ListItem.Thumb]</texture>
							<bordertexture colordiffuse="text.primary">backgrounds/white.png</bordertexture>
							<bordersize>5</bordersize>
						</control>
					
						<!--label-->
						<control type="label">
							<left>20</left>
							<top>100</top>
							<font>menu.title</font>
							<textcolor>white</textcolor>
							<label>$INFO[ListItem.Label]</label>
						</control>

					</focusedlayout>

					<content>

						<item id="1"> <!--Red-->
							<label>Red</label>
							<onclick>Skin.SetString(Colour.Theme,Red)</onclick>
							<thumb>colours/Red.png</thumb>
						</item>

						<item id="2"> <!--Pink-->
							<label>Pink</label>
							<onclick>Skin.SetString(Colour.Theme,Pink)</onclick>
							<thumb>colours/Pink.png</thumb>
						</item>

						<item id="3"> <!--Purple-->
							<label>Purple</label>
							<onclick>Skin.SetString(Colour.Theme,Purple)</onclick>
							<thumb>colours/Purple.png</thumb>
						</item>

						<item id="4"> <!--Deep Purple-->
							<label>Deep Purple</label>
							<onclick>Skin.SetString(Colour.Theme,Deep Purple)</onclick>
							<thumb>colours/Deep Purple.png</thumb>
						</item>

						<item id="5"> <!--Indigo-->
							<label>Indigo</label>
							<onclick>Skin.SetString(Colour.Theme,Indigo)</onclick>
							<thumb>colours/Indigo.png</thumb>
						</item>

						<item id="6"> <!--Blue-->
							<label>Blue</label>
							<onclick>Skin.SetString(Colour.Theme,Blue)</onclick>
							<thumb>colours/Blue.png</thumb>
						</item>

						<item id="7"> <!--Light Blue-->
							<label>Light Blue</label>
							<onclick>Skin.SetString(Colour.Theme,Light Blue)</onclick>
							<thumb>colours/Light Blue.png</thumb>
						</item>

						<item id="8"> <!--Cyan-->
							<label>Cyan</label>
							<onclick>Skin.SetString(Colour.Theme,Cyan)</onclick>
							<thumb>colours/Cyan.png</thumb>
						</item>

						<item id="9"> <!--Teal-->
							<label>Teal</label>
							<onclick>Skin.SetString(Colour.Theme,Teal)</onclick>
							<thumb>colours/Teal.png</thumb>
						</item>

						<item id="10"> <!--Green-->
							<label>Green</label>
							<onclick>Skin.SetString(Colour.Theme,Green)</onclick>
							<thumb>colours/Green.png</thumb>
						</item>

						<item id="11"> <!--Light Green-->
							<label>Light Green</label>
							<onclick>Skin.SetString(Colour.Theme,Light Green)</onclick>
							<thumb>colours/Light Green.png</thumb>
						</item>

						<item id="12"> <!--Lime-->
							<label>Lime</label>
							<onclick>Skin.SetString(Colour.Theme,Lime)</onclick>
							<thumb>colours/Lime.png</thumb>
						</item>

						<item id="13"> <!--Yellow-->
							<label>Yellow</label>
							<onclick>Skin.SetString(Colour.Theme,Yellow)</onclick>
							<thumb>colours/Yellow.png</thumb>
						</item>

						<item id="14"> <!--Amber-->
							<label>Amber</label>
							<onclick>Skin.SetString(Colour.Theme,Amber)</onclick>
							<thumb>colours/Amber.png</thumb>
						</item>

						<item id="15"> <!--Orange-->
							<label>Orange</label>
							<onclick>Skin.SetString(Colour.Theme,Orange)</onclick>
							<thumb>colours/Orange.png</thumb>
						</item>

						<item id="16"> <!--Deep Orange-->
							<label>Deep Orange</label>
							<onclick>Skin.SetString(Colour.Theme,Deep Orange)</onclick>
							<thumb>colours/Deep Orange.png</thumb>
						</item>

						<item id="17"> <!--Brown-->
							<label>Brown</label>
							<onclick>Skin.SetString(Colour.Theme,Brown)</onclick>
							<thumb>colours/Brown.png</thumb>
						</item>

						<item id="18"> <!--Blue Grey-->
							<label>Blue Grey</label>
							<onclick>Skin.SetString(Colour.Theme,Blue Grey)</onclick>
							<thumb>colours/Blue Grey.png</thumb>
						</item>

						<item id="19"> <!--Grey-->
							<label>Grey</label>
							<onclick>Skin.SetString(Colour.Theme,Grey)</onclick>
							<thumb>colours/Grey.png</thumb>
						</item>

					</content>

				</control>
			
				<!--buttons-->
				<control type="group">
					<top>355</top>
			
					<!--buttons bg-->
					<control type="image">
						<left>535</left>
						<top>655</top>
						<width>1390</width>
						<height>70</height>
						<texture colordiffuse="primary">backgrounds/white.png</texture>
					</control>
					
					<!--buttons shadow-->
					<control type="image">
						<left>535</left>
						<top>655</top>
						<width>1390</width>
						<height>10</height>
						<texture>homeshadow.png</texture>
						<animation effect="fade" start="100" end="75" time="0" condition="true">Conditional</animation>
					</control>
				
					<!--ok circle border-->
					<control type="image">
						<left>1730</left>
						<top>660</top>
						<width>60</width>
						<height>60</height>
						<texture colordiffuse="text.primary">buttoncircleborder.png</texture>
						<visible>Control.HasFocus(10)</visible>
					</control>
				
					<!--ok circle animation-->
					<control type="image">
						<left>1729</left>
						<top>659</top>
						<width>62</width>
						<height>62</height>
						<texture colordiffuse="$VAR[Colour.500]">buttoncircle.png</texture>
						<visible>Control.HasFocus(10)</visible>
						<animation effect="zoom" start="0" end="100" time="250" center="auto">Visible</animation>
					</control>
					
					<!--ok button-->
					<control type="button" id="10">
						<left>1730</left>
						<top>660</top>
						<width>180</width>
						<height>60</height>
						<label>186</label>
						<font>button</font>
						<align>left</align>
						<textoffsetx>60</textoffsetx>
						<textwidth>130</textwidth>
						<textcolor>text.primary</textcolor>
						<focusedcolor>text.primary</focusedcolor>
						<align>center</align>
						<onleft>10</onleft>
						<onright>10</onright>
						<onup>61</onup>
						<ondown>10</ondown>
						<onclick>Close</onclick>
						<texturefocus colordiffuse="white">okbuttonf.png</texturefocus>
						<texturenofocus colordiffuse="text.primary">okbutton.png</texturenofocus>			
					</control>
					
				</control>
			
			</control>
			
		</control>

	</controls>

</window>