<?xml version="1.0" encoding="UTF-8"?>
<window>
	<defaultcontrol always="true">10</defaultcontrol>
	<coordinates>
		<system>1</system>
		<left>278</left>
		<top>158</top>
	</coordinates>
	<include>dialogeffect</include>
	<controls>
		<control type="group">
			<include>VisibleFadeEffect</include>
			<visible>!Window.IsVisible(MusicInformation)</visible>
			<control type="image">
				<description>background image</description>
				<left>0</left>
				<top>0</top>
				<width>1365</width>
				<height>765</height>
				<texture border="40">DialogBack.png</texture>
			</control>
			<control type="image">
				<description>Dialog Header image</description>
				<left>60</left>
				<top>24</top>
				<width>1245</width>
				<height>60</height>
				<texture>dialogheader.png</texture>
			</control>
			<control type="label">
				<description>header label</description>
				<left>60</left>
				<top>30</top>
				<width>1245</width>
				<height>45</height>
				<font>font13_title</font>
				<label>$LOCALIZE[658]</label>
				<align>center</align>
				<aligny>center</aligny>
				<textcolor>selected</textcolor>
				<shadowcolor>black</shadowcolor>
			</control>
			<control type="button">
				<description>Close Window button</description>
				<left>1230</left>
				<top>21</top>
				<width>96</width>
				<height>48</height>
				<label>-</label>
				<font>-</font>
				<onclick>PreviousMenu</onclick>
				<texturefocus>DialogCloseButton-focus.png</texturefocus>
				<texturenofocus>DialogCloseButton.png</texturenofocus>
				<onleft>3</onleft>
				<onright>3</onright>
				<onup>3</onup>
				<ondown>3</ondown>
				<visible>system.getbool(input.enablemouse)</visible>
			</control>
			<control type="label">
				<description>Song Title value</description>
				<left>60</left>
				<top>90</top>
				<width>1245</width>
				<height>45</height>
				<align>center</align>
				<aligny>center</aligny>
				<font>font13</font>
				<label>[B]$INFO[ListItem.Title][/B]</label>
				<textcolor>white</textcolor>
				<scroll>true</scroll>
			</control>
			<control type="image">
				<left>60</left>
				<top>180</top>
				<width>300</width>
				<height>300</height>
				<aspectratio aligny="bottom">keep</aspectratio>
				<texture>$INFO[ListItem.Icon]</texture>
			</control>
			<control type="image">
				<left>60</left>
				<top>480</top>
				<width>300</width>
				<height>300</height>
				<aspectratio aligny="top">keep</aspectratio>
				<texture flipy="true" diffuse="diffuse_mirror2.png">$INFO[ListItem.Icon]</texture>
			</control>
			<control type="group">
				<left>375</left>
				<top>180</top>
				<control type="label">
					<description>Artist Title</description>
					<left>0</left>
					<top>0</top>
					<width>225</width>
					<height>38</height>
					<align>right</align>
					<aligny>center</aligny>
					<font>font13</font>
					<textcolor>blue</textcolor>
					<label>$LOCALIZE[557]:</label>
				</control>
				<control type="fadelabel">
					<description>Artist Value</description>
					<left>240</left>
					<top>0</top>
					<width>690</width>
					<height>38</height>
					<align>left</align>
					<aligny>center</aligny>
					<font>font13</font>
					<textcolor>white</textcolor>
					<label fallback="161">$INFO[ListItem.Artist]</label>
					<scrollout>false</scrollout>
					<pauseatend>2000</pauseatend>
				</control>
				<control type="label">
					<description>Album Title</description>
					<left>0</left>
					<top>45</top>
					<width>225</width>
					<height>38</height>
					<align>right</align>
					<aligny>center</aligny>
					<font>font13</font>
					<textcolor>blue</textcolor>
					<label>$LOCALIZE[558]:</label>
				</control>
				<control type="fadelabel">
					<description>Album Value</description>
					<left>240</left>
					<top>45</top>
					<width>690</width>
					<height>38</height>
					<align>left</align>
					<aligny>center</aligny>
					<font>font13</font>
					<textcolor>white</textcolor>
					<label fallback="161">$INFO[ListItem.Album]$INFO[listitem.discnumber, - $LOCALIZE[427] ]</label>
					<scrollout>false</scrollout>
					<pauseatend>2000</pauseatend>
				</control>
				<control type="label">
					<description>Genre Title</description>
					<left>0</left>
					<top>90</top>
					<width>225</width>
					<height>38</height>
					<align>right</align>
					<aligny>center</aligny>
					<font>font13</font>
					<textcolor>blue</textcolor>
					<label>$LOCALIZE[515]:</label>
					<scrollout>false</scrollout>
					<pauseatend>2000</pauseatend>
				</control>
				<control type="fadelabel">
					<description>Genre Value</description>
					<left>240</left>
					<top>90</top>
					<width>690</width>
					<height>38</height>
					<align>left</align>
					<aligny>center</aligny>
					<font>font13</font>
					<textcolor>white</textcolor>
					<label fallback="161">$INFO[ListItem.Genre]</label>
				</control>
				<control type="label">
					<description>Year Title</description>
					<left>0</left>
					<top>135</top>
					<width>225</width>
					<height>38</height>
					<align>right</align>
					<aligny>center</aligny>
					<font>font13</font>
					<textcolor>blue</textcolor>
					<label>$LOCALIZE[562]:</label>
				</control>
				<control type="fadelabel">
					<description>Year Value</description>
					<left>240</left>
					<top>135</top>
					<width>690</width>
					<height>38</height>
					<align>left</align>
					<aligny>center</aligny>
					<font>font13</font>
					<textcolor>white</textcolor>
					<label fallback="161">$INFO[ListItem.Year]</label>
				</control>
				<control type="label">
					<description>Track Number Title</description>
					<left>0</left>
					<top>180</top>
					<width>225</width>
					<height>38</height>
					<align>right</align>
					<aligny>center</aligny>
					<font>font13</font>
					<textcolor>blue</textcolor>
					<label>$LOCALIZE[554]:</label>
				</control>
				<control type="fadelabel">
					<description>Track Number Value</description>
					<left>240</left>
					<top>180</top>
					<width>690</width>
					<height>38</height>
					<align>left</align>
					<aligny>center</aligny>
					<font>font13</font>
					<textcolor>white</textcolor>
					<label fallback="161">$INFO[ListItem.TrackNumber]</label>
				</control>
				<control type="label">
					<description>Rating Title</description>
					<left>0</left>
					<top>225</top>
					<width>225</width>
					<height>38</height>
					<align>right</align>
					<aligny>center</aligny>
					<font>font13</font>
					<textcolor>blue</textcolor>
					<label>$LOCALIZE[563]:</label>
				</control>
				<control type="group">
					<left>240</left>
					<top>222</top>
					<control type="image">
						<description>Rating value</description>
						<left>0</left>
						<top>0</top>
						<width>225</width>
						<height>48</height>
						<aspectratio align="left">keep</aspectratio>
						<texture>LeftRating/$INFO[ListItem.StarRating]</texture>
					</control>
					<control type="button" id="14">
						<description>Decrease Rating</description>
						<left>240</left>
						<top>8</top>
						<width>50</width>
						<height>33</height>
						<onclick>DecreaseRating</onclick>
						<texturenofocus>scroll-down-2.png</texturenofocus>
						<texturefocus>scroll-down-focus-2.png</texturefocus>
						<onleft>15</onleft>
						<onright>15</onright>
						<ondown>9000</ondown>
						<onup>9000</onup>
					</control>
					<control type="button" id="15">
						<description>Increase Rating</description>
						<left>290</left>
						<top>8</top>
						<width>50</width>
						<height>33</height>
						<onclick>IncreaseRating</onclick>
						<texturenofocus>scroll-up-2.png</texturenofocus>
						<texturefocus>scroll-up-focus-2.png</texturefocus>
						<onleft>14</onleft>
						<onright>14</onright>
						<ondown>9000</ondown>
						<onup>9000</onup>
					</control>
				</control>
				<control type="label">
					<description>Comment Title</description>
					<left>0</left>
					<top>270</top>
					<width>225</width>
					<height>38</height>
					<align>right</align>
					<aligny>center</aligny>
					<font>font13</font>
					<textcolor>blue</textcolor>
					<label>$LOCALIZE[569]:</label>
				</control>
				<control type="textbox">
					<description>Comment value</description>
					<left>240</left>
					<top>266</top>
					<width>690</width>
					<height>210</height>
					<font>font13</font>
					<pagecontrol>-</pagecontrol>
					<label fallback="161">$INFO[ListItem.Comment]</label>
				</control>
			</control>
			<control type="group" id="9000">
				<left>60</left>
				<top>668</top>
				<control type="button" id="10">
					<description>Ok button</description>
					<left>0</left>
					<top>0</top>
					<width>300</width>
					<height>60</height>
					<label>186</label>
					<font>font12_title</font>
					<align>center</align>
					<onleft>13</onleft>
					<onright>11</onright>
					<onup>14</onup>
					<ondown>14</ondown>
				</control>
				<control type="button" id="11">
					<description>Cancel button</description>
					<left>315</left>
					<top>0</top>
					<width>300</width>
					<height>60</height>
					<label>222</label>
					<font>font12_title</font>
					<align>center</align>
					<onleft>10</onleft>
					<onright>12</onright>
					<onup>14</onup>
					<ondown>14</ondown>
				</control>
				<control type="button" id="12">
					<description>Album Info button</description>
					<left>630</left>
					<top>0</top>
					<width>300</width>
					<height>60</height>
					<label>10523</label>
					<font>font12_title</font>
					<align>center</align>
					<onleft>11</onleft>
					<onright>13</onright>
					<onup>14</onup>
					<ondown>14</ondown>
				</control>
				<control type="button" id="13">
					<description>Get Thumb button</description>
					<left>945</left>
					<top>0</top>
					<width>300</width>
					<height>60</height>
					<label>13405</label>
					<font>font12_title</font>
					<align>center</align>
					<onleft>12</onleft>
					<onright>10</onright>
					<onup>14</onup>
					<ondown>14</ondown>
				</control>
			</control>
		</control>
	</controls>
</window>