<?xml version="1.0" encoding="UTF-8"?>

<window>

	<defaultcontrol always="true">9</defaultcontrol>
	
	<controls>
		
		<!--all content-->
		<control type="group">
			<left>-360</left>
			<animation effect="slide" start="1650,0" end="0,0" time="400" tween="quadratic" easing="out">WindowOpen</animation>
			<animation effect="slide" start="0,0" end="1650,0" time="400" tween="quadratic" easing="out">WindowClose</animation>
			
			<animation effect="slide" start="0,0" end="-35,0" time="300" condition="Window.IsActive(ShutdownMenu)">Conditional</animation>

			<!--title bars and backgrounds-->
			<control type="group">
			
				<!--background-->
				<control type="image">
					<left>715</left>
					<top>0</top>
					<width>1210</width>
					<height>1080</height>
					<texture colordiffuse="tertiary">backgrounds/white.png</texture>
				</control>
				
				<!-- left shadow-->
				<control type="image">
					<left>685</left>
					<top>0</top>
					<width>30</width>
					<height>1080</height>
					<texture flipx="true">sidebarshadow.png</texture>
				</control>
				
				<!--right shadow-->
				<control type="image">
					<left>1925</left>
					<top>0</top>
					<width>30</width>
					<height>1080</height>
					<texture>sidebarshadow.png</texture>
				</control>
					
				<!--title background-->
				<control type="image">
					<left>715</left>
					<top>0</top>
					<width>1210</width>
					<height>110</height>
					<texture background="true" colordiffuse="$VAR[Colour.500]">backgrounds/white.png</texture>
				</control>
				
				<!--buttons bg-->
				<control type="image">
					<left>715</left>
					<top>1010</top>
					<width>1210</width>
					<height>70</height>
					<texture colordiffuse="primary">backgrounds/white.png</texture>
				</control>
		
				<!--buttons shadow-->
				<control type="image">
					<left>715</left>
					<top>1010</top>
					<width>1210</width>
					<height>10</height>
					<texture>homeshadow.png</texture>
					<animation effect="fade" start="100" end="75" time="0" condition="true">Conditional</animation>
				</control>
				
				<!--text entry bg-->
				<control type="image">
					<left>715</left>
					<top>110</top>
					<width>1210</width>
					<height>70</height>
					<texture colordiffuse="primary">backgrounds/white.png</texture>
				</control>

				<!--title shadow-->
				<control type="image">
					<left>715</left>
					<top>110</top>
					<width>1210</width>
					<height>20</height>
					<texture>homeshadow.png</texture>
					<animation effect="fade" start="100" end="75" time="0" condition="true">Conditional</animation>
				</control>

				<!--text entry shadow-->
				<control type="image">
					<left>715</left>
					<top>180</top>
					<width>1210</width>
					<height>10</height>
					<texture>homeshadow.png</texture>
					<animation effect="fade" start="100" end="75" time="0" condition="true">Conditional</animation>
				</control>

				<!--close window button-->
				<control type="button">
					<left>720</left>
					<top>0</top>
					<width>50</width>
					<height>25</height>
					<label>-</label>
					<font>-</font>
					<onclick>PreviousMenu</onclick>
					<texturefocus>DialogCloseButton-focus.png</texturefocus>
					<texturenofocus>DialogCloseButton.png</texturenofocus>
					<onleft>3</onleft>
					<onright>3</onright>
					<onup>3</onup>
					<ondown>3</ondown>
					<visible>system.getbool(input.enablemouse)</visible>
				</control>
				
			</control>
			
			<!--main content-->
			<control type="group">
				<left>170</left>
				<top>0</top>
				
				<!--title-->
				<control type="label">
					<left>590</left>
					<top>25</top>
					<width>1545</width>
					<height>60</height>
					<font>info.title</font>
					<align>left</align>
					<aligny>center</aligny>
					<textcolor>white</textcolor>
					<label>$LOCALIZE[19142]</label>
				</control>
				
				<control type="edit" id="9">
					<description>Search string</description>
					<left>560</left>
					<top>110</top>
					<width>1180</width>
					<height>70</height>
					<font>button.bold</font>
					<focusedcolor>text.primary</focusedcolor>
					<align>center</align>
					<aligny>center</aligny>
					<texturefocus>-</texturefocus>
					<texturenofocus>-</texturenofocus>
					<onleft>9</onleft>
					<onright>9</onright>
					<onup>26</onup>
					<ondown>10</ondown>
				</control>
				
				<control type="textbox">
					<description>Search help</description>
					<left>555</left>
					<top>190</top>
					<width>1190</width>
					<height>105</height>
					<align>left</align>
					<font>font12</font>
					<textcolor>grey2</textcolor>
					<label>$LOCALIZE[19001] $LOCALIZE[19002]</label>
				</control>
				
				<control type="group">
					<left>555</left>
					<top>315</top>
					
					<control type="radiobutton" id="10">
						<description>Include Description</description>
						<left>0</left>
						<top>0</top>
						<height>60</height>
						<width>580</width>
						<label>19134</label>
						<onleft>12</onleft>
						<onright>12</onright>
						<onup>9</onup>
						<ondown>11</ondown>
					</control>
					
					<control type="radiobutton" id="11">
						<description>Case Sensitive</description>
						<left>0</left>
						<top>65</top>
						<height>60</height>
						<width>580</width>
						<label>19135</label>
						<onleft>13</onleft>
						<onright>13</onright>
						<onup>10</onup>
						<ondown>14</ondown>
					</control>
					
					<control type="edit" id="14">
						<description>Start Date</description>
						<left>0</left>
						<top>130</top>
						<width>580</width>
						<height>60</height>
						<label>19128</label>
						<onright>16</onright>
						<onleft>16</onleft>
						<onup>11</onup>
						<ondown>15</ondown>
					</control>
					
					<control type="edit" id="15">
						<description>Stop Date</description>
						<left>0</left>
						<top>195</top>
						<width>580</width>
						<height>60</height>
						<label>19129</label>
						<onright>17</onright>
						<onleft>17</onleft>
						<onup>14</onup>
						<ondown>18</ondown>
					</control>
					
					<control type="spincontrolex" id="18">
						<description>Genre</description>
						<left>0</left>
						<top>260</top>
						<width>580</width>
						<height>60</height>
						<label>515</label>
						<onright>19</onright>
						<onleft>19</onleft>
						<onup>15</onup>
						<ondown>20</ondown>
					</control>
					
					<control type="radiobutton" id="20">
						<description>Include unknown Genres</description>
						<left>0</left>
						<top>325</top>
						<height>60</height>
						<width>580</width>
						<label>19132</label>
						<onleft>21</onleft>
						<onright>21</onright>
						<onup>18</onup>
						<ondown>22</ondown>
					</control>
					
					<control type="radiobutton" id="22">
						<description>FTA only</description>
						<left>0</left>
						<top>390</top>
						<height>60</height>
						<width>580</width>
						<label>19123</label>
						<onleft>23</onleft>
						<onright>23</onright>
						<onup>20</onup>
						<ondown>24</ondown>
					</control>
					
					<control type="radiobutton" id="24">
						<description>Ignore Timers</description>
						<left>0</left>
						<top>455</top>
						<height>60</height>
						<width>580</width>
						<label>19124</label>
						<onleft>27</onleft>
						<onright>27</onright>
						<onup>22</onup>
						<ondown>26</ondown>
					</control>
					
				</control>
				
				<control type="group">
					<left>1165</left>
					<top>315</top>
					
					<control type="spincontrolex" id="12">
						<description>Min Duration</description>
						<left>0</left>
						<top>0</top>
						<width>580</width>
						<height>60</height>
						<label>19130</label>
						<onright>10</onright>
						<onleft>10</onleft>
						<onup>9</onup>
						<ondown>13</ondown>
					</control>
					
					<control type="spincontrolex" id="13">
						<description>Max Duration</description>
						<left>0</left>
						<top>65</top>
						<width>580</width>
						<height>60</height>
						<label>19131</label>
						<onright>11</onright>
						<onleft>11</onleft>
						<onup>12</onup>
						<ondown>16</ondown>
					</control>
					
					<control type="edit" id="16">
						<description>Start time</description>
						<left>0</left>
						<top>130</top>
						<width>580</width>
						<height>60</height>
						<label>19126</label>
						<onright>14</onright>
						<onleft>14</onleft>
						<onup>13</onup>
						<ondown>17</ondown>
					</control>
					
					<control type="edit" id="17">
						<description>Stop time</description>
						<left>0</left>
						<top>195</top>
						<width>580</width>
						<height>60</height>
						<label>19127</label>
						<onright>15</onright>
						<onleft>15</onleft>
						<onup>16</onup>
						<ondown>19</ondown>
					</control>
					
					<control type="radiobutton" id="19">
						<description>avoid repeats</description>
						<left>0</left>
						<top>260</top>
						<width>580</width>
						<height>60</height>
						<label>19121</label>
						<onright>18</onright>
						<onleft>18</onleft>
						<onup>17</onup>
						<ondown>21</ondown>
					</control>
					
					<control type="spincontrolex" id="21">
						<description>Groups</description>
						<left>0</left>
						<top>325</top>
						<width>580</width>
						<height>60</height>
						<label>19141</label>
						<onright>20</onright>
						<onleft>20</onleft>
						<onup>19</onup>
						<ondown>23</ondown>
					</control>
					
					<control type="spincontrolex" id="23">
						<description>Channels</description>
						<left>0</left>
						<top>390</top>
						<width>580</width>
						<height>60</height>
						<label>19148</label>
						<onleft>22</onleft>
						<onright>22</onright>
						<onup>21</onup>
						<ondown>27</ondown>
					</control>
					
					<control type="radiobutton" id="27">
						<description>Ignore Recordings</description>
						<left>0</left>
						<top>455</top>
						<height>60</height>
						<width>580</width>
						<label>19125</label>
						<onleft>24</onleft>
						<onright>24</onright>
						<onup>23</onup>
						<ondown>26</ondown>
					</control>
					
				</control>
				
				<control type="group" id="9000">
					<top>1015</top>
					<left>765</left>
					
					<!--reset circle border-->
					<control type="image">
						<left>1</left>
						<top>0</top>
						<width>60</width>
						<height>60</height>
						<texture colordiffuse="text.primary">buttoncircleborder.png</texture>
						<visible>Control.HasFocus(28)</visible>
					</control>
					
					<!--reset circle animation-->
					<control type="image">
						<left>0</left>
						<top>-1</top>
						<width>62</width>
						<height>62</height>
						<texture colordiffuse="$VAR[Colour.500]">buttoncircle.png</texture>
						<visible>Control.HasFocus(28)</visible>
						<animation effect="zoom" start="0" end="100" time="250" center="auto">Visible</animation>
					</control>
					
					<!--reset button-->
					<control type="button" id="28">
						<left>1</left>
						<top>0</top>
						<width>195</width>
						<height>60</height>
						<font>button</font>
						<align>left</align>
						<textoffsetx>60</textoffsetx>
						<textwidth>220</textwidth>
						<textcolor>text.primary</textcolor>
						<focusedcolor>text.primary</focusedcolor>
						<align>center</align>
						<texturefocus colordiffuse="white">refreshbuttonf.png</texturefocus>
						<texturenofocus colordiffuse="text.primary">refreshbutton.png</texturenofocus>	
						<label>10035</label>
						<onleft>26</onleft>
						<onright>25</onright>
						<onup>24</onup>
						<ondown>9</ondown>
					</control>
					
					<!--cancel circle border-->
					<control type="image">
						<left>315</left>
						<top>0</top>
						<width>60</width>
						<height>60</height>
						<texture colordiffuse="text.primary">buttoncircleborder.png</texture>
						<visible>Control.HasFocus(25)</visible>
					</control>
					
					<!--cancel circle animation-->
					<control type="image">
						<left>314</left>
						<top>-1</top>
						<width>62</width>
						<height>62</height>
						<texture colordiffuse="$VAR[Colour.500]">buttoncircle.png</texture>
						<visible>Control.HasFocus(25)</visible>
						<animation effect="zoom" start="0" end="100" time="250" center="auto">Visible</animation>
					</control>
					
					<!--cancel button-->
					<control type="button" id="25">
						<left>315</left>
						<top>0</top>
						<width>130</width>
						<height>60</height>
						<font>button</font>
						<align>left</align>
						<textoffsetx>60</textoffsetx>
						<textwidth>130</textwidth>
						<textcolor>text.primary</textcolor>
						<focusedcolor>text.primary</focusedcolor>
						<align>center</align>
						<texturefocus colordiffuse="white">nobuttonf.png</texturefocus>
						<texturenofocus colordiffuse="text.primary">nobutton.png</texturenofocus>	
						<label>222</label>
						<onleft>28</onleft>
						<onright>26</onright>
						<onup>27</onup>
						<ondown>9</ondown>
					</control>
					
					<!--search circle border-->
					<control type="image">
						<left>630</left>
						<top>0</top>
						<width>60</width>
						<height>60</height>
						<texture colordiffuse="text.primary">buttoncircleborder.png</texture>
						<visible>Control.HasFocus(26)</visible>
					</control>
					
					<!--search circle animation-->
					<control type="image">
						<left>629</left>
						<top>-1</top>
						<width>62</width>
						<height>62</height>
						<texture colordiffuse="$VAR[Colour.500]">buttoncircle.png</texture>
						<visible>Control.HasFocus(26)</visible>
						<animation effect="zoom" start="0" end="100" time="250" center="auto">Visible</animation>
					</control>
					
					<!--search button-->
					<control type="button" id="26">
						<left>630</left>
						<top>0</top>
						<width>285</width>
						<height>60</height>
						<font>button</font>
						<align>left</align>
						<textoffsetx>60</textoffsetx>
						<textwidth>130</textwidth>
						<textcolor>text.primary</textcolor>
						<focusedcolor>text.primary</focusedcolor>
						<align>center</align>
						<texturefocus colordiffuse="white">browsebuttonf.png</texturefocus>
						<texturenofocus colordiffuse="text.primary">browsebutton.png</texturenofocus>	
						<label>137</label>
						<onleft>25</onleft>
						<onright>28</onright>
						<onup>27</onup>
						<ondown>9</ondown>
					</control>
					
				</control>
				
			</control>
			
		</control>
		
	</controls>
	
</window>