<?xml version="1.0" encoding="UTF-8"?>

<window>

	<defaultcontrol always="true">1</defaultcontrol>
	
	<animation type="WindowOpen">
		<effect type="slide" start="0,665" end="0,0" time="300" tween="quadratic" easing="out" />
	</animation>
	
	<animation type="WindowClose">
		<effect type="slide" start="0,0" end="0,-765" time="300" tween="quadratic" easing="out" />
	</animation>
	
	<controls>
		<!--all content-->
		<control type="group">
			<top>-10</top>
		
			<!--background-->
			<control type="image">
				<left>0</left>
				<top>415</top>
				<width>1920</width>
				<height>270</height>
				<texture colordiffuse="tertiary">backgrounds/white.png</texture>
			</control>
			
			<!--title bg-->
			<control type="image">
				<left>0</left>
				<top>415</top>
				<width>1920</width>
				<height>90</height>
				<texture colordiffuse="$VAR[Colour.500]">backgrounds/white.png</texture>
			</control>
			
			<!--title shadow-->
			<control type="image">
				<left>0</left>
				<top>505</top>
				<width>1920</width>
				<height>10</height>
				<texture>homeshadow.png</texture>
				<animation effect="fade" start="100" end="75" time="0" condition="true">Conditional</animation>
			</control>
			
			<!--top shadow-->
			<control type="image">
				<left>0</left>
				<top>385</top>
				<width>1920</width>
				<height>30</height>
				<texture flipy="true">homeshadow.png</texture>
			</control>
			
			<!--bottom shadow-->
			<control type="image">
				<left>0</left>
				<top>685</top>
				<width>1920</width>
				<height>30</height>
				<texture>homeshadow.png</texture>
			</control>
			
			<!--close button-->
			<control type="button">
				<description>Close Window button</description>
				<left>5</left>
				<top>415</top>
				<width>50</width>
				<height>25</height>
				<label>-</label>
				<font>-</font>
				<onclick>PreviousMenu</onclick>
				<texturefocus>DialogCloseButton-focus.png</texturefocus>
				<texturenofocus>DialogCloseButton.png</texturenofocus>
				<onleft>10</onleft>
				<onright>10</onright>
				<onup>10</onup>
				<ondown>10</ondown>
				<visible>system.getbool(input.enablemouse)</visible>
			</control>
			
			<!--title-->
			<control type="label" id="1">
				<left>60</left>
				<top>425</top>
				<width>1800</width>
				<height>60</height>
				<font>menu.title</font>
				<align>center</align>
				<aligny>center</aligny>
				<textcolor>white</textcolor>
				<label>-</label>
			</control>
			
			<control type="label" id="2">
				<description>dialog line 1</description>
				<left>60</left>
				<top>510</top>
				<width>1800</width>
				<height>45</height>
				<align>center</align>
				<aligny>center</aligny>
				<label>-</label>
				<font>label</font>
			</control>
			
			<control type="label" id="3">
				<description>dialog line 2</description>
				<left>60</left>
				<top>552</top>
				<width>1800</width>
				<height>45</height>
				<align>center</align>
				<aligny>center</aligny>
				<label>-</label>
				<font>label</font>
			</control>
			
			<control type="label" id="4">
				<description>dialog line 3</description>
				<left>60</left>
				<top>615</top>
				<width>1800</width>
				<height>45</height>
				<align>center</align>
				<aligny>center</aligny>
				<label>-</label>
				<font>font35_title</font>
			</control>
			
		</control>
		
	</controls>
	
</window>