<?xml version="1.0" encoding="UTF-8"?>

<window>

	<controls>
		
		<!--all content-->
		<control type="group">
			<left>-355</left>
			<animation effect="slide" start="1650,0" end="0,0" time="400" tween="quadratic" easing="out">WindowOpen</animation>
			<animation effect="slide" start="0,0" end="-1650,0" time="400" tween="quadratic" easing="out">WindowClose</animation>
			
			<animation effect="slide" start="0,0" end="-35,0" time="300" condition="Window.IsActive(ShutdownMenu)">Conditional</animation>
		
			<!--background-->
			<control type="image">
				<left>715</left>
				<top>0</top>
				<width>1210</width>
				<height>1080</height>
				<texture colordiffuse="tertiary">backgrounds/white.png</texture>
			</control>
			
			<!--shadow-->
			<control type="image">
				<left>685</left>
				<top>0</top>
				<width>30</width>
				<height>1080</height>
				<texture flipx="true">sidebarshadow.png</texture>
			</control>
			
			<!--right shadow-->
			<control type="image">
				<left>1925</left>
				<top>0</top>
				<width>30</width>
				<height>1080</height>
				<texture>sidebarshadow.png</texture>
			</control>
				
			<!--title background-->
			<control type="image">
				<left>715</left>
				<top>0</top>
				<width>1210</width>
				<height>110</height>
				<texture background="true" colordiffuse="$VAR[Colour.500]">backgrounds/white.png</texture>
			</control>
		
			<!--title shadow-->
			<control type="image">
				<left>715</left>
				<top>110</top>
				<width>1210</width>
				<height>20</height>
				<texture>homeshadow.png</texture>
				<animation effect="fade" start="100" end="75" time="0" condition="true">Conditional</animation>
			</control>
			
			<!--buttons bg-->
			<control type="image">
				<left>715</left>
				<top>1010</top>
				<width>1210</width>
				<height>70</height>
				<texture colordiffuse="primary">backgrounds/white.png</texture>
			</control>

			<!--buttons shadow-->
			<control type="image">
				<left>715</left>
				<top>1010</top>
				<width>1210</width>
				<height>10</height>
				<texture>homeshadow.png</texture>
				<animation effect="fade" start="100" end="75" time="0" condition="true">Conditional</animation>
			</control>
			
			<!--close window button-->
			<control type="button">
				<left>720</left>
				<top>0</top>
				<width>50</width>
				<height>25</height>
				<label>-</label>
				<font>-</font>
				<onclick>PreviousMenu</onclick>
				<texturefocus>DialogCloseButton-focus.png</texturefocus>
				<texturenofocus>DialogCloseButton.png</texturenofocus>
				<onleft>9000</onleft>
				<onright>9000</onright>
				<onup>9000</onup>
				<ondown>9000</ondown>
				<visible>system.getbool(input.enablemouse)</visible>
			</control>
			
			<!--main content-->
			<control type="group">
				<left>170</left>
				<top>0</top>
				
				<!--title-->
				<control type="label">
					<left>590</left>
					<top>25</top>
					<width>1545</width>
					<height>60</height>
					<font>info.title</font>
					<align>left</align>
					<aligny>center</aligny>
					<textcolor>white</textcolor>
					<label>$LOCALIZE[5]</label>
				</control>
				
				<control type="grouplist" id="5">
					<animation effect="slide" start="0,0" end="8,0" time="0" condition="!Control.IsVisible(60)">Conditional</animation>
					<description>control area</description>
					<left>565</left>
					<top>135</top>
					<width>1155</width>
					<height>810</height>
					<itemgap>5</itemgap>
					<pagecontrol>60</pagecontrol>
					<onleft>28</onleft>
					<onright>60</onright>
					<onup>28</onup>
					<ondown>28</ondown>
				</control>
				
				<control type="scrollbar" id="60">
					<left>1740</left>
					<top>135</top>
					<height>864</height>
					<orientation>vertical</orientation>
					<showonepage>false</showonepage>
					<texturesliderbackground colordiffuse="scroll.secondary">backgrounds/white.png</texturesliderbackground>
					<texturesliderbar colordiffuse="secondary">backgrounds/white.png</texturesliderbar>
					<onleft>5</onleft>
					<onright>5</onright>
					<ondown>60</ondown>
					<onup>60</onup>
				</control>
								
				<control type="button" id="7">
					<description>Default Button</description>
					<left>0</left>
					<top>0</top>
				</control>
				
				<control type="radiobutton" id="8">
					<description>Default RadioButton</description>
					<left>0</left>
					<top>0</top>
				</control>
				
				<control type="spincontrolex" id="9">
					<description>Default SpinControlex</description>
					<left>0</left>
					<top>0</top>
				</control>
				
				<control type="image" id="11">
					<description>separator image</description>
					<height>0</height>
					<texture>-</texture>
				</control>
				
				<control type="sliderex" id="13">
					<description>Default Slider</description>
					<left>0</left>
					<top>0</top>
				</control>
				
				<!--bottom buttons-->
				<control type="group" id="9000">
					<left>80</left>
					<top>1015</top>
					
					<!--ok circle border-->
					<control type="image">
						<left>1100</left>
						<top>0</top>
						<width>60</width>
						<height>60</height>
						<texture colordiffuse="text.primary">buttoncircleborder.png</texture>
						<visible>Control.HasFocus(28)</visible>
					</control>
					
					<!--ok circle animation-->
					<control type="image">
						<left>1099</left>
						<top>-1</top>
						<width>62</width>
						<height>62</height>
						<texture colordiffuse="$VAR[Colour.500]">buttoncircle.png</texture>
						<visible>Control.HasFocus(28)</visible>
						<animation effect="zoom" start="0" end="100" time="250" center="auto">Visible</animation>
					</control>
					
					<!--ok button-->
					<control type="button" id="28">
						<left>1100</left>
						<top>0</top>
						<width>130</width>
						<height>60</height>
						<font>button</font>
						<align>left</align>
						<textoffsetx>60</textoffsetx>
						<textwidth>130</textwidth>
						<textcolor>text.primary</textcolor>
						<focusedcolor>text.primary</focusedcolor>
						<align>center</align>
						<texturefocus colordiffuse="white">yesbuttonf.png</texturefocus>
						<texturenofocus colordiffuse="text.primary">yesbutton.png</texturenofocus>	
						<label>186</label>
						<onleft>50</onleft>
						<onright>29</onright>
						<onup>5</onup>
						<ondown>5</ondown>
					</control>
					
					<!--cancel circle border-->
					<control type="image">
						<left>1260</left>
						<top>0</top>
						<width>60</width>
						<height>60</height>
						<texture colordiffuse="text.primary">buttoncircleborder.png</texture>
						<visible>Control.HasFocus(29)</visible>
					</control>
					
					<!--cancel circle animation-->
					<control type="image">
						<left>1259</left>
						<top>-1</top>
						<width>62</width>
						<height>62</height>
						<texture colordiffuse="$VAR[Colour.500]">buttoncircle.png</texture>
						<visible>Control.HasFocus(29)</visible>
						<animation effect="zoom" start="0" end="100" time="250" center="auto">Visible</animation>
					</control>
					
					<!--cancel button-->
					<control type="button" id="29">
						<left>1260</left>
						<top>0</top>
						<width>130</width>
						<height>60</height>
						<font>button</font>
						<align>left</align>
						<textoffsetx>60</textoffsetx>
						<textwidth>130</textwidth>
						<textcolor>text.primary</textcolor>
						<focusedcolor>text.primary</focusedcolor>
						<align>center</align>
						<texturefocus colordiffuse="white">nobuttonf.png</texturefocus>
						<texturenofocus colordiffuse="text.primary">nobutton.png</texturenofocus>	
						<label>222</label>
						<onleft>28</onleft>
						<onright>50</onright>
						<onup>5</onup>
						<ondown>5</ondown>
					</control>

					<!--default circle border-->
					<control type="image">
						<left>1450</left>
						<top>0</top>
						<width>60</width>
						<height>60</height>
						<texture colordiffuse="text.primary">buttoncircleborder.png</texture>
						<visible>Control.HasFocus(50)</visible>
					</control>
					
					<!--default circle animation-->
					<control type="image">
						<left>1449</left>
						<top>-1</top>
						<width>62</width>
						<height>62</height>
						<texture colordiffuse="$VAR[Colour.500]">buttoncircle.png</texture>
						<visible>Control.HasFocus(50)</visible>
						<animation effect="zoom" start="0" end="100" time="250" center="auto">Visible</animation>
					</control>
					
					<!--default button-->
					<control type="button" id="50">
						<left>1450</left>
						<top>0</top>
						<width>195</width>
						<height>60</height>
						<font>button</font>
						<align>left</align>
						<textoffsetx>60</textoffsetx>
						<textwidth>130</textwidth>
						<textcolor>text.primary</textcolor>
						<focusedcolor>text.primary</focusedcolor>
						<align>center</align>
						<texturefocus colordiffuse="white">refreshbuttonf.png</texturefocus>
						<texturenofocus colordiffuse="text.primary">refreshbutton.png</texturenofocus>	
						<label>409</label>
						<onleft>29</onleft>
						<onright>28</onright>
						<onup>5</onup>
						<ondown>5</ondown>
					</control>
					
				</control>
				
			</control>
			
		</control>
		
	</controls>
	
</window>