<?xml version="1.0" encoding="UTF-8"?>
<window>
	<!-- virtualkeyboard -->
	<defaultcontrol always="true">300</defaultcontrol>
	<controls>
		<!-- Background -->
		<include>DialogBackgroundImage</include>
		<!-- Dialog group -->
		<control type="group">
			<left>455</left>
			<top>102</top>
			<include>DialogZoomAnimation</include>
			<animation condition="Window.IsVisible(numericinput)" easing="inout" effect="fade" end="0" start="100" time="120" tween="sine">Conditional</animation>
			<!-- Background -->
			<control type="image">
				<width>1180</width>
				<height>879</height>
				<texture border="32">dialogs/DialogMessageBackground.png</texture>
				<visible>Control.IsVisible(111) | Control.IsVisible(131) | Control.IsVisible(151) | Control.IsVisible(171)</visible>
			</control>
			<control type="image">
				<width>1100</width>
				<height>879</height>
				<texture border="32">dialogs/DialogMessageBackground.png</texture>
				<visible>[Control.IsVisible(110) | Control.IsVisible(130) | Control.IsVisible(150) | Control.IsVisible(170)] + [!Control.IsVisible(111) + !Control.IsVisible(131) + !Control.IsVisible(151) + !Control.IsVisible(171)]</visible>
			</control>
			<control type="image">
				<width>1010</width>
				<height>879</height>
				<texture border="32">dialogs/DialogMessageBackground.png</texture>
				<visible>!Control.IsVisible(110) + !Control.IsVisible(130) + !Control.IsVisible(150) + !Control.IsVisible(170) + !Control.IsVisible(111) + !Control.IsVisible(131) + !Control.IsVisible(151) + !Control.IsVisible(171)</visible>
			</control>
			<!-- Control group -->
			<control type="group">
				<left>61</left>
				<top>48</top>
				<!-- Heading -->
				<control id="311" type="label">
					<width>888</width>
					<height>36</height>
					<font>LightCap36</font>
					<label>13406</label>
					<textcolor>ffdadada</textcolor>
				</control>
				<!-- Edit -->
				<control id="312" type="edit">
					<top>70</top>
					<width>888</width>
					<height>48</height>
					<ondown>1000</ondown>
					<font>Light39</font>
					<textcolor>ffdadada</textcolor>
					<focusedcolor>ffdadada</focusedcolor>
					<hinttext>[COLOR ff414141]Joe Bloggs[/COLOR]</hinttext>
				</control>
				<!-- Edit Text line -->
				<control type="image">
					<top>126</top>
					<width>888</width>
					<height>2</height>
					<texture border="1">dialogs/KeyboardEditLine.png</texture>
				</control>
				<!-- Keys -->
				<control type="group">
					<top>152</top>
					<!-- First row -->
					<control id="1000" type="grouplist">
						<width>1080</width>
						<height>78</height>
						<itemgap>12</itemgap>
						<onup>312</onup>
						<onleft>1000</onleft>
						<onright>1000</onright>
						<orientation>horizontal</orientation>
						<control id="100" type="button">
							<!-- (0,0) key button -->
							<ondown>120</ondown>
							<include>KeyboardButtons</include>
						</control>
						<control id="101" type="button">
							<!-- (0,1) key button -->
							<ondown>121</ondown>
							<include>KeyboardButtons</include>
						</control>
						<control id="102" type="button">
							<!-- (0,2) key button -->
							<ondown>122</ondown>
							<include>KeyboardButtons</include>
						</control>
						<control id="103" type="button">
							<!-- (0,3) key button -->
							<ondown>123</ondown>
							<include>KeyboardButtons</include>
						</control>
						<control id="104" type="button">
							<!-- (0,4) key button -->
							<ondown>124</ondown>
							<include>KeyboardButtons</include>
						</control>
						<control id="105" type="button">
							<!-- (0,5) key button -->
							<ondown>125</ondown>
							<include>KeyboardButtons</include>
						</control>
						<control id="106" type="button">
							<!-- (0,6) key button -->
							<ondown>126</ondown>
							<include>KeyboardButtons</include>
						</control>
						<control id="107" type="button">
							<!-- (0,7) key button -->
							<ondown>127</ondown>
							<include>KeyboardButtons</include>
						</control>
						<control id="108" type="button">
							<!-- (0,8) key button -->
							<ondown>128</ondown>
							<include>KeyboardButtons</include>
						</control>
						<control id="109" type="button">
							<!-- (0,9) key button -->
							<ondown>129</ondown>
							<include>KeyboardButtons</include>
						</control>
						<control id="110" type="button">
							<!-- (0,10) key button -->
							<ondown>130</ondown>
							<include>KeyboardButtons</include>
						</control>
						<control id="111" type="button">
							<!-- (0,11) key button -->
							<ondown>131</ondown>
							<include>KeyboardButtons</include>
						</control>
					</control>
					<!-- Second row -->
					<control id="2000" type="grouplist">
						<top>90</top>
						<width>1080</width>
						<height>78</height>
						<itemgap>12</itemgap>
						<onleft>2000</onleft>
						<onright>2000</onright>
						<orientation>horizontal</orientation>
						<control id="120" type="button">
							<!-- (1,0) key button -->
							<onup>100</onup>
							<ondown>140</ondown>
							<include>KeyboardButtons</include>
						</control>
						<control id="121" type="button">
							<!-- (1,1) key button -->
							<onup>101</onup>
							<ondown>141</ondown>
							<include>KeyboardButtons</include>
						</control>
						<control id="122" type="button">
							<!-- (1,2) key button -->
							<onup>102</onup>
							<ondown>142</ondown>
							<include>KeyboardButtons</include>
						</control>
						<control id="123" type="button">
							<!-- (1,3) key button -->
							<onup>103</onup>
							<ondown>143</ondown>
							<include>KeyboardButtons</include>
						</control>
						<control id="124" type="button">
							<!-- (1,4) key button -->
							<onup>104</onup>
							<ondown>144</ondown>
							<include>KeyboardButtons</include>
						</control>
						<control id="125" type="button">
							<!-- (1,5) key button -->
							<onup>105</onup>
							<ondown>145</ondown>
							<include>KeyboardButtons</include>
						</control>
						<control id="126" type="button">
							<!-- (1,6) key button -->
							<onup>106</onup>
							<ondown>146</ondown>
							<include>KeyboardButtons</include>
						</control>
						<control id="127" type="button">
							<!-- (1,7) key button -->
							<onup>107</onup>
							<ondown>147</ondown>
							<include>KeyboardButtons</include>
						</control>
						<control id="128" type="button">
							<!-- (1,8) key button -->
							<onup>108</onup>
							<ondown>148</ondown>
							<include>KeyboardButtons</include>
						</control>
						<control id="129" type="button">
							<!-- (1,9) key button -->
							<onup>109</onup>
							<ondown>149</ondown>
							<include>KeyboardButtons</include>
						</control>
						<control id="130" type="button">
							<!-- (1,10) key button -->
							<onup>110</onup>
							<ondown>150</ondown>
							<include>KeyboardButtons</include>
						</control>
						<control id="131" type="button">
							<!-- (1,11) key button -->
							<onup>111</onup>
							<ondown>151</ondown>
							<include>KeyboardButtons</include>
						</control>
					</control>
					<!-- Third row -->
					<control id="3000" type="grouplist">
						<top>180</top>
						<width>1080</width>
						<height>78</height>
						<itemgap>12</itemgap>
						<onleft>3000</onleft>
						<onright>3000</onright>
						<orientation>horizontal</orientation>
						<control id="140" type="button">
							<!-- (2,0) key button -->
							<onup>120</onup>
							<ondown>160</ondown>
							<include>KeyboardButtons</include>
						</control>
						<control id="141" type="button">
							<!-- (2,1) key button -->
							<onup>121</onup>
							<ondown>161</ondown>
							<include>KeyboardButtons</include>
						</control>
						<control id="142" type="button">
							<!-- (2,2) key button -->
							<onup>122</onup>
							<ondown>162</ondown>
							<include>KeyboardButtons</include>
						</control>
						<control id="143" type="button">
							<!-- (2,3) key button -->
							<onup>123</onup>
							<ondown>163</ondown>
							<include>KeyboardButtons</include>
						</control>
						<control id="144" type="button">
							<!-- (2,4) key button -->
							<onup>124</onup>
							<ondown>164</ondown>
							<include>KeyboardButtons</include>
						</control>
						<control id="145" type="button">
							<!-- (2,5) key button -->
							<onup>125</onup>
							<ondown>165</ondown>
							<include>KeyboardButtons</include>
						</control>
						<control id="146" type="button">
							<!-- (2,6) key button -->
							<onup>126</onup>
							<ondown>166</ondown>
							<include>KeyboardButtons</include>
						</control>
						<control id="147" type="button">
							<!-- (2,7) key button -->
							<onup>127</onup>
							<ondown>167</ondown>
							<include>KeyboardButtons</include>
						</control>
						<control id="148" type="button">
							<!-- (2,8) key button -->
							<onup>128</onup>
							<ondown>168</ondown>
							<include>KeyboardButtons</include>
						</control>
						<control id="149" type="button">
							<!-- (2,9) key button -->
							<onup>129</onup>
							<ondown>169</ondown>
							<include>KeyboardButtons</include>
						</control>
						<control id="150" type="button">
							<!-- (2,10) key button -->
							<onup>130</onup>
							<ondown>170</ondown>
							<include>KeyboardButtons</include>
						</control>
						<control id="151" type="button">
							<!-- (2,11) key button -->
							<onup>131</onup>
							<ondown>171</ondown>
							<include>KeyboardButtons</include>
						</control>
					</control>
					<!-- Forth row -->
					<control id="4000" type="grouplist">
						<top>270</top>
						<width>1080</width>
						<height>78</height>
						<itemgap>12</itemgap>
						<onleft>4000</onleft>
						<onright>4000</onright>
						<orientation>horizontal</orientation>
						<control id="160" type="button">
							<!-- (3,0) key button -->
							<onup>140</onup>
							<ondown>32</ondown>
							<include>KeyboardButtons</include>
						</control>
						<control id="161" type="button">
							<!-- (3,1) key button -->
							<onup>141</onup>
							<ondown>32</ondown>
							<include>KeyboardButtons</include>
						</control>
						<control id="162" type="button">
							<!-- (3,2) key button -->
							<onup>142</onup>
							<ondown>32</ondown>
							<include>KeyboardButtons</include>
						</control>
						<control id="163" type="button">
							<!-- (3,3) key button -->
							<onup>143</onup>
							<ondown>32</ondown>
							<include>KeyboardButtons</include>
						</control>
						<control id="164" type="button">
							<!-- (3,4) key button -->
							<onup>144</onup>
							<ondown>32</ondown>
							<include>KeyboardButtons</include>
						</control>
						<control id="165" type="button">
							<!-- (3,5) key button -->
							<onup>145</onup>
							<ondown>8</ondown>
							<include>KeyboardButtons</include>
						</control>
						<control id="166" type="button">
							<!-- (3,6) key button -->
							<onup>146</onup>
							<ondown>8</ondown>
							<include>KeyboardButtons</include>
						</control>
						<control id="167" type="button">
							<!-- (3,7) key button -->
							<onup>147</onup>
							<ondown>8</ondown>
							<include>KeyboardButtons</include>
						</control>
						<control id="168" type="button">
							<!-- (3,8) key button -->
							<onup>148</onup>
							<ondown>305</ondown>
							<include>KeyboardButtons</include>
						</control>
						<control id="169" type="button">
							<!-- (3,9) key button -->
							<onup>149</onup>
							<ondown>306</ondown>
							<include>KeyboardButtons</include>
						</control>
						<control id="170" type="button">
							<!-- (3,10) key button -->
							<onup>150</onup>
							<ondown>306</ondown>
							<include>KeyboardButtons</include>
						</control>
						<control id="171" type="button">
							<!-- (3,11) key button -->
							<onup>151</onup>
							<ondown>306</ondown>
							<include>KeyboardButtons</include>
						</control>
					</control>
					<!-- Fifth row -->
					<control id="5000" type="grouplist">
						<top>360</top>
						<width>1080</width>
						<height>78</height>
						<itemgap>12</itemgap>
						<onleft>5000</onleft>
						<onright>5000</onright>
						<orientation>horizontal</orientation>
						<!-- SPACE -->
						<control id="32" type="button">
							<onup>160</onup>
							<ondown>302</ondown>
							<width>438</width>
							<label>20182</label>
							<include>KeyboardButtons</include>
						</control>
						<!-- BACKSPACE -->
						<control id="8" type="button">
							<onup>165</onup>
							<ondown>303</ondown>
							<width>258</width>
							<label>20181</label>
							<include>KeyboardButtons</include>
						</control>
						<!-- Previous -->
						<control id="305" type="button">
							<onup>168</onup>
							<ondown>304</ondown>
							<label>&lt;</label>
							<include>KeyboardButtons</include>
						</control>
						<!-- Next -->
						<control id="306" type="button">
							<onup>169</onup>
							<ondown>307</ondown>
							<label>&gt;</label>
							<include>KeyboardButtons</include>
						</control>
					</control>
					<!-- Dummy Sixth row -->
					<control id="6000" type="grouplist">
						<top>450</top>
						<width>1080</width>
						<height>78</height>
						<itemgap>12</itemgap>
						<onleft>6000</onleft>
						<onright>6000</onright>
						<orientation>horizontal</orientation>
						<!-- Shift on -->
						<control type="image">
							<width>348</width>
							<height>78</height>
							<texture border="3">dialogs/KeyboardButtonToggleOn.png</texture>
							<visible>SubString(Control.GetLabel(302),*)</visible>
						</control>
						<!-- Shift off -->
						<control type="image">
							<width>348</width>
							<height>78</height>
							<texture border="3">dialogs/KeyboardButtonToggleOff.png</texture>
							<visible>!SubString(Control.GetLabel(302),*)</visible>
						</control>
						<!-- Caps lock on-->
						<control type="image">
							<width>348</width>
							<height>78</height>
							<texture border="3">dialogs/KeyboardButtonToggleOn.png</texture>
							<visible>SubString(Control.GetLabel(303),*)</visible>
						</control>
						<!-- Caps lock off-->
						<control type="image">
							<width>348</width>
							<height>78</height>
							<texture border="3">dialogs/KeyboardButtonToggleOff.png</texture>
							<visible>!SubString(Control.GetLabel(303),*)</visible>
						</control>
						<!-- Symbols on -->
						<control type="image">
							<width>78</width>
							<height>78</height>
							<texture border="3">dialogs/KeyboardButtonToggleOn.png</texture>
							<visible>SubString(Control.GetLabel(304),*)</visible>
						</control>
						<!-- Symbols off -->
						<control type="image">
							<width>78</width>
							<height>78</height>
							<texture border="3">dialogs/KeyboardButtonToggleOff.png</texture>
							<visible>!SubString(Control.GetLabel(304),*)</visible>
						</control>
					</control>
					<!-- Sixth row -->
					<control id="6000" type="grouplist">
						<top>450</top>
						<width>1080</width>
						<height>78</height>
						<itemgap>12</itemgap>
						<onleft>6000</onleft>
						<onright>6000</onright>
						<orientation>horizontal</orientation>
						<!-- Shift -->
						<control id="302" type="radiobutton">
							<width>348</width>
							<onup>32</onup>
							<ondown>309</ondown>
							<label>20178</label>
							<texturenofocus>-</texturenofocus>
							<textureradioonfocus>-</textureradioonfocus>
							<textureradioonnofocus>-</textureradioonnofocus>
							<textureradioofffocus>-</textureradioofffocus>
							<textureradiooffnofocus>-</textureradiooffnofocus>
							<include>KeyboardButtons</include>
						</control>
						<!-- Caps lock -->
						<control id="303" type="radiobutton">
							<width>348</width>
							<onup>8</onup>
							<ondown>301</ondown>
							<label>20179</label>
							<texturenofocus>-</texturenofocus>
							<textureradioonfocus>-</textureradioonfocus>
							<textureradioonnofocus>-</textureradioonnofocus>
							<textureradioofffocus>-</textureradioofffocus>
							<textureradiooffnofocus>-</textureradiooffnofocus>
							<include>KeyboardButtons</include>
						</control>
						<!-- Symbols -->
						<control id="304" type="radiobutton">
							<width>78</width>
							<onup>306</onup>
							<ondown>300</ondown>
							<label>#$</label>
							<texturenofocus>-</texturenofocus>
							<textureradioonfocus>-</textureradioonfocus>
							<textureradioonnofocus>-</textureradioonnofocus>
							<textureradioofffocus>-</textureradioofffocus>
							<textureradiooffnofocus>-</textureradiooffnofocus>
							<include>KeyboardButtons</include>
						</control>
						<!-- IP address -->
						<control id="307" type="button">
							<width>78</width>
							<onup>306</onup>
							<ondown>300</ondown>
							<include>KeyboardButtons</include>
							<label>$LOCALIZE[31068]</label>
						</control>
					</control>
					<!-- Seventh row -->
					<control id="7000" type="grouplist">
						<top>540</top>
						<width>1080</width>
						<height>78</height>
						<itemgap>12</itemgap>
						<onleft>7000</onleft>
						<onright>7000</onright>
						<orientation>horizontal</orientation>
						<!-- Layout -->
						<control id="309" type="button">
							<width>438</width>
							<onup>302</onup>
							<include>KeyboardButtons</include>
							<label>20177</label>
						</control>
						<!-- Cancel Button -->
						<control id="301" type="button">
							<width>258</width>
							<onup>303</onup>
							<include>KeyboardButtons</include>
							<label>222</label>
						</control>
						<!-- Done -->
						<control id="300" type="button">
							<width>168</width>
							<onup>307</onup>
							<include>KeyboardButtons</include>
							<label>20177</label>
						</control>
					</control>
				</control>
			</control>
		</control>
	</controls>
</window>