<?xml version="1.0" encoding="UTF-8"?>
<window>
	<defaultcontrol always="true">3012</defaultcontrol>
	<onload>Dialog.Close(fullscreeninfo,true)</onload>
	<onload>Dialog.Close(videoosd,true)</onload>
	<controls>
		<control type="label" id="3000">
			<visible>false</visible>
		</control>
		<control type="textbox" id="3001">
			<visible>false</visible>
		</control>
		<control type="label" id="3002">
			<visible>false</visible>
		</control>
		<control type="label" id="3003">
			<visible>false</visible>
		</control>
		<control type="label" id="3004">
			<visible>false</visible>
		</control>
		<control type="image" id="3005">
			<visible>false</visible>
		</control>
		<control type="image" id="3006">
			<visible>false</visible>
		</control>
		<control type="image" id="3008">
			<visible>false</visible>
		</control>
		<control type="image" id="3009">
			<visible>false</visible>
		</control>
		<control type="image" id="3010">
			<visible>false</visible>
		</control>
		<control type="label" id="3011">
			<visible>false</visible>
		</control>
		<control type="button" id="3012">
			<include>HiddenControl</include>
			<onback>SendClick(3013)</onback>
		</control>
		<control type="button" id="3013">
			<include>HiddenControl</include>
		</control>
		<control type="label" id="3015">
			<visible>false</visible>
		</control>
		<control type="label" id="3016">
			<visible>false</visible>
		</control>
		<control type="label" id="3018">
			<visible>false</visible>
		</control>
		<control type="group">
			<left>1430</left>
			<top>666</top>
			<animation effect="fade" end="100" start="0" time="200" condition="Window.IsVisible(script-nextup-notification-NextUpInfo.xml)">Conditional</animation>
			<!--  Next up label -->
			<control type="label">
				<width>auto</width>
				<height>32</height>
				<font>Light32</font>
				<textcolor>ffffffff</textcolor>
				<shadowcolor>ff080808</shadowcolor>
				<label>31164</label>
			</control>
			<!-- Next episode thumb -->
			<control type="image">
				<top>56</top>
				<width>370</width>
				<height>277</height>
				<texture>views/episode_fallback.png</texture>
				<aspectratio>scale</aspectratio>
			</control>
			<control type="image">
				<top>56</top>
				<width>370</width>
				<height>277</height>
				<aspectratio>scale</aspectratio>
				<texture>$VAR[NextUpThumb]</texture>
			</control>
			<control type="image">
				<top>56</top>
				<width>370</width>
				<height>277</height>
				<aspectratio align="center">scale</aspectratio>
				<texture>views/episode_fallback.png</texture>
				<visible>Skin.HasSetting(HideUnwatchedThumbs) + !IntegerGreaterThan(Control.GetLabel(3018),0)</visible>
			</control>
			<control type="image">
				<top>56</top>
				<width>90</width>
				<height>90</height>
				<texture>views/OverlayHD.png</texture>
				<visible>IntegerGreaterThan(Control.GetLabel(3011),719)</visible>
			</control>
			<control type="image">
				<top>56</top>
				<width>370</width>
				<height>277</height>
				<texture border="2">views/season_overlay.png</texture>
			</control>
			<!-- Next episode countdown -->
			<control type="image">
				<left>12</left>
				<top>276</top>
				<width>44</width>
				<height>44</height>
				<texture>$VAR[NextEpisodeCountdown]</texture>
			</control>
			<!--  Next episode label -->
			<control type="label">
				<left>64</left>
				<top>286</top>
				<width>auto</width>
				<height>24</height>
				<font>Light24</font>
				<textcolor>ffffffff</textcolor>
				<shadowcolor>ff080808</shadowcolor>
				<label>$INFO[Control.GetLabel(3015),$LOCALIZE[20373] ], $INFO[Control.GetLabel(3016),Ep. ]</label>
			</control>
		</control>
	</controls>
</window>