<?xml version="1.0" encoding="UTF-8"?>
<window>
	<!-- busydialog -->
	<onload condition="[Window.IsVisible(Settings.xml) | Window.IsVisible(SettingsCategory.xml) | Window.IsVisible(SkinSettings.xml)] + IsEmpty(Window(Home).Property(DialogVisibility)) + IsEmpty(Window(Home).Property(DialogVisibility2))">SetProperty(DialogVisibility,$INFO[Window.Property(xmlfile)]1,Home)</onload>	
	<controls>
		
		<control type="group">
			<visible>[[Window.IsVisible(Settings.xml) | Window.IsVisible(SettingsCategory.xml) | Window.IsVisible(SkinSettings.xml)] + SubString(Window(Home).Property(DialogVisibility),Busy) + SubString(Window(Home).Property(DialogVisibility),$NUMBER[1]) + IsEmpty(Window(Home).Property(DialogVisibility2)) + IsEmpty(Window(Home).Property(DialogVisibility3)) + IsEmpty(Window(Home).Property(DialogVisibility4)) + IsEmpty(Window(Home).Property(DialogVisibility5))]</visible>
			
			<include name="DialogPOS">
				<param name="DialogName" value="DiaBusy" />
			</include>

		</control>
	</controls>

</window>