<?xml version="1.0" encoding="UTF-8"?>
<window>
	<!-- Advanced filter -->
	<defaultcontrol always="true">5</defaultcontrol>
	<onload condition="IsEmpty(Window(Home).Property(DialogVisibility)) + IsEmpty(Window(Home).Property(DialogVisibility2))">SetProperty(DialogVisibility,$INFO[Window.Property(xmlfile)]1,Home)</onload>
	<onload condition="!IsEmpty(Window(Home).Property(DialogVisibility)) + IsEmpty(Window(Home).Property(DialogVisibility2))">SetProperty(DialogVisibility2,$INFO[Window.Property(xmlfile)]2,Home)</onload>
	<onload condition="!IsEmpty(Window(Home).Property(DialogVisibility2)) + IsEmpty(Window(Home).Property(DialogVisibility3))">SetProperty(DialogVisibility3,$INFO[Window.Property(xmlfile)]3,Home)</onload>
	<onload condition="!IsEmpty(Window(Home).Property(DialogVisibility3)) + IsEmpty(Window(Home).Property(DialogVisibility4))">SetProperty(DialogVisibility4,$INFO[Window.Property(xmlfile)]4,Home)</onload>
	<onload condition="!IsEmpty(Window(Home).Property(DialogVisibility4)) + IsEmpty(Window(Home).Property(DialogVisibility5))">SetProperty(DialogVisibility5,$INFO[Window.Property(xmlfile)]5,Home)</onload>
	<onunload condition="IsEmpty(Window(Home).Property(DialogVisibility2)) + SubString(Window(Home).Property(DialogVisibility),MediaFilter) + SubString(Window(Home).Property(DialogVisibility),$NUMBER[1])">ClearProperty(DialogVisibility,Home)</onunload>
	<onunload condition="IsEmpty(Window(Home).Property(DialogVisibility3)) + SubString(Window(Home).Property(DialogVisibility2),MediaFilter) + SubString(Window(Home).Property(DialogVisibility2),$NUMBER[2])">ClearProperty(DialogVisibility2,Home)</onunload>
	<onunload condition="IsEmpty(Window(Home).Property(DialogVisibility4)) + SubString(Window(Home).Property(DialogVisibility3),MediaFilter) + SubString(Window(Home).Property(DialogVisibility3),$NUMBER[3])">ClearProperty(DialogVisibility3,Home)</onunload>
	<onunload condition="IsEmpty(Window(Home).Property(DialogVisibility5)) + SubString(Window(Home).Property(DialogVisibility4),MediaFilter) + SubString(Window(Home).Property(DialogVisibility4),$NUMBER[4])">ClearProperty(DialogVisibility4,Home)</onunload>
	<onunload>ClearProperty(DialogVisibility5,Home)</onunload>
	
	<controls>
		
		<control type="group">
			<visible>[SubString(Window(Home).Property(DialogVisibility),MediaFilter) + SubString(Window(Home).Property(DialogVisibility),$NUMBER[1]) + IsEmpty(Window(Home).Property(DialogVisibility2)) + IsEmpty(Window(Home).Property(DialogVisibility3)) + IsEmpty(Window(Home).Property(DialogVisibility4)) + IsEmpty(Window(Home).Property(DialogVisibility5))] | 
					[SubString(Window(Home).Property(DialogVisibility2),MediaFilter) + SubString(Window(Home).Property(DialogVisibility2),$NUMBER[2]) + IsEmpty(Window(Home).Property(DialogVisibility3)) + IsEmpty(Window(Home).Property(DialogVisibility4)) + IsEmpty(Window(Home).Property(DialogVisibility5))] |
					[SubString(Window(Home).Property(DialogVisibility3),MediaFilter) + SubString(Window(Home).Property(DialogVisibility3),$NUMBER[3]) + IsEmpty(Window(Home).Property(DialogVisibility4)) + IsEmpty(Window(Home).Property(DialogVisibility5))] |
					[SubString(Window(Home).Property(DialogVisibility4)MediaFilter) + SubString(Window(Home).Property(DialogVisibility4),$NUMBER[4]) + IsEmpty(Window(Home).Property(DialogVisibility5))] |
					[SubString(Window(Home).Property(DialogVisibility5),MediaFilter)  + SubString(Window(Home).Property(DialogVisibility5),$NUMBER[5])]</visible>
			
			<include name="DialogPOS">
				<param name="DialogName" value="DiaMediaFilter" />
			</include>

		</control>

		<!-- Default button -->
		<include name="DiaGroupListButton">
			<param name="Id" value="7" />
			<param name="OnLeft" value="noop" />
			<param name="OnRight" value="9000" />
		</include>

		<!-- Default radiobutton -->
		<include name="DiaRadio">
			<param name="Id" value="8" />
			<param name="OnLeft" value="noop" />
			<param name="OnRight" value="9000" />
		</include>

		<!-- Default spincontrolex -->
		<include name="DiaSpin">
			<param name="Id" value="9" />
			<param name="OnLeft" value="noop" />
			<param name="OnRight" value="9000" />
		</include>

		<!-- Default sliderex -->
		<control type="sliderex" id="13">
			<width>588</width>
			<height>60</height>
			<font>Font27</font>
			<textwidth>400</textwidth>
			<textoffsetx>12</textoffsetx>
			<sliderwidth>100</sliderwidth>
			<sliderheight>4</sliderheight>
			<textcolor>$INFO[Skin.String(Color.DIATxtNF)]</textcolor>
			<focusedcolor>$INFO[Skin.String(Color.DIATxtF)]</focusedcolor>
			<disabledcolor>$INFO[Skin.String(Color.DIAInvalid)]</disabledcolor>
			<texturefocus colordiffuse="$VAR[CategoryColor3]">common/white.png</texturefocus>
			<texturenofocus colordiffuse="00FFFFFF">common/white.png</texturenofocus>
			<texturesliderbar colordiffuse="55000000">common/white.png</texturesliderbar>
			<textureslidernib colordiffuse="$VAR[CategoryColor3]">common/white.png</textureslidernib>
			<textureslidernibfocus colordiffuse="$INFO[Skin.String(Color.DIATxtF)]">common/white.png</textureslidernibfocus>
			<controloffsetx></controloffsetx>
			<controloffsety></controloffsety>
			<visible>Control.IsEnabled(13)</visible>
		</control>	

		<!-- Default edit -->
		<include name="DiaEdit">
			<param name="Id" value="12" />
			<param name="OnLeft" value="noop" />
			<param name="OnRight" value="9000" />
		</include>		

	</controls>

</window>