<?xml version="1.0" encoding="UTF-8"?>
<window>
	<!-- seekbar -->
	<defaultcontrol always="true">901</defaultcontrol>
	<visible>[VideoPlayer.IsFullscreen | Window.IsVisible(visualisation)] + [Player.Seeking | Player.DisplayAfterSeek | Player.Paused | Player.Forwarding | Player.Rewinding | Window.IsVisible(videoosd) | Window.IsVisible(musicosd) | Window.IsVisible(fullscreeninfo) | Window.IsVisible(osdvideosettings) | Window.IsVisible(osdaudiosettings) | Window.IsVisible(numericinput) | Window.IsVisible(pvrosdchannels) | Window.IsVisible(pvrosdguide)]</visible>
	<onload>SetProperty(SidebarPos,$INFO[Skin.String(HOM.View1.BBSidebar)],Home)</onload>
	<onload>SetProperty(DialogPos,$INFO[Skin.String(HOM.View1.DIAPanel)],Home)</onload>	
	<onload>SetProperty(CompPrefix,HOM.View1,Home)</onload>	
	<onunload>SetProperty(SidebarPos,$INFO[Skin.String(HOM.View1.BBSidebar)],Home)</onunload>
	<onunload>SetProperty(DialogPos,$INFO[Skin.String(HOM.View1.DIAPanel)],Home)</onunload>	
	<onunload>SetProperty(CompPrefix,HOM.View1,Home)</onunload>	
	
	<controls>
		<control type="group">
			<visible></visible>					

				<!-- Bloc 1-->
			<control type="group">
				<width>636</width>
				<height>357</height>
				<animation effect="slide" start="0,0" end="0,592" time="0" condition="Skin.String(HOM.View1.BBSidebar,BOTTOM)">Conditional</animation>
				<animation effect="slide" start="0,0" end="132,0" time="0" condition="Skin.String(HOM.View1.BBSidebar,LEFT)">Conditional</animation>
				<animation effect="slide" start="0,0" end="1152,0" time="0" condition="Skin.String(HOM.View1.BBSidebar,RIGHT)">Conditional</animation>
				<animation effect="slide" start="0,0" end="0,132" time="0" condition="Skin.String(HOM.View1.BBSidebar,TOP)">Conditional</animation>
				
				<!-- Progress -->
				<control type="group">
					<animation effect="slide" start="0,0" end="0,238" time="0" condition="Skin.String(HOM.View1.BBSidebar,BOTTOM)">Conditional</animation>
					<visible>!Window.IsVisible(10153) + !Window.IsVisible(10124) + !Window.IsVisible(10123) + !Window.IsVisible(10125) + !Window.IsVisible(fullscreeninfo)</visible>
					<control type="image">
						<left>0</left>
						<top>0</top>
						<height>118</height>
						<align>center</align>
						<texture colordiffuse="$INFO[Skin.String(Color.BBBg)]">common/white.png</texture>
						<visible>!Window.IsVisible(fullscreeninfo)</visible>
					</control>
					<control type="image">
						<left>0</left>
						<top>0</top>
						<height>118</height>
						<align>center</align>
						<texture colordiffuse="$INFO[Skin.String(Color.B1ItemNF)]">common/white.png</texture>
					</control>
					<control type="image">
						<left>20</left>
						<top>20</top>
						<width>80</width>
						<height>80</height>
						<align>center</align>
						<aspectratio>keep</aspectratio>
						<texture colordiffuse="$INFO[Skin.String(Color.B1Txt1NF)]">osd/clock.png</texture>
					</control>
					<control type="label">
						<left>142</left>
						<top>20</top>
						<width>499</width>
						<height>50</height>
						<align>left</align>
						<aligny>center</aligny>
						<font>Font27</font>
						<textcolor>$INFO[Skin.String(Color.B1Txt1NF)]</textcolor>
						<label>$INFO[Player.Time] / $INFO[Player.Duration]</label>
					</control>
					<control type="progress" id="1">
						<left>142</left>
						<top>80</top>
						<width>458</width>
						<height>10</height>
						<info>Player.Progress</info>
						<texturebg colordiffuse="$INFO[Skin.String(Color.B1Txt2NF)]">common/white.png</texturebg>
						<lefttexture>-</lefttexture>
						<midtexture colordiffuse="$VAR[CategoryColor]">common/white.png</midtexture>
						<righttexture>-</righttexture>
						<overlaytexture>-</overlaytexture>
					</control>						
				</control>
			</control>

			<!-- Dialogs Background -->
			<include name="DialogBgDef">
				<param name="CompPrefix" value="HOM.View1" />
			</include>					
			
			<!-- Sidebar Position-->	
			<control type="group">	
				<!--visible>!StringCompare(Window(Home).Property(DialogVisibility),VISIBLE)</visible-->

				<control type="group">		
					<visible>Skin.String(HOM.View1.BBSidebar,LEFT) | Skin.String(HOM.View1.BBSidebar,RIGHT)</visible>
					<include condition="Skin.String(HOM.View1.BBSidebar,LEFT) | Skin.String(HOM.View1.BBSidebar,RIGHT)">BarVPreview</include>
					<animation effect="slide" start="0,0" end="1800,0" time="0" condition="Skin.String(HOM.View1.BBSidebar,RIGHT)">Conditional</animation>
					<control type="label">
						<top>0</top>
						<left>-400</left>
						<width>400</width>
						<height>120</height>
						<align>right</align>
						<font>Font48</font>
						<textcolor>$INFO[Skin.String(Color.SBIconNF)]</textcolor>
						<label>[UPPERCASE]$VAR[PlayerStatus][/UPPERCASE]</label>
						<animation effect="rotate" start="0" end="90" time="0" center="60,60" condition="true">Conditional</animation>
					</control>
					<control type="image">
						<left>20</left>
						<top>20</top>
						<width>80</width>
						<height>80</height>
						<align>center</align>
						<texture colordiffuse="$VAR[CategoryColor]">common/white.png</texture>
					</control>
					<control type="image">
						<left>35</left>
						<top>35</top>
						<width>50</width>
						<height>50</height>
						<align>center</align>
						<aspectratio>keep</aspectratio>
						<texture colordiffuse="$INFO[Skin.String(Color.B1Txt1F)]">$VAR[PlayerStatusIcon]</texture>
					</control>				
				</control>
				
				<control type="group">		
					<visible>Skin.String(HOM.View1.BBSidebar,TOP) | Skin.String(HOM.View1.BBSidebar,BOTTOM)</visible>
					<include condition="Skin.String(HOM.View1.BBSidebar,TOP) | Skin.String(HOM.View1.BBSidebar,BOTTOM)">BarHPreview</include>
					<animation effect="slide" start="0,0" end="0,960" time="0" condition="Skin.String(HOM.View1.BBSidebar,BOTTOM)">Conditional</animation>		
					<control type="label">
						<top>0</top>
						<left>144</left>
						<width>400</width>
						<height>120</height>
						<align>left</align>
						<aligny>center</aligny>
						<font>Font48</font>
						<textcolor>$INFO[Skin.String(Color.SBIconNF)]</textcolor>
						<label>[UPPERCASE]$VAR[PlayerStatus][/UPPERCASE]</label>
					</control>
					<control type="image">
						<left>20</left>
						<top>20</top>
						<width>80</width>
						<height>80</height>
						<align>center</align>
						<texture colordiffuse="$VAR[CategoryColor]">common/white.png</texture>
					</control>
					<control type="image">
						<left>35</left>
						<top>35</top>
						<width>50</width>
						<height>50</height>
						<align>center</align>
						<aspectratio>keep</aspectratio>
						<texture colordiffuse="$INFO[Skin.String(Color.B1Txt1F)]">$VAR[PlayerStatusIcon]</texture>
					</control>	
				</control>
			</control>	
		</control>
	</controls>

</window>