<?xml version="1.0" encoding="UTF-8"?>
<includes>

	<include file="Designer_Variables.xml" />
	<include file="Designer_Common.xml" />
	<include file="Designer_Connector.xml" />
	<include file="Designer_VDOViewtype.xml" />
	<include file="Designer_HOMViewtype.xml" />
	<include file="Dialogs_includes.xml" />
	<include file="Dialogs_InfosIncludes.xml" />
	<include file="Dialogs_ExtendedIncludes1.xml" />
	<include file="Dialogs_ExtendedIncludes2.xml" />
	<include file="Defaults.xml" />
	<include file="script-skinshortcuts-includes.xml"/>
	<include file="Variables.xml" />
			
	<!-- Weather Content -->
	<include name="WeatherContent">
		<content>
			<item id="0">
				<onclick>noop</onclick>
                <label>$INFO[Window(Weather).Property(Day0.Title)]</label>
                <label2>$INFO[Window(Weather).Property(Day0.LowTemp),, / ]$INFO[Window(Weather).Property(Day0.HighTemp),,°]</label2>
				<icon>$INFO[Window(Weather).Property(Day0.FanartCode),weather/,.png]</icon>
				<thumb>$INFO[Window(Weather).Property(Day0.FanartCode),weather/art/,.jpg]</thumb>
				<property name="Location">$INFO[Window(Weather).Property(Location)]</property>
				<property name="Fanartcode">$INFO[Window(Weather).Property(Day0.FanartCode)]</property>
				<property name="LongDay">$LOCALIZE[33006]</property>
				<property name="HighTemperature">$INFO[Window(Weather).Property(Day0.HighTemp)]</property>
				<property name="LowTemperature">$INFO[Window(Weather).Property(Day0.LowTemp)]</property>
				<property name="Outlook">$INFO[Window(Weather).Property(Day0.Outlook)]</property>
				<visible>!IsEmpty(Window(Weather).Property(Day0.Title))</visible>
			</item>
			<item id="1">
				<onclick>noop</onclick>
                <label>$INFO[Window(Weather).Property(Day1.Title)]</label>
                <label2>$INFO[Window(Weather).Property(Day1.LowTemp),, / ]$INFO[Window(Weather).Property(Day1.HighTemp),,°]</label2>
				<icon>$INFO[Window(Weather).Property(Day1.FanartCode),weather/,.png]</icon>
				<thumb>$INFO[Window(Weather).Property(Day1.FanartCode),weather/art/,.jpg]</thumb>
				<property name="Location">$INFO[Window(Weather).Property(Location)]</property>
				<property name="Fanartcode">$INFO[Window(Weather).Property(Day1.FanartCode)]</property>
				<property name="LongDay">$LOCALIZE[33007]</property>
				<property name="HighTemperature">$INFO[Window(Weather).Property(Day1.HighTemp)]</property>
				<property name="LowTemperature">$INFO[Window(Weather).Property(Day1.LowTemp)]</property>
				<property name="Outlook">$INFO[Window(Weather).Property(Day1.Outlook)]</property>
				<visible>!IsEmpty(Window(Weather).Property(Day1.Title))</visible>
			</item>
			<item id="2">
				<onclick>noop</onclick>
                <label>$INFO[Window(Weather).Property(Day2.Title)]</label>
                <label2>$INFO[Window(Weather).Property(Day2.LowTemp),, / ]$INFO[Window(Weather).Property(Day2.HighTemp),,°]</label2>
				<icon>$INFO[Window(Weather).Property(Day2.FanartCode),weather/,.png]</icon>
				<thumb>$INFO[Window(Weather).Property(Day2.FanartCode),weather/art/,.jpg]</thumb>
				<property name="Location">$INFO[Window(Weather).Property(Location)]</property>
				<property name="Fanartcode">$INFO[Window(Weather).Property(Day2.FanartCode)]</property>
				<property name="LongDay">$INFO[Window(Weather).Property(Day2.Title)]</property>
				<property name="HighTemperature">$INFO[Window(Weather).Property(Day2.HighTemp)]</property>
				<property name="LowTemperature">$INFO[Window(Weather).Property(Day2.LowTemp)]</property>
				<property name="Outlook">$INFO[Window(Weather).Property(Day2.Outlook)]</property>
				<visible>!IsEmpty(Window(Weather).Property(Day2.Title))</visible>
			</item>
			<item id="3">
				<onclick>noop</onclick>
                <label>$INFO[Window(Weather).Property(Day3.Title)]</label>
                <label2>$INFO[Window(Weather).Property(Day3.LowTemp),, / ]$INFO[Window(Weather).Property(Day3.HighTemp),,°]</label2>
				<icon>$INFO[Window(Weather).Property(Day3.FanartCode),weather/,.png]</icon>
				<thumb>$INFO[Window(Weather).Property(Day3.FanartCode),weather/art/,.jpg]</thumb>
				<property name="Location">$INFO[Window(Weather).Property(Location)]</property>
				<property name="Fanartcode">$INFO[Window(Weather).Property(Day3.FanartCode)]</property>
				<property name="LongDay">$INFO[Window(Weather).Property(Day3.Title)]</property>
				<property name="HighTemperature">$INFO[Window(Weather).Property(Day3.HighTemp)]</property>
				<property name="LowTemperature">$INFO[Window(Weather).Property(Day3.LowTemp)]</property>
				<property name="Outlook">$INFO[Window(Weather).Property(Day3.Outlook)]</property>
				<visible>!IsEmpty(Window(Weather).Property(Day3.Title))</visible>
			</item>
			<item id="4">
				<onclick>noop</onclick>
                <label>$INFO[Window(Weather).Property(Day4.Title)]</label>
                <label2>$INFO[Window(Weather).Property(Day4.LowTemp),, / ]$INFO[Window(Weather).Property(Day4.HighTemp),,°]</label2>
				<icon>$INFO[Window(Weather).Property(Day4.FanartCode),weather/,.png]</icon>
				<thumb>$INFO[Window(Weather).Property(Day4.FanartCode),weather/art/,.jpg]</thumb>
				<property name="Location">$INFO[Window(Weather).Property(Location)]</property>
				<property name="Fanartcode">$INFO[Window(Weather).Property(Day4.FanartCode)]</property>
				<property name="LongDay">$INFO[Window(Weather).Property(Day4.Title)]</property>
				<property name="HighTemperature">$INFO[Window(Weather).Property(Day4.HighTemp)]</property>
				<property name="LowTemperature">$INFO[Window(Weather).Property(Day4.LowTemp)]</property>
				<property name="Outlook">$INFO[Window(Weather).Property(Day4.Outlook)]</property>
				<visible>!IsEmpty(Window(Weather).Property(Day4.Title))</visible>
			</item>
			<item id="5">
				<onclick>noop</onclick>
                <label>$INFO[Window(Weather).Property(Day5.Title)]</label>
                <label2>$INFO[Window(Weather).Property(Day5.LowTemp),, / ]$INFO[Window(Weather).Property(Day5.HighTemp),,°]</label2>
				<icon>$INFO[Window(Weather).Property(Day5.FanartCode),weather/,.png]</icon>
				<thumb>$INFO[Window(Weather).Property(Day5.FanartCode),weather/art/,.jpg]</thumb>
				<property name="Location">$INFO[Window(Weather).Property(Location)]</property>
				<property name="Fanartcode">$INFO[Window(Weather).Property(Day5.FanartCode)]</property>
				<property name="LongDay">$INFO[Window(Weather).Property(Day5.Title)]</property>
				<property name="HighTemperature">$INFO[Window(Weather).Property(Day5.HighTemp)]</property>
				<property name="LowTemperature">$INFO[Window(Weather).Property(Day5.LowTemp)]</property>
				<property name="Outlook">$INFO[Window(Weather).Property(Day5.Outlook)]</property>
				<visible>!IsEmpty(Window(Weather).Property(Day5.Title))</visible>
			</item>
			<item id="6">
				<onclick>noop</onclick>
                <label>$INFO[Window(Weather).Property(Day6.Title)]</label>
                <label2>$INFO[Window(Weather).Property(Day6.LowTemp),, / ]$INFO[Window(Weather).Property(Day6.HighTemp),,°]</label2>
				<icon>$INFO[Window(Weather).Property(Day6.FanartCode),weather/,.png]</icon>
				<thumb>$INFO[Window(Weather).Property(Day6.FanartCode),weather/art/,.jpg]</thumb>
				<property name="Location">$INFO[Window(Weather).Property(Location)]</property>
				<property name="Fanartcode">$INFO[Window(Weather).Property(Day6.FanartCode)]</property>
				<property name="LongDay">$INFO[Window(Weather).Property(Day6.Title)]</property>
				<property name="HighTemperature">$INFO[Window(Weather).Property(Day6.HighTemp)]</property>
				<property name="LowTemperature">$INFO[Window(Weather).Property(Day6.LowTemp)]</property>
				<property name="Outlook">$INFO[Window(Weather).Property(Day6.Outlook)]</property>
				<visible>!IsEmpty(Window(Weather).Property(Day6.Title))</visible>
			</item>
		</content>
	</include>

	<!-- Settings furnitures -->

	<include name="MainSettingsContent">

		<!-- Window Content-->
		<control type="group">

			<control type="label">
				<top>72</top>
				<left>752</left>
				<width>588</width>
				<height>12</height>
				<align>left</align>
				<font>Font36</font>
				<textcolor>$INFO[Skin.String(Color.B1Txt1NF)]</textcolor>
				<label>31124</label>
			</control>			
		
			<control type="panel" id="9000">
				<top>123</top>
				<left>752</left>
				<height>258</height>
				<width>1086</width>
				<onleft>9003</onleft>
				<onup>noop</onup>
				<ondown>9001</ondown>
				<onright>noop</onright>
				<scrolltime>200</scrolltime>
				<pagecontrol>61</pagecontrol>
				<viewtype label="535">icon</viewtype>
				<visible>!StringCompare(Container(9000).ListItem.Property(widget),TV) + !StringCompare(Container(9000).ListItem.Property(submenuVisibility),movies) + !StringCompare(Container(9000).ListItem.Property(submenuVisibility),tvshows)</visible>
				
					<itemlayout width="176" height="258">
						<control type="group">
							<animation effect="fade" start="0" end="100" time="200">Visible</animation>
							<control type="image">
								<top>15</top>
								<left>3</left>
								<height>213</height>
								<width>170</width>
								<aspectratio>scale</aspectratio>
								<texture colordiffuse="$INFO[Skin.String(Color.B1ItemNF)]">common/white.png</texture>
							</control>
							<control type="image">
								<left>39</left>
								<top>46</top>
								<width>98</width>
								<height>98</height>
								<aspectratio>keep</aspectratio>
								<colordiffuse>$INFO[Skin.String(Color.B1Txt2NF)]</colordiffuse>
								<texture>$INFO[ListItem.ActualIcon]</texture>
							</control>
							<control type="textbox">
								<left>19</left>
								<top>160</top>
								<width>140</width>
								<height>120</height>
								<font>FontSmall</font>
								<align>center</align>
								<textcolor>$INFO[Skin.String(Color.B1Txt2NF)]</textcolor>
								<label>$INFO[ListItem.Label]</label>
							</control>
						</control>
					</itemlayout>
				
					<focusedlayout width="206" height="258">
						<control type="group">
							<animation effect="fade" start="0" end="100" time="200">Visible</animation>
							<animation effect="zoom" start="100" end="125" time="200" center="166,100">Focus</animation>
							<control type="image">
								<top>0</top>
								<left>4</left>
								<height>256</height>
								<width>199</width>
								<aspectratio>stretch</aspectratio>
								<visible>Control.HasFocus(9000)</visible>
								<texture border="16,16,16,31" colordiffuse="FF000000">common/Shadow2.png</texture>
							</control>
							<control type="image">
								<top>15</top>
								<left>18</left>
								<height>213</height>
								<width>170</width>
								<aspectratio>scale</aspectratio>
								<visible>Control.HasFocus(9000)</visible>
								<texture colordiffuse="$VAR[CategoryColor]">common/white.png</texture>
							</control>
							<control type="group">
								<visible>Control.HasFocus(9000)</visible>
								<control type="image">
									<left>54</left>
									<top>46</top>
									<width>98</width>
									<height>98</height>
									<aspectratio>keep</aspectratio>
									<colordiffuse>$INFO[Skin.String(Color.B1Txt1F)]</colordiffuse>
									<texture>$INFO[ListItem.ActualIcon]</texture>
								</control>
								<control type="textbox">
									<left>33</left>
									<top>160</top>
									<width>140</width>
									<height>120</height>
									<font>FontSmall</font>
									<align>center</align>
									<textcolor>$INFO[Skin.String(Color.B1Txt1F)]</textcolor>
									<label>$INFO[ListItem.Label]</label>
								</control>
							</control>
							<control type="group">
								<visible>!Control.HasFocus(9000)</visible>
								<control type="image">
									<left>54</left>
									<top>46</top>
									<width>98</width>
									<height>98</height>
									<aspectratio>keep</aspectratio>
									<colordiffuse>$INFO[Skin.String(Color.B1Txt2NF)]</colordiffuse>
									<texture>$INFO[ListItem.ActualIcon]</texture>
								</control>
								<control type="textbox">
									<left>33</left>
									<top>160</top>
									<width>140</width>
									<height>120</height>
									<font>FontSmall</font>
									<align>center</align>
									<textcolor>$INFO[Skin.String(Color.B1Txt2NF)]</textcolor>
									<label>$INFO[ListItem.Label]</label>
								</control>
							</control>
						</control>
					</focusedlayout>
				<content>
					<item id="1">
						<label>3</label>
						<label2>31401</label2>
						<icon>DefaultVideo.png</icon>
						<onclick>activatewindow(VideosSettings)</onclick>
					</item>
					<item id="2">
						<label>2</label>
						<label2>31402</label2>
						<icon>DefaultMusicAlbums.png</icon>
						<onclick>activatewindow(MusicSettings)</onclick>
					</item>
					<item id="3">
						<label>1</label>
						<label2>31403</label2>
						<icon>DefaultPicture.png</icon>
						<onclick>activatewindow(PicturesSettings)</onclick>
					</item>
					<item id="4">
						<label>19191</label>
						<label2>31409</label2>
						<icon>tv.png</icon>
						<onclick>activatewindow(pvrsettings)</onclick>
					</item>
					<item id="5">
						<label>8</label>
						<label2>31404</label2>
						<icon>DefaultAddonWeather.png</icon>
						<onclick>activatewindow(WeatherSettings)</onclick>
					</item>
				</content>
			</control>

			<control type="label">
				<top>406</top>
				<left>752</left>
				<width>588</width>
				<height>12</height>
				<align>left</align>
				<font>Font36</font>
				<textcolor>$INFO[Skin.String(Color.B1Txt1NF)]</textcolor>
				<label>480</label>
			</control>			
		
			<control type="panel" id="9001">
				<top>456</top>
				<left>752</left>
				<height>258</height>
				<width>1086</width>
				<onleft>9003</onleft>
				<onup>9000</onup>
				<ondown>9002</ondown>
				<onright>noop</onright>
				<scrolltime>200</scrolltime>
				<pagecontrol>61</pagecontrol>
				<viewtype label="535">icon</viewtype>
				<visible>!StringCompare(Container(9000).ListItem.Property(widget),TV) + !StringCompare(Container(9000).ListItem.Property(submenuVisibility),movies) + !StringCompare(Container(9000).ListItem.Property(submenuVisibility),tvshows)</visible>
				
					<itemlayout width="176" height="258">
						<control type="group">
							<animation effect="fade" start="0" end="100" time="200">Visible</animation>
							<control type="image">
								<top>15</top>
								<left>3</left>
								<height>213</height>
								<width>170</width>
								<aspectratio>scale</aspectratio>
								<texture colordiffuse="$INFO[Skin.String(Color.B1ItemNF)]">common/white.png</texture>
							</control>
							<control type="image">
								<left>39</left>
								<top>46</top>
								<width>98</width>
								<height>98</height>
								<aspectratio>keep</aspectratio>
								<colordiffuse>$INFO[Skin.String(Color.B1Txt2NF)]</colordiffuse>
								<texture>$INFO[ListItem.ActualIcon]</texture>
							</control>
							<control type="textbox">
								<left>18</left>
								<top>160</top>
								<width>140</width>
								<height>120</height>
								<font>FontSmall</font>
								<align>center</align>
								<textcolor>$INFO[Skin.String(Color.B1Txt2NF)]</textcolor>
								<label>$INFO[ListItem.Label]</label>
							</control>
						</control>
					</itemlayout>
				
					<focusedlayout width="206" height="258">
						<control type="group">
							<animation effect="fade" start="0" end="100" time="200">Visible</animation>
							<animation effect="zoom" start="100" end="125" time="200" center="166,100">Focus</animation>
							<control type="image">
								<top>0</top>
								<left>4</left>
								<height>256</height>
								<width>199</width>
								<aspectratio>stretch</aspectratio>
								<visible>Control.HasFocus(9001)</visible>
								<texture border="16,16,16,31" colordiffuse="FF000000">common/Shadow2.png</texture>
							</control>
							<control type="image">
								<top>15</top>
								<left>18</left>
								<height>213</height>
								<width>170</width>
								<aspectratio>scale</aspectratio>
								<visible>Control.HasFocus(9001)</visible>
								<texture colordiffuse="$VAR[CategoryColor]">common/white.png</texture>
							</control>
							<control type="group">
								<visible>Control.HasFocus(9001)</visible>
								<control type="image">
									<left>54</left>
									<top>46</top>
									<width>98</width>
									<height>98</height>
									<aspectratio>keep</aspectratio>
									<colordiffuse>$INFO[Skin.String(Color.B1Txt1F)]</colordiffuse>
									<texture>$INFO[ListItem.ActualIcon]</texture>
								</control>
								<control type="textbox">
									<left>33</left>
									<top>160</top>
									<width>140</width>
									<height>120</height>
									<font>FontSmall</font>
									<align>center</align>
									<textcolor>$INFO[Skin.String(Color.B1Txt1F)]</textcolor>
									<label>$INFO[ListItem.Label]</label>
								</control>
							</control>
							<control type="group">
								<visible>!Control.HasFocus(9001)</visible>
								<control type="image">
									<left>54</left>
									<top>46</top>
									<width>98</width>
									<height>98</height>
									<aspectratio>keep</aspectratio>
									<colordiffuse>$INFO[Skin.String(Color.B1Txt2NF)]</colordiffuse>
									<texture>$INFO[ListItem.ActualIcon]</texture>
								</control>
								<control type="textbox">
									<left>33</left>
									<top>160</top>
									<width>140</width>
									<height>120</height>
									<font>FontSmall</font>
									<align>center</align>
									<textcolor>$INFO[Skin.String(Color.B1Txt2NF)]</textcolor>
									<label>$INFO[ListItem.Label]</label>
								</control>
							</control>
						</control>
					</focusedlayout>
				<content>
					<item id="1">
						<label>480</label>
						<label2>31400</label2>
						<icon>material/designervisibility.png</icon>
						<onclick>activatewindow(AppearanceSettings)</onclick>
					</item>
					<item id="2">
						<label>20077</label>
						<label2>31411</label2>
						<icon>material/Paint.png</icon>
						<onclick>activatewindow(SkinSettings)</onclick>
					</item>
					<item id="3">
						<label>31000</label>
						<label2>31412</label2>
						<icon>DefaultAddonSkin.png</icon>
						<onclick>activatewindow(1102)</onclick>
						<visible>Skin.HasSetting(DesignerShow)</visible>
					</item>
					<item id="4">
						<label>31067</label>
						<label2>31413</label2>
						<icon>material/Palette.png</icon>
						<onclick>activatewindow(1100)</onclick>
						<visible>Skin.HasSetting(ColortoolShow)</visible>
					</item>
				</content>
			</control>			

			<control type="label">
				<top>739</top>
				<left>752</left>
				<width>588</width>
				<height>12</height>
				<align>left</align>
				<font>Font36</font>
				<textcolor>$INFO[Skin.String(Color.B1Txt1NF)]</textcolor>
				<label>13000</label>
			</control>			
		
			<control type="panel" id="9002">
				<top>790</top>
				<left>752</left>
				<height>258</height>
				<width>1086</width>
				<onleft>9003</onleft>
				<onup>9001</onup>
				<ondown>noop</ondown>
				<onright>noop</onright>
				<scrolltime>200</scrolltime>
				<pagecontrol>61</pagecontrol>
				<viewtype label="535">icon</viewtype>
				<visible>!StringCompare(Container(9000).ListItem.Property(widget),TV) + !StringCompare(Container(9000).ListItem.Property(submenuVisibility),movies) + !StringCompare(Container(9000).ListItem.Property(submenuVisibility),tvshows)</visible>
				
					<itemlayout width="176" height="258">
						<control type="group">
							<animation effect="fade" start="0" end="100" time="200">Visible</animation>
							<control type="image">
								<top>15</top>
								<left>3</left>
								<height>213</height>
								<width>170</width>
								<aspectratio>scale</aspectratio>
								<texture colordiffuse="$INFO[Skin.String(Color.B1ItemNF)]">common/white.png</texture>
							</control>
							<control type="image">
								<left>39</left>
								<top>46</top>
								<width>98</width>
								<height>98</height>
								<aspectratio>keep</aspectratio>
								<colordiffuse>$INFO[Skin.String(Color.B1Txt2NF)]</colordiffuse>
								<texture>$INFO[ListItem.ActualIcon]</texture>
							</control>
							<control type="textbox">
								<left>18</left>
								<top>160</top>
								<width>140</width>
								<height>120</height>
								<font>FontSmall</font>
								<align>center</align>
								<textcolor>$INFO[Skin.String(Color.B1Txt2NF)]</textcolor>
								<label>$INFO[ListItem.Label]</label>
							</control>
						</control>
					</itemlayout>
				
					<focusedlayout width="206" height="258">
						<control type="group">
							<animation effect="fade" start="0" end="100" time="200">Visible</animation>
							<animation effect="zoom" start="100" end="125" time="200" center="166,100">Focus</animation>
							<control type="image">
								<top>0</top>
								<left>4</left>
								<height>256</height>
								<width>199</width>
								<aspectratio>stretch</aspectratio>
								<visible>Control.HasFocus(9002)</visible>
								<texture border="16,16,16,31" colordiffuse="FF000000">common/Shadow2.png</texture>
							</control>
							<control type="image">
								<top>15</top>
								<left>18</left>
								<height>213</height>
								<width>170</width>
								<aspectratio>scale</aspectratio>
								<visible>Control.HasFocus(9002)</visible>
								<texture colordiffuse="$VAR[CategoryColor]">common/white.png</texture>
							</control>
							<control type="group">
								<visible>Control.HasFocus(9002)</visible>
								<control type="image">
									<left>54</left>
									<top>46</top>
									<width>98</width>
									<height>98</height>
									<aspectratio>keep</aspectratio>
									<colordiffuse>$INFO[Skin.String(Color.B1Txt1F)]</colordiffuse>
									<texture>$INFO[ListItem.ActualIcon]</texture>
								</control>
								<control type="textbox">
									<left>33</left>
									<top>160</top>
									<width>140</width>
									<height>120</height>
									<font>FontSmall</font>
									<align>center</align>
									<textcolor>$INFO[Skin.String(Color.B1Txt1F)]</textcolor>
									<label>$INFO[ListItem.Label]</label>
								</control>
							</control>
							<control type="group">
								<visible>!Control.HasFocus(9002)</visible>
								<control type="image">
									<left>54</left>
									<top>46</top>
									<width>98</width>
									<height>98</height>
									<aspectratio>keep</aspectratio>
									<colordiffuse>$INFO[Skin.String(Color.B1Txt2NF)]</colordiffuse>
									<texture>$INFO[ListItem.ActualIcon]</texture>
								</control>
								<control type="textbox">
									<left>33</left>
									<top>160</top>
									<width>140</width>
									<height>120</height>
									<font>FontSmall</font>
									<align>center</align>
									<textcolor>$INFO[Skin.String(Color.B1Txt2NF)]</textcolor>
									<label>$INFO[ListItem.Label]</label>
								</control>
							</control>
						</control>
					</focusedlayout>
				<content>
					<item id="1">
						<label>13000</label>
						<label2>31406</label2>
						<icon>DefaultAddonService.png</icon>
						<onclick>activatewindow(SystemSettings)</onclick>
					</item>
					<item id="2">
						<label>705</label>
						<label2>31410</label2>
						<icon>DefaultNetwork.png</icon>
						<onclick>activatewindow(NetworkSettings)</onclick>
					</item>
					<item id="3">
						<label>13200</label>
						<label2>31414</label2>
						<icon>DefaultUser.png</icon>
						<onclick>activatewindow(Profiles)</onclick>
					</item>
					<item id="4">
						<label>24001</label>
						<label2>31408</label2>
						<icon>addons.png</icon>
						<onclick>activatewindow(AddonBrowser)</onclick>
					</item>
					<item id="5">
						<label>130</label>
						<label2>20085</label2>
						<icon>DefaultHardDisk.png</icon>
						<onclick>activatewindow(7)</onclick>
					</item>
				</content>
			</control>			
		</control>
		
	</include>	

	<!-- Dialogs furnitures -->

	<!-- RadioButton -->
	<include name="DiaRadio">
		<control type="radiobutton" id="$PARAM[Id]">
			<width>588</width>
			<height>60</height>
			<font>Font27</font>
			<textwidth>500</textwidth>
			<textoffsetx>12</textoffsetx>
			<texturefocus colordiffuse="$VAR[CategoryColor3]">common/white.png</texturefocus>
			<texturenofocus colordiffuse="00FFFFFF">common/white.png</texturenofocus>
			<textureradioonfocus colordiffuse="$INFO[Skin.String(Color.DIATxtF)]">material/radioon.png</textureradioonfocus>
			<textureradioonnofocus colordiffuse="$VAR[CategoryColor3]">material/radioon.png</textureradioonnofocus>
			<textureradioofffocus colordiffuse="$INFO[Skin.String(Color.DIATxtF)]">material/radiooff.png</textureradioofffocus>
			<textureradiooffnofocus colordiffuse="$VAR[CategoryColor3]">material/radiooff.png</textureradiooffnofocus>
			<radiowidth>30</radiowidth>
			<radioheight>30</radioheight>
			<radioposx>546</radioposx>
			<textcolor>$INFO[Skin.String(Color.DIATxtNF)]</textcolor>
			<focusedcolor>$INFO[Skin.String(Color.DIATxtF)]</focusedcolor>
			<disabledcolor>$INFO[Skin.String(Color.DIAInvalid)]</disabledcolor>
			<label>$PARAM[Label]</label>
			<onleft>$PARAM[OnLeft]</onleft>
			<onright>$PARAM[OnRight]</onright>
			<visible>Control.IsEnabled($PARAM[Id])</visible>
		</control>				
	</include>

	<!-- Label -->
	<include name="DiaLabel">
		<control type="label" id="$PARAM[Id]">
			<left>12</left>
			<width>564</width>
			<height>60</height>
			<font>Font27</font>
			<textcolor>$INFO[Skin.String(Color.DIATxtNF)]</textcolor>
		</control>				
	</include>	

	<!-- Line -->
	<include name="DiaLine">
		<control type="image" id="$PARAM[Id]">
			<left>25%</left>
			<width>50%</width>
			<top>0</top>
			<height>1</height>
			<texture colordiffuse="$INFO[Skin.String(Color.DIATxtNF)]" border="94,0,94,0">common/white.png</texture>
			<bordertexture colordiffuse="00FFFFFF" border="94,0,94,0">common/white.png</bordertexture>
			<bordersize>94,0,94,0</bordersize>
			<animation effect="fade" start="100" end="50" time="0" condition="true">Conditional</animation>
		</control>			
	</include>		

	<!-- SliderEx -->
	<include name="DiaSlider">
		<control type="sliderex" id="$PARAM[Id]">
			<width>588</width>
			<height>60</height>
			<font>Font27</font>
			<textwidth>400</textwidth>
			<textoffsetx>12</textoffsetx>
			<sliderwidth>100</sliderwidth>
			<sliderheight>4</sliderheight>
			<textcolor>$INFO[Skin.String(Color.DIATxtNF)]</textcolor>
			<focusedcolor>$INFO[Skin.String(Color.DIATxtF)]</focusedcolor>
			<disabledcolor>$INFO[Skin.String(Color.DIAInvalid)]</disabledcolor>
			<texturefocus colordiffuse="$VAR[CategoryColor3]">common/white.png</texturefocus>
			<texturenofocus colordiffuse="00FFFFFF">common/white.png</texturenofocus>
			<texturesliderbar colordiffuse="55000000">common/white.png</texturesliderbar>
			<textureslidernib colordiffuse="$VAR[CategoryColor3]">common/white.png</textureslidernib>
			<textureslidernibfocus colordiffuse="$INFO[Skin.String(Color.DIATxtF)]">common/white.png</textureslidernibfocus>
			<controloffsetx></controloffsetx>
			<controloffsety></controloffsety>
			<visible>Control.IsEnabled($PARAM[Id])</visible>
		</control>	
	</include>

	<!-- SpinControl -->
	<include name="DiaSpin">
		<control type="spincontrolex" id="$PARAM[Id]">
			<width>588</width>
			<height>60</height>
			<font>Font27</font>
			<textwidth>200</textwidth>
			<textoffsetx>12</textoffsetx>
			<texturefocus colordiffuse="$VAR[CategoryColor3]">common/white.png</texturefocus>
			<texturenofocus colordiffuse="00FFFFFF">common/white.png</texturenofocus>
			<textureup colordiffuse="$INFO[Skin.String(Color.DIATxtNF)]">common/arrowupfo.png</textureup>
			<textureupfocus colordiffuse="$INFO[Skin.String(Color.DIATxtF)]">common/arrowupfo.png</textureupfocus>
			<texturedown colordiffuse="$INFO[Skin.String(Color.DIATxtNF)]">common/arrowdownfo.png</texturedown>
			<texturedownfocus colordiffuse="$INFO[Skin.String(Color.DIATxtF)]">common/arrowdownfo.png</texturedownfocus>
			<spinwidth>24</spinwidth>
			<spinheight>60</spinheight>
			<textcolor>$INFO[Skin.String(Color.DIATxtNF)]</textcolor>
			<focusedcolor>$INFO[Skin.String(Color.DIATxtF)]</focusedcolor>
			<disabledcolor>$INFO[Skin.String(Color.DIAInvalid)]</disabledcolor>
			<invalidcolor>$INFO[Skin.String(Color.DIAInvalid)]</invalidcolor>
			<label>$PARAM[Label]</label>
			<onleft>$PARAM[OnLeft]</onleft>
			<onright>$PARAM[OnRight]</onright>
			<visible>Control.IsEnabled($PARAM[Id])</visible>
		</control>		
	</include>

	<!-- Builtin Grouplist -->
	<include name="DiaGroupList">
		<control type="grouplist" id="$PARAM[Id]">
			<left>24</left>
			<top>25</top>
			<width>588</width>
			<height>308</height>
			<itemgap>1</itemgap>
			<onleft>$PARAM[OnLeft]</onleft>
			<onright>$PARAM[OnRight]</onright>
			<onup>$PARAM[OnUp]</onup>
			<ondown>$PARAM[OnDown]</ondown>
			<orientation>vertical</orientation>
			<usecontrolcoords>true</usecontrolcoords>
		</control>
	</include>

	<!-- Builtin Button for custom grouplist -->
	<include name="DiaGroupListButton">
		<control type="button" id="$PARAM[Id]">
			<width>588</width>
			<height>60</height>
			<font>Font27</font>
			<textwidth>540</textwidth>
			<textoffsetx>12</textoffsetx>
			<label>$PARAM[Label]</label>
			<texturefocus colordiffuse="$VAR[CategoryColor3]">common/white.png</texturefocus>
			<texturenofocus colordiffuse="00FFFFFF">common/white.png</texturenofocus>
			<textcolor>$INFO[Skin.String(Color.DIATxtNF)]</textcolor>
			<focusedcolor>$INFO[Skin.String(Color.DIATxtF)]</focusedcolor>
			<disabledcolor>$INFO[Skin.String(Color.DIAInvalid)]</disabledcolor>
			<invalidcolor>$INFO[Skin.String(Color.DIAInvalid)]</invalidcolor>
			<onleft>$PARAM[OnLeft]</onleft>
			<onright>$PARAM[OnRight]</onright>
			<onup>$PARAM[OnUp]</onup>
			<ondown>$PARAM[OnDown]</ondown>
			<visible>Control.IsEnabled($PARAM[Id])</visible>
		</control>
	</include>

	<!-- Custom Button for info grouplist type 1 -->
	<include name="DiaInfoButton">
		<control type="button" id="$PARAM[Id]">
			<focusedcolor>$VAR[CategoryColor3]</focusedcolor>
			<textwidth>588</textwidth>
			<textoffsetx>0</textoffsetx>
			<width>588</width>
			<height>33</height>
			<font>Font25</font>
			<label>[B]$LOCALIZE[$PARAM[Localize]][/B]$INFO[$PARAM[Label], ,$PARAM[SubLabel]]</label>
			<textcolor>$INFO[Skin.String(Color.DIATxtNF)]</textcolor>
			<onleft>$PARAM[OnLeft]</onleft>
			<onright>$PARAM[OnRight]</onright>
			<onup>$PARAM[OnUp]</onup>
			<ondown>$PARAM[OnDown]</ondown>
			<visible>!IsEmpty($PARAM[Label])</visible>
		</control>
	</include>	

	<!-- Custom Button for info grouplist type 2 -->
	<include name="DiaInfoButton2">
		<control type="button" id="$PARAM[Id]">
			<focusedcolor>$VAR[CategoryColor3]</focusedcolor>
			<textwidth>588</textwidth>
			<textoffsetx>0</textoffsetx>
			<width>588</width>
			<height>33</height>
			<font>Font25</font>
			<label>$PARAM[Label]</label>
			<textcolor>$INFO[Skin.String(Color.DIATxtNF)]</textcolor>
			<onleft>$PARAM[OnLeft]</onleft>
			<onright>$PARAM[OnRight]</onright>
			<onup>$PARAM[OnUp]</onup>
			<ondown>$PARAM[OnDown]</ondown>
		</control>
	</include>	

	<!-- Button (OK / CANCEL) -->
	<include name="DiaButton">
		<control type="button" id="$PARAM[Id]">
			<label>$PARAM[Label]</label>
			<width>$PARAM[Width]</width>
			<height>70</height>
			<font>Font27</font>
			<align>center</align>
			<texturefocus colordiffuse="$VAR[CategoryColor3]">common/white.png</texturefocus>
			<texturenofocus colordiffuse="00FFFFFF">common/white.png</texturenofocus>
			<textcolor>$INFO[Skin.String(Color.DIATxtNF)]</textcolor>
			<focusedcolor>$INFO[Skin.String(Color.DIATxtF)]</focusedcolor>
			<disabledcolor>$INFO[Skin.String(Color.DIAInvalid)]</disabledcolor>
			<invalidcolor>$INFO[Skin.String(Color.DIAInvalid)]</invalidcolor>
		</control>
	</include>

	<!-- Edit -->
	<include name="DiaEdit">
		<control type="edit" id="$PARAM[Id]">
			<width>588</width>
			<font>Font27</font>
			<textwidth>564</textwidth>
			<textoffsetx>12</textoffsetx>
			<textcolor>$INFO[Skin.String(Color.DIATxtNF)]</textcolor>
			<focusedcolor>$INFO[Skin.String(Color.DIATxtF)]</focusedcolor>
			<texturefocus colordiffuse="$VAR[CategoryColor3]">common/white.png</texturefocus>
			<texturenofocus colordiffuse="00FFFFFF">common/white.png</texturenofocus>
			<label>$PARAM[Label]</label>
			<onleft>$PARAM[OnLeft]</onleft>
			<onright>$PARAM[OnRight]</onright>
			<label>$PARAM[Label]</label>
			<visible>Control.IsEnabled($PARAM[Id])</visible>
		</control>
	</include>

	<!-- Keyboard buttons -->
	<include name="KeyboardButtons">
		<width>49</width>
		<height>60</height>
		<font>Font27</font>
		<align>center</align>
		<textoffsetx>10</textoffsetx>
		<texturefocus colordiffuse="$VAR[CategoryColor3]">common/white.png</texturefocus>
		<texturenofocus colordiffuse="00FFFFFF">common/white.png</texturenofocus>
		<textcolor>$INFO[Skin.String(Color.DIATxtNF)]</textcolor>
		<focusedcolor>$INFO[Skin.String(Color.DIATxtF)]</focusedcolor>
	</include>

	<!-- Fullscreen dimensions -->
	<include name="FullscreenDimensions">
		<left>0</left>
		<top>0</top>
		<width>1920</width>
		<height>1080</height>
	</include>

</includes>