﻿<?xml version="1.0" encoding="UTF-8" standalone="yes"?>
<addon id="script.shortdateformat"
       name="Test shortdateformat"
       version="0.0.2"
       provider-name="Leopold">
  <requires>
    <import addon="xbmc.python" version="2.1.0"/>
  </requires>
  <extension point="xbmc.python.script"
             library="default.py" />
  <extension point="xbmc.addon.metadata">
    <platform>all</platform>
    <summary lang="en">Test addon for PR #8282.</summary>
    <description lang="en"></description>
  </extension>
</addon>
