<?xml version="1.0" encoding="UTF-8"?>
<includes>

    <variable name="Image_Poster">
        <value condition="!IsEmpty(Window.Property(actor.thumb))">$INFO[Window.Property(actor.thumb)]</value>
        <value condition="!IsEmpty(Window.Property(movie.thumb))">$INFO[Window.Property(movie.thumb)]</value>
        <value condition="Window.IsVisible(DialogVideoInfo.xml) + !IsEmpty(Window.Property(list))">$INFO[Container(9500).ListItem.Icon]</value>
        <value condition="Window.IsVisible(DialogVideoInfo.xml) + StringCompare(Control.GetLabel(5),$LOCALIZE[207])">$INFO[Container(50).ListItem.Icon]</value>
         <value condition="Container.Content(genres)">http://localhost:52307/getvarimage&amp;title=$INFO{Skin.String(genre.icons.path)}$INFO[ListItem.Label,,.jpg]&amp;fallback=$INFO[ListItem.Icon]</value>
        <value condition="!IsEmpty(ListItem.Art(poster))">$INFO[ListItem.Art(poster)]</value>
        <value condition="!IsEmpty(ListItem.Art(tvshow.poster))">$INFO[ListItem.Art(tvshow.poster)]</value>
        <value>$INFO[ListItem.Icon]</value>
    </variable>

    <variable name="Image_Thumb">
        <value condition="Container.Content(episodes) | Window.IsVisible(MyPics.xml)">$INFO[ListItem.Art(thumb)]</value>
        <value condition="!IsEmpty(ListItem.Art(fanart))">$INFO[ListItem.Art(fanart)]</value>
        <value>$INFO[ListItem.Icon]</value>
    </variable>

    <variable name="Image_PVRThumb">
        <value condition="!IsEmpty(Window(Home).Property(SkinHelper.PVR.FanArt))">$INFO[Window(Home).Property(SkinHelper.PVR.FanArt)]</value>
        <value>special://skin/extras/backgrounds/home.jpg</value>
    </variable>

    <variable name="Image_Icon">
        <value condition="Container.Content(genres)">http://localhost:52307/getvarimage&amp;title=$INFO{Skin.String(genre.icons.path)}$INFO[ListItem.Label,,.jpg]&amp;fallback=$INFO[ListItem.Icon]</value>
        <value>$INFO[ListItem.Icon]</value>
    </variable>

    <variable name="Image_Fanart">
        <value condition="!IsEmpty(ListItem.Art(fanart))">$INFO[ListItem.Art(fanart)]</value>
    </variable>

    <variable name="Image_Banner">
        <value condition="!IsEmpty(ListItem.Art(banner))">$INFO[ListItem.Art(banner)]</value>
        <value condition="!IsEmpty(ListItem.Art(tvshow.banner))">$INFO[ListItem.Art(tvshow.banner)]</value>
        <value>$VAR[Image_Fanart]</value>
    </variable>


    <variable name="Image_RSS_Icon">
        <value condition="Window.IsVisible(SettingsCategory.xml)">common/rss.png</value>
        <value condition="Player.HasMedia + Player.Paused">common/pause.png</value>
        <value condition="Player.HasMedia + !Player.Paused">common/play.png</value>
        <value condition="!IsEmpty(Window(Home).Property(NextAired.NextDate))">common/nextaired.png</value>
        <value condition="IsEmpty(Window(Home).Property(NextAired.NextDate)) + !IsEmpty(Window(Home).Property(NextAired.LatestTitle))">common/nextaired.png</value>
    </variable>

    <variable name="Image_Background">
        <value condition="Window.IsVisible(script-ExtendedInfo Script-VideoList.xml)">$INFO[Container(500).ListItem.Property(Fanart_small)]</value>
        <value condition="Window.IsVisible(script-ExtendedInfo Script-DialogVideoInfo.xml) + !IsEmpty(Window(home).Property(ExtendedInfo_fanart))">$INFO[Window(home).Property(ExtendedInfo_fanart)]</value>
        <value condition="Window.IsVisible(script-ExtendedInfo Script-DialogVideoInfo.xml) | Window.IsVisible(script-ExtendedInfo Script-DialogInfo.xml)">special://skin/extras/backgrounds/actor.jpg</value>
        <value condition="Window.IsVisible(weather) + !IsEmpty(Skin.String(weather.fanart.path))">$INFO[Skin.String(weather.fanart.path)]$INFO[Window(Weather).Property(Current.FanartCode)]/</value>
        <value condition="Window.IsVisible(home) + [StringCompare(Container(9000).ListItem.Property(widget),Weather) | [IsEmpty(Container(9000).ListItem.Property(widget)) + StringCompare(Skin.String(home.fallbackwidget),Weather)]] + !IsEmpty(Skin.String(weather.fanart.path))">$INFO[Container(9001).ListItem.FileNameAndPath]</value>
        <value condition="Window.IsVisible(home) + StringCompare(Container(9000).ListItem.Property(widgetType),picture) + !IsEmpty(Container(9001).ListItem.Icon)">$INFO[Container(9001).ListItem.Icon]</value>
        <value condition="Window.IsVisible(home) + !IsEmpty(Container(9001).ListItem.Art(fanart))">$INFO[Container(9001).ListItem.Art(fanart)]</value>
        <value condition="Window.IsVisible(home) + StringCompare(Container(9000).ListItem.Property(background),playlistBackground)">$INFO[Container(9988).ListItem.Art(fanart)]</value>
        <value condition="Window.IsVisible(home) + !IsEmpty(Container(9000).ListItem.Property(Background))">$INFO[Container(9000).ListItem.Property(Background)]</value>
        <value condition="Window.IsVisible(home) + IsEmpty(Skin.String(background.fallback))">special://skin/extras/backgrounds/home.jpg</value>
        <value condition="Window.IsVisible(home) + !IsEmpty(Skin.String(background.fallback))">$INFO[Skin.String(background.fallback)]</value>
        <value condition="Skin.HasSetting(background.hidefanart) + IsEmpty(Skin.String(background.fallback))">common/black.png</value>
        <value condition="Skin.HasSetting(background.hidefanart) + !IsEmpty(Skin.String(background.fallback))">$INFO[Skin.String(background.fallback)]</value>
        <value condition="!IsEmpty(Container(9500).ListItem.Art(fanart)) + !Skin.HasSetting(global.fanart)">$INFO[Container(9500).ListItem.Art(fanart)]</value>
        <value condition="!IsEmpty(ListItem.Art(fanart)) + !Skin.HasSetting(global.fanart)">$INFO[ListItem.Art(fanart)]</value>
        <value condition="!IsEmpty(Skin.String(background.fallback))">$INFO[Skin.String(background.fallback)]</value>
        <value>common/black.png</value>
    </variable>

    <variable name="Image_Indicator">
        <value condition="ListItem.IsPlaying">indicator/play.png</value>
        <value condition="ListItem.IsResumable">indicator/inprogress.png</value>
        <value condition="stringcompare(ListItem.Overlay,OverlayWatched.png)">indicator/checkmark.png</value>
        <value condition="[SubString(ListItem.Overlay,OverlayUnwatched.png) + [[Container.Content(movies) + [StringCompare(Window(Home).Property(LatestMovie.1.Title),ListItem.Label) | StringCompare(Window(Home).Property(LatestMovie.2.Title),ListItem.Label) | StringCompare(Window(Home).Property(LatestMovie.3.Title),ListItem.Label) | StringCompare(Window(Home).Property(LatestMovie.4.Title),ListItem.Label) | StringCompare(Window(Home).Property(LatestMovie.5.Title),ListItem.Label) | StringCompare(Window(Home).Property(LatestMovie.6.Title),ListItem.Label) | StringCompare(Window(Home).Property(LatestMovie.7.Title),ListItem.Label) | StringCompare(Window(Home).Property(LatestMovie.8.Title),ListItem.Label) | StringCompare(Window(Home).Property(LatestMovie.9.Title),ListItem.Label) | StringCompare(Window(Home).Property(LatestMovie.10.Title),ListItem.Label)]] | [[Container.Content(tvshows)] + [StringCompare(Window(Home).Property(LatestEpisode.1.ShowTitle),ListItem.TvShowTitle) | StringCompare(Window(Home).Property(LatestEpisode.2.ShowTitle),ListItem.TvShowTitle) | StringCompare(Window(Home).Property(LatestEpisode.3.ShowTitle),ListItem.TvShowTitle) | StringCompare(Window(Home).Property(LatestEpisode.4.ShowTitle),ListItem.TvShowTitle) | StringCompare(Window(Home).Property(LatestEpisode.5.ShowTitle),ListItem.TvShowTitle) | StringCompare(Window(Home).Property(LatestEpisode.6.ShowTitle),ListItem.TvShowTitle) | StringCompare(Window(Home).Property(LatestEpisode.7.ShowTitle),ListItem.TvShowTitle) | StringCompare(Window(Home).Property(LatestEpisode.8.ShowTitle),ListItem.TvShowTitle) | StringCompare(Window(Home).Property(LatestEpisode.9.ShowTitle),ListItem.TvShowTitle) | StringCompare(Window(Home).Property(LatestEpisode.10.ShowTitle),ListItem.TvShowTitle)]] | [Container.Content(episodes) + [StringCompare(Window(Home).Property(LatestEpisode.1.EpisodeTitle),ListItem.Title) | StringCompare(Window(Home).Property(LatestEpisode.2.EpisodeTitle),ListItem.Title) | StringCompare(Window(Home).Property(LatestEpisode.3.EpisodeTitle),ListItem.Title) | StringCompare(Window(Home).Property(LatestEpisode.4.EpisodeTitle),ListItem.Title) | StringCompare(Window(Home).Property(LatestEpisode.5.EpisodeTitle),ListItem.Title) | StringCompare(Window(Home).Property(LatestEpisode.6.EpisodeTitle),ListItem.Title) | StringCompare(Window(Home).Property(LatestEpisode.7.EpisodeTitle),ListItem.Title) | StringCompare(Window(Home).Property(LatestEpisode.8.EpisodeTitle),ListItem.Title) | StringCompare(Window(Home).Property(LatestEpisode.9.EpisodeTitle),ListItem.Title) | StringCompare(Window(Home).Property(LatestEpisode.10.EpisodeTitle),ListItem.Title)]]]]">indicator/new.png</value>
        <value condition="stringcompare(ListItem.Overlay,OverlayUnwatched.png)">indicator/unwatched.png</value>
    </variable>
</includes>