<?xml version="1.0" encoding="UTF-8"?>
<overrides>
    <widgetRename>False</widgetRename>

    <propertySettings property="homeart" buttonID="412" title="Select Item Art" showNone="True" imageBrowse="True" />
    <propertySettings property="viewtype" buttonID="411" title="Select Viewtype" showNone="True" imageBrowse="False" />

    <propertydefault labelID="videos" property="viewtype">HOM.View1</propertydefault>
    <propertydefault labelID="movies" property="viewtype">HOM.View1</propertydefault>
    <propertydefault labelID="tvshows" property="viewtype">HOM.View1</propertydefault>
    <propertydefault labelID="music" property="viewtype">HOM.View1</propertydefault>
    <propertydefault labelID="programs" property="viewtype">HOM.View1</propertydefault>
    <propertydefault labelID="1036" property="viewtype">HOM.View1</propertydefault>
    <propertydefault labelID="settings" property="viewtype">HOM.View1</propertydefault>
    <propertydefault labelID="31063" property="viewtype">HOM.View1</propertydefault>
    <propertydefault labelID="pictures" property="viewtype">HOM.View1</propertydefault>
    <propertydefault labelID="livetv" property="viewtype">HOM.View1</propertydefault>
    <propertydefault labelID="13005" property="viewtype">HOM.View1</propertydefault>
    <propertydefault labelID="weather" property="viewtype">HOM.View1</propertydefault>
    <propertydefault labelID="script.globalsearch" property="viewtype">HOM.View1</propertydefault>

    <propertydefault labelID="videos" property="homeart">homeart/videos.jpg</propertydefault>
    <propertydefault labelID="movies" property="homeart">homeart/movies.jpg</propertydefault>
    <propertydefault labelID="tvshows" property="homeart">homeart/tvshows.png</propertydefault>
    <propertydefault labelID="music" property="homeart">homeart/music.jpg</propertydefault>
    <propertydefault labelID="programs" property="homeart">homeart/addons.jpg</propertydefault>
    <propertydefault labelID="1036" property="homeart">homeart/favourites.jpg</propertydefault>
    <propertydefault labelID="settings" property="homeart">homeart/settings.jpg</propertydefault>
    <propertydefault labelID="31063" property="homeart">homeart/addons.jpg</propertydefault>
    <propertydefault labelID="pictures" property="homeart">homeart/pictures.jpg</propertydefault>
    <propertydefault labelID="livetv" property="homeart">homeart/tv.jpg</propertydefault>
    <propertydefault labelID="13005" property="homeart">homeart/shutdown.jpg</propertydefault>
    <propertydefault labelID="weather" property="homeart">homeart/weather.jpg</propertydefault>
    <propertydefault labelID="script.globalsearch" property="homeart">homeart/search.jpg</propertydefault>

    <property property="viewtype" condition="!IsEmpty(Skin.String(HOM.View1.Name))" label="$INFO[Skin.String(HOM.View1.Name)]">HOM.View1</property> 
    <property property="viewtype" condition="!IsEmpty(Skin.String(HOM.View2.Name))" label="$INFO[Skin.String(HOM.View2.Name)]">HOM.View2</property> 
    <property property="viewtype" condition="!IsEmpty(Skin.String(HOM.View3.Name))" label="$INFO[Skin.String(HOM.View3.Name)]">HOM.View3</property> 
    <property property="viewtype" condition="!IsEmpty(Skin.String(HOM.View4.Name))" label="$INFO[Skin.String(HOM.View4.Name)]">HOM.View4</property> 
    <property property="viewtype" condition="!IsEmpty(Skin.String(HOM.View5.Name))" label="$INFO[Skin.String(HOM.View5.Name)]">HOM.View5</property> 
    <property property="viewtype" condition="!IsEmpty(Skin.String(HOM.View6.Name))" label="$INFO[Skin.String(HOM.View6.Name)]">HOM.View6</property> 
    <property property="viewtype" condition="!IsEmpty(Skin.String(HOM.View7.Name))" label="$INFO[Skin.String(HOM.View7.Name)]">HOM.View7</property> 
    <property property="viewtype" condition="!IsEmpty(Skin.String(HOM.View8.Name))" label="$INFO[Skin.String(HOM.View8.Name)]">HOM.View8</property> 
    <property property="viewtype" condition="!IsEmpty(Skin.String(HOM.View9.Name))" label="$INFO[Skin.String(HOM.View9.Name)]">HOM.View9</property> 

    <!-- Backgrounds -->	
    <background label="smartshortcuts" condition="System.HasAddon(script.skin.helper.service)">||BROWSE||plugin://script.skin.helper.service/?action=backgrounds</background>
    <backgroundBrowse default="special://skin/extras/backgrounds/">True</backgroundBrowse>

    <!--widget-groupings-->
        <!--shortcut label="Weather Forecast" widget="WeatherWidget" widgetType="weather">WeatherWidget</shortcut>
        <shortcut label="Favourites">Favourites</shortcut>
        <shortcut label="TV" widget="TV" widgetType="pvr">pvr://channels/tv/1/;reload=$INFO[Window.Property(recommendedmovies)]&amp;limit=12</shortcut-->

        <!-- Skin.Helper widgets -->
        <!--shortcut label="Skin Playlists" type="32010">||BROWSE||script.skin.helper.service/?action=widgets&amp;path=skinplaylists</shortcut>
        <shortcut label="Library Data" type="32010">||BROWSE||script.skin.helper.service/?action=widgets&amp;path=librarydataprovider</shortcut>
        <shortcut label="Skin Helper" type="32010">||BROWSE||script.skin.helper.service/?action=widgets&amp;path=scriptwidgets</shortcut>
        <shortcut label="Extended Info" type="32010">||BROWSE||script.skin.helper.service/?action=widgets&amp;path=extendedinfo</shortcut>
        <shortcut label="Smart Shortcuts" type="32010">||BROWSE||script.skin.helper.service/?action=widgets&amp;path=smartshortcuts</shortcut>
        <shortcut label="Smartish" type="32010">||BROWSE||script.skin.helper.service/?action=widgets&amp;path=smartishwidgets</shortcut>
    </widget-groupings-->

     <widget-groupings> 
        <!-- script.skin.helper.service default widgets --> 
        <shortcut label="$ADDON[script.skin.helper.service 32063]" type="32010" condition="System.HasAddon(script.skin.helper.service)">||BROWSE||script.skin.helper.service/?action=widgets&amp;path=skinplaylists,scriptwidgets,smartshortcuts,extendedinfo,smartishwidgets,favourites,static</shortcut> 
        <content>widgets</content> 
        <node label="32030"> 
            <content>video</content> 
            <node label="32040"> 
                <content>playlist-video</content> 
            </node> 
            <node label="32010"> 
                <content>addon-video</content> 
            </node> 
            <node label="32075"> 
                <content>videosources</content> 
            </node> 
        </node> 
        <node label="32031"> 
            <content>music</content> 
            <node label="32040"> 
                <content>playlist-audio</content> 
            </node> 
            <node label="32011"> 
                <content>addon-audio</content> 
            </node> 
            <node label="32075"> 
                <content>musicsources</content> 
            </node> 
        </node> 
        <node label="32020"> 
            <content>picturesources</content> 
        </node> 
        <node label="31145">
            <shortcut label="31146 " widget="TV" widgetType="pvr">pvr://channels/tv/1/;reload=$INFO[Window.Property(recommendedmovies)]&amp;limit=12</shortcut>
        </node>
        <node label="31147">
            <shortcut label="31148" widget="WeatherWidget" widgetType="weather">WeatherWidget</shortcut>
        </node>
        <node label="32007"> 
            <node label="32010"> 
                <content>addon-video</content> 
            </node> 
            <node label="32011"> 
                <content>addon-audio</content> 
            </node> 
            <node label="32012"> 
                <content>addon-image</content> 
            </node> 
            <node label="32009"> 
                <content>addon-program-plugin</content> 
            </node> 
            <shortcut label="10001" type="32021" icon="DefaultAddonProgram.png" widget="addon" widgetType="program" widgetTarget="programs">addons://sources/executable</shortcut> 
            <shortcut label="1037" type="32014" icon="DefaultAddonVideo.png" widget="addon" widgetType="video" widgetTarget="video">addons://sources/video</shortcut> 
            <shortcut label="1038" type="32019" icon="DefaultAddonMusic.png" widget="addon" widgetType="music" widgetTarget="music">addons://sources/audio</shortcut> 
            <shortcut label="1039" type="32020" icon="DefaultAddonPicture.png" widget="addon" widgetType="picture" widgetTarget="pictures">addons://sources/image</shortcut> 
        </node> 
    </widget-groupings>

    <!-- Weather -->
    <widgetdefault labelID="weather">WeatherWidget</widgetdefault>
    <widgetdefault labelID="1036">Favourites</widgetdefault>
    <widgetdefault labelID="livetv">TV</widgetdefault>
    <widgetdefault labelID="movies">RecentMovies</widgetdefault>
    <widgetdefault labelID="tvshows">NextEpisodes</widgetdefault>
    <widgetdefault labelID="music">RandomAlbums</widgetdefault>
    <widgetdefault labelID="programs">ProgramAddons</widgetdefault>

    <thumbnail label="Actor">special://skin/extras/icons/DefaultActor.png</thumbnail>
    <thumbnail label="Addon">special://skin/extras/icons/DefaultAddon.png</thumbnail>
    <thumbnail label="AddonAlbumInfo">special://skin/extras/icons/DefaultAddonAlbumInfo.png</thumbnail>
    <thumbnail label="AddonArtistInfo">special://skin/extras/icons/DefaultAddonArtistInfo.png</thumbnail>
    <thumbnail label="AddonAudioEncoder">special://skin/extras/icons/DefaultAddonAudioEncoder.png</thumbnail>
    <thumbnail label="AddonHelper">special://skin/extras/icons/DefaultAddonHelper.png</thumbnail>
    <thumbnail label="AddonInfoLibrary">special://skin/extras/icons/DefaultAddonInfoLibrary.png</thumbnail>
    <thumbnail label="AddonLibrary">special://skin/extras/icons/DefaultAddonLibrary.png</thumbnail>
    <thumbnail label="AddonLyrics">special://skin/extras/icons/DefaultAddonLyrics.png</thumbnail>
    <thumbnail label="AddonMovieInfo">special://skin/extras/icons/DefaultAddonMovieInfo.png</thumbnail>
    <thumbnail label="AddonMusic">special://skin/extras/icons/DefaultAddonMusic.png</thumbnail>
    <thumbnail label="AddonMusicVideoInfo">special://skin/extras/icons/DefaultAddonMusicVideoInfo.png</thumbnail>
    <thumbnail label="AddonNone">special://skin/extras/icons/DefaultAddonNone.png</thumbnail>
    <thumbnail label="AddonPicture">special://skin/extras/icons/DefaultAddonPicture.png</thumbnail>
    <thumbnail label="AddonProgram">special://skin/extras/icons/DefaultAddonProgram.png</thumbnail>
    <thumbnail label="AddonPVRClient">special://skin/extras/icons/DefaultAddonPVRClient.png</thumbnail>
    <thumbnail label="AddonRepository">special://skin/extras/icons/DefaultAddonRepository.png</thumbnail>
    <thumbnail label="AddonScreensaver">special://skin/extras/icons/DefaultAddonScreensaver.png</thumbnail>
    <thumbnail label="AddonService">special://skin/extras/icons/DefaultAddonService.png</thumbnail>
    <thumbnail label="AddonSkin">special://skin/extras/icons/DefaultAddonSkin.png</thumbnail>
    <thumbnail label="AddonSubtitles">special://skin/extras/icons/DefaultAddonSubtitles.png</thumbnail>
    <thumbnail label="AddonTvInfo">special://skin/extras/icons/DefaultAddonTvInfo.png</thumbnail>
    <thumbnail label="AddonVideo">special://skin/extras/icons/DefaultAddonVideo.png</thumbnail>
    <thumbnail label="AddonVizualization">special://skin/extras/icons/DefaultAddonVisualization.png</thumbnail>
    <thumbnail label="AddonWeather">special://skin/extras/icons/DefaultAddonWeather.png</thumbnail>
    <thumbnail label="AddonWebSkin">special://skin/extras/icons/DefaultAddonWebSkin.png</thumbnail>
    <thumbnail label="AddSource">special://skin/extras/icons/DefaultAddSource.png</thumbnail>
    <thumbnail label="AlbumCover">special://skin/extras/icons/DefaultAlbumCover.png</thumbnail>
    <thumbnail label="Artist">special://skin/extras/icons/DefaultArtist.png</thumbnail>
    <thumbnail label="Audio">special://skin/extras/icons/DefaultAudio.png</thumbnail>
    <thumbnail label="CDDA">special://skin/extras/icons/DefaultCDDA.png</thumbnail>
    <thumbnail label="Country">special://skin/extras/icons/DefaultCountry.png</thumbnail>
    <thumbnail label="Director">special://skin/extras/icons/DefaultDirector.png</thumbnail>
    <thumbnail label="DVDEmpty">special://skin/extras/icons/DefaultDVDEmpty.png</thumbnail>
    <thumbnail label="DVDFull">special://skin/extras/icons/DefaultDVDFull.png</thumbnail>
    <thumbnail label="DVDRom">special://skin/extras/icons/DefaultDVDRom.png</thumbnail>
    <thumbnail label="Favourites">special://skin/extras/icons/favourites.png</thumbnail>
    <thumbnail label="File">special://skin/extras/icons/DefaultFile.png</thumbnail>
    <thumbnail label="Folder">special://skin/extras/icons/DefaultFolder.png</thumbnail>
    <thumbnail label="FolderBack">special://skin/extras/icons/DefaultFolderBack.png</thumbnail>
    <thumbnail label="Genre">special://skin/extras/icons/DefaultGenre.png</thumbnail>
    <thumbnail label="HardDisk">special://skin/extras/icons/DefaultHardDisk.png</thumbnail>
    <thumbnail label="InProgressShows">special://skin/extras/icons/DefaultInProgressShows.png</thumbnail>
    <thumbnail label="Movies">special://skin/extras/icons/DefaultMovies.png</thumbnail>
    <thumbnail label="MovieTitle">special://skin/extras/icons/DefaultMovieTitle.png</thumbnail>
    <thumbnail label="MusicAlbums">special://skin/extras/icons/DefaultMusicAlbums.png</thumbnail>
    <thumbnail label="MusicArtists">special://skin/extras/icons/DefaultMusicArtists.png</thumbnail>
    <thumbnail label="MusicCompilations">special://skin/extras/icons/DefaultMusicCompilations.png</thumbnail>
    <thumbnail label="MusicGenres">special://skin/extras/icons/DefaultMusicGenres.png</thumbnail>
    <thumbnail label="MusicPlaylists">special://skin/extras/icons/DefaultMusicPlaylists.png</thumbnail>
    <thumbnail label="MusicPlugins">special://skin/extras/icons/DefaultMusicPlugins.png</thumbnail>
    <thumbnail label="MusicRecentlyAdded">special://skin/extras/icons/DefaultMusicRecentlyAdded.png</thumbnail>
    <thumbnail label="MusicRecentlyPlayed">special://skin/extras/icons/DefaultMusicRecentlyPlayed.png</thumbnail>
    <thumbnail label="MusicSearch">special://skin/extras/icons/DefaultMusicSearch.png</thumbnail>
    <thumbnail label="MusicSongs">special://skin/extras/icons/DefaultMusicSongs.png</thumbnail>
    <thumbnail label="MusicTop100">special://skin/extras/icons/DefaultMusicTop100.png</thumbnail>
    <thumbnail label="MusicTop100Albums">special://skin/extras/icons/DefaultMusicTop100Albums.png</thumbnail>
    <thumbnail label="MusicTop100Songs">special://skin/extras/icons/DefaultMusicTop100Songs.png</thumbnail>
    <thumbnail label="MusicVideos">special://skin/extras/icons/DefaultMusicVideos.png</thumbnail>
    <thumbnail label="MusicVideoTitle">special://skin/extras/icons/DefaultMusicVideoTitle.png</thumbnail>
    <thumbnail label="MusicYears">special://skin/extras/icons/DefaultMusicYears.png</thumbnail>
    <thumbnail label="Network">special://skin/extras/icons/DefaultNetwork.png</thumbnail>
    <thumbnail label="Picture">special://skin/extras/icons/DefaultPicture.png</thumbnail>
    <thumbnail label="Playlist">special://skin/extras/icons/DefaultPlaylist.png</thumbnail>
    <thumbnail label="Program">special://skin/extras/icons/DefaultProgram.png</thumbnail>
    <thumbnail label="RecentlyAddedEpisodes">special://skin/extras/icons/DefaultRecentlyAddedEpisodes.png</thumbnail>
    <thumbnail label="RecentlyAddedMovies">special://skin/extras/icons/DefaultRecentlyAddedMovies.png</thumbnail>
    <thumbnail label="RecentlyAddedMusicVideos">special://skin/extras/icons/DefaultRecentlyAddedMusicVideos.png</thumbnail>
    <thumbnail label="RemovableDisk">special://skin/extras/icons/DefaultRemovableDisk.png</thumbnail>
    <thumbnail label="Script">special://skin/extras/icons/DefaultScript.png</thumbnail>
    <thumbnail label="Sets">special://skin/extras/icons/DefaultSets.png</thumbnail>
    <thumbnail label="Shortcut">special://skin/extras/icons/DefaultShortcut.png</thumbnail>
    <thumbnail label="Studios">special://skin/extras/icons/DefaultStudios.png</thumbnail>
    <thumbnail label="TVShows">special://skin/extras/icons/DefaultTVShows.png</thumbnail>
    <thumbnail label="TVShowTitle">special://skin/extras/icons/DefaultTVShowTitle.png</thumbnail>
    <thumbnail label="User">special://skin/extras/icons/DefaultUser.png</thumbnail>
    <thumbnail label="Video">special://skin/extras/icons/DefaultVideo.png</thumbnail>
    <thumbnail label="VideoCover">special://skin/extras/icons/DefaultVideoCover.png</thumbnail>
    <thumbnail label="VideoPlaylists">special://skin/extras/icons/DefaultVideoPlaylists.png</thumbnail>
    <thumbnail label="VideoPlugins">special://skin/extras/icons/DefaultVideoPlugins.png</thumbnail>
    <thumbnail label="Year">special://skin/extras/icons/DefaultYear.png</thumbnail>


</overrides>