<?xml version="1.0" encoding="UTF-8"?>
<window>
	<!-- favourites -->
	<defaultcontrol always="true">450</defaultcontrol>
	<onload>ClearProperty(favourite.1.name,home)</onload>
	<onload>ClearProperty(favourite.2.name,home)</onload>
	<onload>ClearProperty(favourite.3.name,home)</onload>
	<onload>ClearProperty(favourite.4.name,home)</onload>
	<onload>ClearProperty(favourite.5.name,home)</onload>
	<onload>ClearProperty(favourite.6.name,home)</onload>
	<onload>ClearProperty(favourite.7.name,home)</onload>
	<onload>ClearProperty(favourite.8.name,home)</onload>
	<onload>ClearProperty(favourite.9.name,home)</onload>
	<onload>ClearProperty(favourite.10.name,home)</onload>
	<onunload condition="System.HasAddon(script.favourites) + Skin.HasSetting(HomeFavourites)">RunScript(script.favourites)</onunload>
	<onload condition="IsEmpty(Window(Home).Property(DialogVisibility))">SetProperty(DialogVisibility,$INFO[Window.Property(xmlfile)],Home)</onload>
	<onload condition="!IsEmpty(Window(Home).Property(DialogVisibility)) + IsEmpty(Window(Home).Property(DialogVisibility2))">SetProperty(DialogVisibility2,$INFO[Window.Property(xmlfile)],Home)</onload>
	<onload condition="!IsEmpty(Window(Home).Property(DialogVisibility2)) + IsEmpty(Window(Home).Property(DialogVisibility3))">SetProperty(DialogVisibility3,$INFO[Window.Property(xmlfile)],Home)</onload>
	<onload condition="!IsEmpty(Window(Home).Property(DialogVisibility3)) + IsEmpty(Window(Home).Property(DialogVisibility4))">SetProperty(DialogVisibility4,$INFO[Window.Property(xmlfile)],Home)</onload>
	<onload condition="!IsEmpty(Window(Home).Property(DialogVisibility4)) + IsEmpty(Window(Home).Property(DialogVisibility5))">SetProperty(DialogVisibility5,$INFO[Window.Property(xmlfile)],Home)</onload>
	<onunload condition="IsEmpty(Window(Home).Property(DialogVisibility2))">ClearProperty(DialogVisibility,Home)</onunload>
	<onunload condition="IsEmpty(Window(Home).Property(DialogVisibility3))">ClearProperty(DialogVisibility2,Home)</onunload>
	<onunload condition="IsEmpty(Window(Home).Property(DialogVisibility4))">ClearProperty(DialogVisibility3,Home)</onunload>
	<onunload condition="IsEmpty(Window(Home).Property(DialogVisibility5))">ClearProperty(DialogVisibility4,Home)</onunload>
	<onunload>ClearProperty(DialogVisibility5,Home)</onunload>
	
	<controls>
		
		<control type="group">
			<visible>[StringCompare(Window(Home).Property(DialogVisibility),Window.Property(xmlfile)) + IsEmpty(Window(Home).Property(DialogVisibility2))] | 
					[StringCompare(Window(Home).Property(DialogVisibility2),Window.Property(xmlfile)) + IsEmpty(Window(Home).Property(DialogVisibility3))] |
					[StringCompare(Window(Home).Property(DialogVisibility3),Window.Property(xmlfile)) + IsEmpty(Window(Home).Property(DialogVisibility4))] |
					[StringCompare(Window(Home).Property(DialogVisibility4),Window.Property(xmlfile)) + IsEmpty(Window(Home).Property(DialogVisibility5))] |
					StringCompare(Window(Home).Property(DialogVisibility5),Window.Property(xmlfile))</visible>
			
			<include name="DialogPOS">
				<param name="DialogName" value="DiaFavorites" />
			</include>

		</control>

	</controls>

</window>