<?xml version="1.0" encoding="UTF-8"?>
<window>
	<!-- virtualkeyboard -->
	<zorder>3</zorder>
	<defaultcontrol always="true">996</defaultcontrol>
	<coordinates>
		<posx>0</posx>
		<posy>0</posy>
		<origin x="0" y="0"></origin>
	</coordinates>

	<controls>
	
		<include name="ContextMenu" condition="IsEmpty(Window(Home).Property(DialogVisibility)) + StringCompare(Window(Home).Property(CompPrefix),VDO.View1)">
			<param name="Prefix" value="VDO.View1" />
			<param name="BlocID" value="B2" />
		</include>
		<include name="ContextMenu" condition="IsEmpty(Window(Home).Property(DialogVisibility)) + StringCompare(Window(Home).Property(CompPrefix),VDO.View2)">
			<param name="Prefix" value="VDO.View2" />
			<param name="BlocID" value="B2" />
		</include>
		<include name="ContextMenu" condition="IsEmpty(Window(Home).Property(DialogVisibility)) + StringCompare(Window(Home).Property(CompPrefix),VDO.View3)">
			<param name="Prefix" value="VDO.View3" />
			<param name="BlocID" value="B2" />
		</include>
		<include name="ContextMenu" condition="IsEmpty(Window(Home).Property(DialogVisibility)) + StringCompare(Window(Home).Property(CompPrefix),VDO.View4)">
			<param name="Prefix" value="VDO.View4" />
			<param name="BlocID" value="B2" />
		</include>
		<include name="ContextMenu" condition="IsEmpty(Window(Home).Property(DialogVisibility)) + StringCompare(Window(Home).Property(CompPrefix),VDO.View5)">
			<param name="Prefix" value="VDO.View5" />
			<param name="BlocID" value="B2" />
		</include>
		<include name="ContextMenu" condition="IsEmpty(Window(Home).Property(DialogVisibility)) + StringCompare(Window(Home).Property(CompPrefix),VDO.View6)">
			<param name="Prefix" value="VDO.View6" />
			<param name="BlocID" value="B2" />
		</include>
		<include name="ContextMenu" condition="IsEmpty(Window(Home).Property(DialogVisibility)) + StringCompare(Window(Home).Property(CompPrefix),VDO.View7)">
			<param name="Prefix" value="VDO.View7" />
			<param name="BlocID" value="B2" />
		</include>
		<include name="ContextMenu" condition="IsEmpty(Window(Home).Property(DialogVisibility)) + StringCompare(Window(Home).Property(CompPrefix),VDO.View8)">
			<param name="Prefix" value="VDO.View8" />
			<param name="BlocID" value="B2" />
		</include>
		<include name="ContextMenu" condition="IsEmpty(Window(Home).Property(DialogVisibility)) + StringCompare(Window(Home).Property(CompPrefix),VDO.View9)">
			<param name="Prefix" value="VDO.View9" />
			<param name="BlocID" value="B2" />
		</include>
		
		<include name="ContextMenu" condition="IsEmpty(Window(Home).Property(DialogVisibility)) + StringCompare(Window(Home).Property(CompPrefix),MUS.View1)">
			<param name="Prefix" value="MUS.View1" />
			<param name="BlocID" value="B2" />
		</include>
		<include name="ContextMenu" condition="IsEmpty(Window(Home).Property(DialogVisibility)) + StringCompare(Window(Home).Property(CompPrefix),MUS.View2)">
			<param name="Prefix" value="MUS.View2" />
			<param name="BlocID" value="B2" />
		</include>
		<include name="ContextMenu" condition="IsEmpty(Window(Home).Property(DialogVisibility)) + StringCompare(Window(Home).Property(CompPrefix),MUS.View3)">
			<param name="Prefix" value="MUS.View3" />
			<param name="BlocID" value="B2" />
		</include>
		<include name="ContextMenu" condition="IsEmpty(Window(Home).Property(DialogVisibility)) + StringCompare(Window(Home).Property(CompPrefix),MUS.View4)">
			<param name="Prefix" value="MUS.View4" />
			<param name="BlocID" value="B2" />
		</include>
		<include name="ContextMenu" condition="IsEmpty(Window(Home).Property(DialogVisibility)) + StringCompare(Window(Home).Property(CompPrefix),MUS.View5)">
			<param name="Prefix" value="MUS.View5" />
			<param name="BlocID" value="B2" />
		</include>
		<include name="ContextMenu" condition="IsEmpty(Window(Home).Property(DialogVisibility)) + StringCompare(Window(Home).Property(CompPrefix),MUS.View6)">
			<param name="Prefix" value="MUS.View6" />
			<param name="BlocID" value="B2" />
		</include>
		<include name="ContextMenu" condition="IsEmpty(Window(Home).Property(DialogVisibility)) + StringCompare(Window(Home).Property(CompPrefix),MUS.View7)">
			<param name="Prefix" value="MUS.View7" />
			<param name="BlocID" value="B2" />
		</include>
		<include name="ContextMenu" condition="IsEmpty(Window(Home).Property(DialogVisibility)) + StringCompare(Window(Home).Property(CompPrefix),MUS.View8)">
			<param name="Prefix" value="MUS.View8" />
			<param name="BlocID" value="B2" />
		</include>
		<include name="ContextMenu" condition="IsEmpty(Window(Home).Property(DialogVisibility)) + StringCompare(Window(Home).Property(CompPrefix),MUS.View9)">
			<param name="Prefix" value="MUS.View9" />
			<param name="BlocID" value="B2" />
		</include>

		<include name="ContextMenu" condition="IsEmpty(Window(Home).Property(DialogVisibility)) + StringCompare(Window(Home).Property(CompPrefix),TV.View1)">
			<param name="Prefix" value="TV.View1" />
			<param name="BlocID" value="B2" />
		</include>
		<include name="ContextMenu" condition="IsEmpty(Window(Home).Property(DialogVisibility)) + StringCompare(Window(Home).Property(CompPrefix),TV.View2)">
			<param name="Prefix" value="TV.View2" />
			<param name="BlocID" value="B2" />
		</include>
		<include name="ContextMenu" condition="IsEmpty(Window(Home).Property(DialogVisibility)) + StringCompare(Window(Home).Property(CompPrefix),TV.View3)">
			<param name="Prefix" value="TV.View3" />
			<param name="BlocID" value="B2" />
		</include>
		<include name="ContextMenu" condition="IsEmpty(Window(Home).Property(DialogVisibility)) + StringCompare(Window(Home).Property(CompPrefix),TV.View4)">
			<param name="Prefix" value="TV.View4" />
			<param name="BlocID" value="B2" />
		</include>
		<include name="ContextMenu" condition="IsEmpty(Window(Home).Property(DialogVisibility)) + StringCompare(Window(Home).Property(CompPrefix),TV.View5)">
			<param name="Prefix" value="TV.View5" />
			<param name="BlocID" value="B2" />
		</include>
		<include name="ContextMenu" condition="IsEmpty(Window(Home).Property(DialogVisibility)) + StringCompare(Window(Home).Property(CompPrefix),TV.View6)">
			<param name="Prefix" value="TV.View6" />
			<param name="BlocID" value="B2" />
		</include>
		<include name="ContextMenu" condition="IsEmpty(Window(Home).Property(DialogVisibility)) + StringCompare(Window(Home).Property(CompPrefix),TV.View7)">
			<param name="Prefix" value="TV.View7" />
			<param name="BlocID" value="B2" />
		</include>
		<include name="ContextMenu" condition="IsEmpty(Window(Home).Property(DialogVisibility)) + StringCompare(Window(Home).Property(CompPrefix),TV.View8)">
			<param name="Prefix" value="TV.View8" />
			<param name="BlocID" value="B2" />
		</include>
		<include name="ContextMenu" condition="IsEmpty(Window(Home).Property(DialogVisibility)) + StringCompare(Window(Home).Property(CompPrefix),TV.View9)">
			<param name="Prefix" value="TV.View9" />
			<param name="BlocID" value="B2" />
		</include>		
		
		<include name="ContextMenu" condition="IsEmpty(Window(Home).Property(DialogVisibility)) + StringCompare(Window(Home).Property(CompPrefix),PIC.View1)">
			<param name="Prefix" value="PIC.View1" />
			<param name="BlocID" value="B2" />
		</include>
		<include name="ContextMenu" condition="IsEmpty(Window(Home).Property(DialogVisibility)) + StringCompare(Window(Home).Property(CompPrefix),PIC.View2)">
			<param name="Prefix" value="PIC.View2" />
			<param name="BlocID" value="B2" />
		</include>
		<include name="ContextMenu" condition="IsEmpty(Window(Home).Property(DialogVisibility)) + StringCompare(Window(Home).Property(CompPrefix),PIC.View3)">
			<param name="Prefix" value="PIC.View3" />
			<param name="BlocID" value="B2" />
		</include>
		<include name="ContextMenu" condition="IsEmpty(Window(Home).Property(DialogVisibility)) + StringCompare(Window(Home).Property(CompPrefix),PIC.View4)">
			<param name="Prefix" value="PIC.View4" />
			<param name="BlocID" value="B2" />
		</include>
		<include name="ContextMenu" condition="IsEmpty(Window(Home).Property(DialogVisibility)) + StringCompare(Window(Home).Property(CompPrefix),PIC.View5)">
			<param name="Prefix" value="PIC.View5" />
			<param name="BlocID" value="B2" />
		</include>
		<include name="ContextMenu" condition="IsEmpty(Window(Home).Property(DialogVisibility)) + StringCompare(Window(Home).Property(CompPrefix),PIC.View6)">
			<param name="Prefix" value="PIC.View6" />
			<param name="BlocID" value="B2" />
		</include>
		<include name="ContextMenu" condition="IsEmpty(Window(Home).Property(DialogVisibility)) + StringCompare(Window(Home).Property(CompPrefix),PIC.View7)">
			<param name="Prefix" value="PIC.View7" />
			<param name="BlocID" value="B2" />
		</include>
		<include name="ContextMenu" condition="IsEmpty(Window(Home).Property(DialogVisibility)) + StringCompare(Window(Home).Property(CompPrefix),PIC.View8)">
			<param name="Prefix" value="PIC.View8" />
			<param name="BlocID" value="B2" />
		</include>
		<include name="ContextMenu" condition="IsEmpty(Window(Home).Property(DialogVisibility)) + StringCompare(Window(Home).Property(CompPrefix),PIC.View9)">
			<param name="Prefix" value="PIC.View9" />
			<param name="BlocID" value="B2" />
		</include>
		
		<include name="ContextMenu" condition="IsEmpty(Window(Home).Property(DialogVisibility)) + StringCompare(Window(Home).Property(CompPrefix),PRO.View1)">
			<param name="Prefix" value="PRO.View1" />
			<param name="BlocID" value="B2" />
		</include>
		<include name="ContextMenu" condition="IsEmpty(Window(Home).Property(DialogVisibility)) + StringCompare(Window(Home).Property(CompPrefix),PRO.View2)">
			<param name="Prefix" value="PRO.View2" />
			<param name="BlocID" value="B2" />
		</include>
		<include name="ContextMenu" condition="IsEmpty(Window(Home).Property(DialogVisibility)) + StringCompare(Window(Home).Property(CompPrefix),PRO.View3)">
			<param name="Prefix" value="PRO.View3" />
			<param name="BlocID" value="B2" />
		</include>
		<include name="ContextMenu" condition="IsEmpty(Window(Home).Property(DialogVisibility)) + StringCompare(Window(Home).Property(CompPrefix),PRO.View4)">
			<param name="Prefix" value="PRO.View4" />
			<param name="BlocID" value="B2" />
		</include>
		<include name="ContextMenu" condition="IsEmpty(Window(Home).Property(DialogVisibility)) + StringCompare(Window(Home).Property(CompPrefix),PRO.View5)">
			<param name="Prefix" value="PRO.View5" />
			<param name="BlocID" value="B2" />
		</include>
		<include name="ContextMenu" condition="IsEmpty(Window(Home).Property(DialogVisibility)) + StringCompare(Window(Home).Property(CompPrefix),PRO.View6)">
			<param name="Prefix" value="PRO.View6" />
			<param name="BlocID" value="B2" />
		</include>
		<include name="ContextMenu" condition="IsEmpty(Window(Home).Property(DialogVisibility)) + StringCompare(Window(Home).Property(CompPrefix),PRO.View7)">
			<param name="Prefix" value="PRO.View7" />
			<param name="BlocID" value="B2" />
		</include>
		<include name="ContextMenu" condition="IsEmpty(Window(Home).Property(DialogVisibility)) + StringCompare(Window(Home).Property(CompPrefix),PRO.View8)">
			<param name="Prefix" value="PRO.View8" />
			<param name="BlocID" value="B2" />
		</include>
		<include name="ContextMenu" condition="IsEmpty(Window(Home).Property(DialogVisibility)) + StringCompare(Window(Home).Property(CompPrefix),PRO.View9)">
			<param name="Prefix" value="PRO.View9" />
			<param name="BlocID" value="B2" />
		</include>
		
		<include name="ContextMenu" condition="IsEmpty(Window(Home).Property(DialogVisibility)) + StringCompare(Window(Home).Property(CompPrefix),WEA.View1)">
			<param name="Prefix" value="WEA.View1" />
			<param name="BlocID" value="B2" />
		</include>
		<include name="ContextMenu" condition="IsEmpty(Window(Home).Property(DialogVisibility)) + StringCompare(Window(Home).Property(CompPrefix),WEA.View2)">
			<param name="Prefix" value="WEA.View2" />
			<param name="BlocID" value="B2" />
		</include>
		<include name="ContextMenu" condition="IsEmpty(Window(Home).Property(DialogVisibility)) + StringCompare(Window(Home).Property(CompPrefix),WEA.View3)">
			<param name="Prefix" value="WEA.View3" />
			<param name="BlocID" value="B2" />
		</include>
		<include name="ContextMenu" condition="IsEmpty(Window(Home).Property(DialogVisibility)) + StringCompare(Window(Home).Property(CompPrefix),WEA.View4)">
			<param name="Prefix" value="WEA.View4" />
			<param name="BlocID" value="B2" />
		</include>
		<include name="ContextMenu" condition="IsEmpty(Window(Home).Property(DialogVisibility)) + StringCompare(Window(Home).Property(CompPrefix),WEA.View5)">
			<param name="Prefix" value="WEA.View5" />
			<param name="BlocID" value="B2" />
		</include>
		<include name="ContextMenu" condition="IsEmpty(Window(Home).Property(DialogVisibility)) + StringCompare(Window(Home).Property(CompPrefix),WEA.View6)">
			<param name="Prefix" value="WEA.View6" />
			<param name="BlocID" value="B2" />
		</include>
		<include name="ContextMenu" condition="IsEmpty(Window(Home).Property(DialogVisibility)) + StringCompare(Window(Home).Property(CompPrefix),WEA.View7)">
			<param name="Prefix" value="WEA.View7" />
			<param name="BlocID" value="B2" />
		</include>
		<include name="ContextMenu" condition="IsEmpty(Window(Home).Property(DialogVisibility)) + StringCompare(Window(Home).Property(CompPrefix),WEA.View8)">
			<param name="Prefix" value="WEA.View8" />
			<param name="BlocID" value="B2" />
		</include>
		<include name="ContextMenu" condition="IsEmpty(Window(Home).Property(DialogVisibility)) + StringCompare(Window(Home).Property(CompPrefix),WEA.View9)">
			<param name="Prefix" value="WEA.View9" />
			<param name="BlocID" value="B2" />
		</include>

		<include name="DiaContext" condition="!IsEmpty(Window(Home).Property(DialogVisibility)) + StringCompare(Window(Home).Property(DialogPos),TOP) + StringCompare(Window(Home).Property(SidebarPos),TOP)">
			<param name="DIAB1PosX" value="0" />
			<param name="DIAB1PosY" value="132" />
			<param name="DIAB2PosX" value="648" />
			<param name="DIAB2PosY" value="132" />
			<param name="DIAB3PosX" value="1284" />
			<param name="DIAB3PosY" value="132" />	
		</include>

		<include name="DiaContext" condition="!IsEmpty(Window(Home).Property(DialogVisibility)) + StringCompare(Window(Home).Property(DialogPos),TOP) + !StringCompare(Window(Home).Property(SidebarPos),TOP)">
			<param name="DIAB1PosX" value="0" />
			<param name="DIAB1PosY" value="12" />
			<param name="DIAB2PosX" value="648" />
			<param name="DIAB2PosY" value="12" />
			<param name="DIAB3PosX" value="1284" />
			<param name="DIAB3PosY" value="12" />	
		</include>
		
		<include name="DiaContext" condition="!IsEmpty(Window(Home).Property(DialogVisibility)) + StringCompare(Window(Home).Property(DialogPos),BOTTOM) + !StringCompare(Window(Home).Property(SidebarPos),BOTTOM)">
			<param name="DIAB1PosX" value="0" />
			<param name="DIAB1PosY" value="712" />
			<param name="DIAB2PosX" value="648" />
			<param name="DIAB2PosY" value="712" />
			<param name="DIAB3PosX" value="1284" />
			<param name="DIAB3PosY" value="712" />	
		</include>	

		<include name="DiaContext" condition="!IsEmpty(Window(Home).Property(DialogVisibility)) + StringCompare(Window(Home).Property(DialogPos),BOTTOM) + StringCompare(Window(Home).Property(SidebarPos),BOTTOM)">
			<param name="DIAB1PosX" value="0" />
			<param name="DIAB1PosY" value="592" />
			<param name="DIAB2PosX" value="648" />
			<param name="DIAB2PosY" value="592" />
			<param name="DIAB3PosX" value="1284" />
			<param name="DIAB3PosY" value="592" />	
		</include>	

		<include name="DiaContext" condition="!IsEmpty(Window(Home).Property(DialogVisibility)) + StringCompare(Window(Home).Property(DialogPos),LEFT) + StringCompare(Window(Home).Property(SidebarPos),LEFT)">
			<param name="DIAB1PosX" value="132" />
			<param name="DIAB1PosY" value="0" />
			<param name="DIAB2PosX" value="132" />
			<param name="DIAB2PosY" value="368" />
			<param name="DIAB3PosX" value="132" />
			<param name="DIAB3PosY" value="724" />	
		</include>	

		<include name="DiaContext" condition="!IsEmpty(Window(Home).Property(DialogVisibility)) + StringCompare(Window(Home).Property(DialogPos),LEFT) + !StringCompare(Window(Home).Property(SidebarPos),LEFT)">
			<param name="DIAB1PosX" value="12" />
			<param name="DIAB1PosY" value="0" />
			<param name="DIAB2PosX" value="12" />
			<param name="DIAB2PosY" value="368" />
			<param name="DIAB3PosX" value="12" />
			<param name="DIAB3PosY" value="724" />	
		</include>	
		
		<include name="DiaContext" condition="!IsEmpty(Window(Home).Property(DialogVisibility)) + StringCompare(Window(Home).Property(DialogPos),RIGHT) + !StringCompare(Window(Home).Property(SidebarPos),RIGHT)">
			<param name="DIAB1PosX" value="1272" />
			<param name="DIAB1PosY" value="0" />
			<param name="DIAB2PosX" value="1272" />
			<param name="DIAB2PosY" value="368" />
			<param name="DIAB3PosX" value="1272" />
			<param name="DIAB3PosY" value="724" />	
		</include>			
		
		<include name="DiaContext" condition="!IsEmpty(Window(Home).Property(DialogVisibility)) + StringCompare(Window(Home).Property(DialogPos),RIGHT) + StringCompare(Window(Home).Property(SidebarPos),RIGHT)">
			<param name="DIAB1PosX" value="1152" />
			<param name="DIAB1PosY" value="0" />
			<param name="DIAB2PosX" value="1152" />
			<param name="DIAB2PosY" value="368" />
			<param name="DIAB3PosX" value="1152" />
			<param name="DIAB3PosY" value="724" />	
		</include>	

	</controls>
</window>