<?xml version="1.0" encoding="UTF-8"?>
<window>
	<!-- addoninformation -->
	<defaultcontrol always="true">300</defaultcontrol>
	<onload condition="IsEmpty(Window(Home).Property(DialogVisibility))">SetProperty(DialogVisibility,$INFO[Window.Property(xmlfile)],Home)</onload>
	<onload condition="!IsEmpty(Window(Home).Property(DialogVisibility)) + IsEmpty(Window(Home).Property(DialogVisibility2))">SetProperty(DialogVisibility2,$INFO[Window.Property(xmlfile)],Home)</onload>
	<onload condition="!IsEmpty(Window(Home).Property(DialogVisibility2)) + IsEmpty(Window(Home).Property(DialogVisibility3))">SetProperty(DialogVisibility3,$INFO[Window.Property(xmlfile)],Home)</onload>
	<onload condition="!IsEmpty(Window(Home).Property(DialogVisibility3)) + IsEmpty(Window(Home).Property(DialogVisibility4))">SetProperty(DialogVisibility4,$INFO[Window.Property(xmlfile)],Home)</onload>
	<onload condition="!IsEmpty(Window(Home).Property(DialogVisibility4)) + IsEmpty(Window(Home).Property(DialogVisibility5))">SetProperty(DialogVisibility5,$INFO[Window.Property(xmlfile)],Home)</onload>
	<onunload condition="IsEmpty(Window(Home).Property(DialogVisibility2))">ClearProperty(DialogVisibility,Home)</onunload>
	<onunload condition="IsEmpty(Window(Home).Property(DialogVisibility3))">ClearProperty(DialogVisibility2,Home)</onunload>
	<onunload condition="IsEmpty(Window(Home).Property(DialogVisibility4))">ClearProperty(DialogVisibility3,Home)</onunload>
	<onunload condition="IsEmpty(Window(Home).Property(DialogVisibility5))">ClearProperty(DialogVisibility4,Home)</onunload>
	<onunload>ClearProperty(DialogVisibility5,Home)</onunload>
	
	<controls>
		
		<control type="group">
			<visible>[StringCompare(Window(Home).Property(DialogVisibility),Window.Property(xmlfile)) + IsEmpty(Window(Home).Property(DialogVisibility2))] | 
					[StringCompare(Window(Home).Property(DialogVisibility2),Window.Property(xmlfile)) + IsEmpty(Window(Home).Property(DialogVisibility3))] |
					[StringCompare(Window(Home).Property(DialogVisibility3),Window.Property(xmlfile)) + IsEmpty(Window(Home).Property(DialogVisibility4))] |
					[StringCompare(Window(Home).Property(DialogVisibility4),Window.Property(xmlfile)) + IsEmpty(Window(Home).Property(DialogVisibility5))] |
					StringCompare(Window(Home).Property(DialogVisibility5),Window.Property(xmlfile))</visible>
			
			<include name="DialogPOS">
				<param name="DialogName" value="DiaInfos" />
			</include>					

		</control>

		<!-- Launch Addon Button -->					
		<control type="button" id="12">
			<visible>false</visible>
		</control>

		<!-- Configure Addon Button -->
		<control type="button" id="9">
			<visible>false</visible>
		</control>
		
		<!-- Update Addon Button -->
		<control type="button" id="8">
			<visible>false</visible>
		</control>						

		<!-- Install/UnInstall Addon button -->
		<control type="button" id="6">
			<visible>false</visible>
		</control>		

		<!-- Enable/Disable Addon button -->
		<control type="button" id="7">
			<visible>false</visible>
		</control>		

		<!-- Rollback Button -->
		<control type="button" id="11">
			<visible>false</visible>
		</control>		

		<!-- Changelog Button -->
		<control type="button" id="10">
			<visible>false</visible>
		</control>		


	</controls>

</window>