<?xml version="1.0" encoding="UTF-8"?>
<window>
	<!-- videolibrary -->
	<backgroundcolor>0x00000000</backgroundcolor>
	<visible>Window.IsVisible(10503)</visible>
	<defaultcontrol always="true">50</defaultcontrol>
	<controls>

		<include condition="!IsEmpty(Skin.String(MUS.View1.Name))" name="VDOViewtype">
			<param name="Id" value="50" />
			<param name="IclPrefix" value="MUSView1" />
			<param name="CompPrefix" value="MUS.View1" />
			<param name="Section" value="MUS" />
		</include>
		<include condition="!IsEmpty(Skin.String(MUS.View2.Name))" name="VDOViewtype">
			<param name="Id" value="51" />
			<param name="IclPrefix" value="MUSView2" />
			<param name="CompPrefix" value="MUS.View2" />
			<param name="Section" value="MUS" />
		</include>
		<include condition="!IsEmpty(Skin.String(MUS.View3.Name))" name="VDOViewtype">
			<param name="Id" value="52" />
			<param name="IclPrefix" value="MUSView3" />
			<param name="CompPrefix" value="MUS.View3" />
			<param name="Section" value="MUS" />
		</include>
		<include condition="!IsEmpty(Skin.String(MUS.View4.Name))" name="VDOViewtype">
			<param name="Id" value="53" />
			<param name="IclPrefix" value="MUSView4" />
			<param name="CompPrefix" value="MUS.View4" />
			<param name="Section" value="MUS" />
		</include>
		<include condition="!IsEmpty(Skin.String(MUS.View5.Name))" name="VDOViewtype">
			<param name="Id" value="54" />
			<param name="IclPrefix" value="MUSView5" />
			<param name="CompPrefix" value="MUS.View5" />
			<param name="Section" value="MUS" />
		</include>
		<include condition="!IsEmpty(Skin.String(MUS.View6.Name))" name="VDOViewtype">
			<param name="Id" value="55" />
			<param name="IclPrefix" value="MUSView6" />
			<param name="CompPrefix" value="MUS.View6" />
			<param name="Section" value="MUS" />
		</include>
		<include condition="!IsEmpty(Skin.String(MUS.View7.Name))" name="VDOViewtype">
			<param name="Id" value="56" />
			<param name="IclPrefix" value="MUSView7" />
			<param name="CompPrefix" value="MUS.View7" />
			<param name="Section" value="MUS" />
		</include>
		<include condition="!IsEmpty(Skin.String(MUS.View8.Name))" name="VDOViewtype">
			<param name="Id" value="57" />
			<param name="IclPrefix" value="MUSView8" />
			<param name="CompPrefix" value="MUS.View8" />
			<param name="Section" value="MUS" />
		</include>
		<include condition="!IsEmpty(Skin.String(MUS.View9.Name))" name="VDOViewtype">
			<param name="Id" value="58" />
			<param name="IclPrefix" value="MUSView9" />
			<param name="CompPrefix" value="MUS.View9" />
			<param name="Section" value="MUS" />
		</include>
	</controls>
	
</window>