<?xml version="1.0" encoding="UTF-8"?>
<window>
	<!-- startup -->
    <defaultcontrol always="true">300</defaultcontrol>

	<controls>

        <control type="button" id="300">	
            <visible allowhiddenfocus="true">false</visible>
			<onfocus condition="IsEmpty(Skin.String(KOverInit))">Skin.SetString(HOM.View1.WPShow,VISIBLE)</onfocus>
			<onfocus condition="IsEmpty(Skin.String(KOverInit))">Skin.SetString(HOM.View1.WPBGs,IMAGE)</onfocus>
			<onfocus condition="IsEmpty(Skin.String(KOverInit))">Skin.SetString(HOM.View1.WPPic,common/wplayer2.png)</onfocus>
			<onfocus condition="IsEmpty(Skin.String(KOverInit))">Skin.SetString(HOM.View1.WPVDOTop,VISIBLE)</onfocus>
			<onfocus condition="IsEmpty(Skin.String(KOverInit))">Skin.SetString(HOM.View1.BBLay,HORIZONTAL)</onfocus>
			<onfocus condition="IsEmpty(Skin.String(KOverInit))">Skin.SetString(HOM.View1.BBSidebar,BOTTOM)</onfocus>
			<onfocus condition="IsEmpty(Skin.String(KOverInit))">Skin.SetString(HOM.View1.BBSBHide,ENABLED)</onfocus>
			<onfocus condition="IsEmpty(Skin.String(KOverInit))">Skin.SetString(HOM.View1.DIAPanel,BOTTOM)</onfocus>
			<onfocus condition="IsEmpty(Skin.String(KOverInit))">Skin.SetString(HOM.View1.DIASlide,OVER)</onfocus>
			<onfocus condition="IsEmpty(Skin.String(KOverInit))">Skin.SetString(HOM.View1.BBSepY,NONE)</onfocus>
			<onfocus condition="IsEmpty(Skin.String(KOverInit))">Skin.SetString(HOM.View1.BBSepX,AB)</onfocus>
			<onfocus condition="IsEmpty(Skin.String(KOverInit))">Skin.SetString(HOM.View1.BBShow,VISIBLE)</onfocus>
			<onfocus condition="IsEmpty(Skin.String(KOverInit))">Skin.SetString(HOM.View1.BBCoordX,A)</onfocus>
			<onfocus condition="IsEmpty(Skin.String(KOverInit))">Skin.SetString(HOM.View1.BBCoordY,C)</onfocus>
			<onfocus condition="IsEmpty(Skin.String(KOverInit))">Skin.SetString(HOM.View1.BBSizeX,3COLUMN)</onfocus>
			<onfocus condition="IsEmpty(Skin.String(KOverInit))">Skin.SetString(HOM.View1.BBSizeY,1ROW)</onfocus>
			
			<onfocus condition="IsEmpty(Skin.String(KOverInit))">Skin.SetString(HOM.View1.B1Show,VISIBLE)</onfocus>
			<onfocus condition="IsEmpty(Skin.String(KOverInit))">Skin.SetString(HOM.View1.B1CoordX,A)</onfocus>
			<onfocus condition="IsEmpty(Skin.String(KOverInit))">Skin.SetString(HOM.View1.B1CoordY,C)</onfocus>
			<onfocus condition="IsEmpty(Skin.String(KOverInit))">Skin.SetString(HOM.View1.B1SizeX,1COLUMN)</onfocus>
			<onfocus condition="IsEmpty(Skin.String(KOverInit))">Skin.SetString(HOM.View1.B1SizeY,1ROW)</onfocus>
			<onfocus condition="IsEmpty(Skin.String(KOverInit))">Skin.SetString(HOM.View1.B1Typ,WIDELIST)</onfocus>	

			<onfocus condition="IsEmpty(Skin.String(KOverInit))">Skin.SetString(HOM.View1.B2Show,VISIBLE)</onfocus>
			<onfocus condition="IsEmpty(Skin.String(KOverInit))">Skin.SetString(HOM.View1.B2CoordX,B)</onfocus>
			<onfocus condition="IsEmpty(Skin.String(KOverInit))">Skin.SetString(HOM.View1.B2CoordY,C)</onfocus>
			<onfocus condition="IsEmpty(Skin.String(KOverInit))">Skin.SetString(HOM.View1.B2SizeX,1COLUMN)</onfocus>
			<onfocus condition="IsEmpty(Skin.String(KOverInit))">Skin.SetString(HOM.View1.B2SizeY,1ROW)</onfocus>
			
			<onfocus condition="IsEmpty(Skin.String(KOverInit))">Skin.SetString(HOM.View1.B3Show,VISIBLE)</onfocus>
			<onfocus condition="IsEmpty(Skin.String(KOverInit))">Skin.SetString(HOM.View1.B3CoordX,C)</onfocus>
			<onfocus condition="IsEmpty(Skin.String(KOverInit))">Skin.SetString(HOM.View1.B3CoordY,C)</onfocus>
			<onfocus condition="IsEmpty(Skin.String(KOverInit))">Skin.SetString(HOM.View1.B3SizeX,1COLUMN)</onfocus>
			<onfocus condition="IsEmpty(Skin.String(KOverInit))">Skin.SetString(HOM.View1.B3SizeY,1ROW)</onfocus>
			
			<onfocus condition="IsEmpty(Skin.String(KOverInit))">Skin.SetString(HOM.View1.B4Show,HIDDEN)</onfocus>
			<onfocus condition="IsEmpty(Skin.String(KOverInit))">Skin.SetString(HOM.View1.B4CoordX,C)</onfocus>
			<onfocus condition="IsEmpty(Skin.String(KOverInit))">Skin.SetString(HOM.View1.B4CoordY,C)</onfocus>
			<onfocus condition="IsEmpty(Skin.String(KOverInit))">Skin.SetString(HOM.View1.B4SizeX,1COLUMN)</onfocus>
			<onfocus condition="IsEmpty(Skin.String(KOverInit))">Skin.SetString(HOM.View1.B4SizeY,1ROW)</onfocus>
			<onfocus condition="IsEmpty(Skin.String(KOverInit))">Skin.SetString(HOM.View1.Name,Home Layout)</onfocus>	
							
			<onfocus condition="IsEmpty(Skin.String(KOverInit))">Skin.SetString(VDO.View1.WPShow,VISIBLE)</onfocus>
			<onfocus condition="IsEmpty(Skin.String(KOverInit))">Skin.SetString(VDO.View1.WPBGs,IMAGE)</onfocus>
			<onfocus condition="IsEmpty(Skin.String(KOverInit))">Skin.SetString(VDO.View1.WPPic,common/wplayer2.png)</onfocus>
			<onfocus condition="IsEmpty(Skin.String(KOverInit))">Skin.SetString(VDO.View1.WPVDOTop,VISIBLE)</onfocus>
			<onfocus condition="IsEmpty(Skin.String(KOverInit))">Skin.SetString(VDO.View1.BBLay,HORIZONTAL)</onfocus>
			<onfocus condition="IsEmpty(Skin.String(KOverInit))">Skin.SetString(VDO.View1.BBSidebar,BOTTOM)</onfocus>
			<onfocus condition="IsEmpty(Skin.String(KOverInit))">Skin.SetString(VDO.View1.BBSBHide,ENABLED)</onfocus>
			<onfocus condition="IsEmpty(Skin.String(KOverInit))">Skin.SetString(VDO.View1.DIAPanel,BOTTOM)</onfocus>
			<onfocus condition="IsEmpty(Skin.String(KOverInit))">Skin.SetString(VDO.View1.DIASlide,OVER)</onfocus>
			<onfocus condition="IsEmpty(Skin.String(KOverInit))">Skin.SetString(VDO.View1.BBSepY,NONE)</onfocus>
			<onfocus condition="IsEmpty(Skin.String(KOverInit))">Skin.SetString(VDO.View1.BBSepX,AB)</onfocus>
			<onfocus condition="IsEmpty(Skin.String(KOverInit))">Skin.SetString(VDO.View1.BBShow,VISIBLE)</onfocus>
			<onfocus condition="IsEmpty(Skin.String(KOverInit))">Skin.SetString(VDO.View1.BBCoordX,A)</onfocus>
			<onfocus condition="IsEmpty(Skin.String(KOverInit))">Skin.SetString(VDO.View1.BBCoordY,C)</onfocus>
			<onfocus condition="IsEmpty(Skin.String(KOverInit))">Skin.SetString(VDO.View1.BBSizeX,3COLUMN)</onfocus>
			<onfocus condition="IsEmpty(Skin.String(KOverInit))">Skin.SetString(VDO.View1.BBSizeY,1ROW)</onfocus>
			
			<onfocus condition="IsEmpty(Skin.String(KOverInit))">Skin.SetString(VDO.View1.B1Show,VISIBLE)</onfocus>
			<onfocus condition="IsEmpty(Skin.String(KOverInit))">Skin.SetString(VDO.View1.B1CoordX,A)</onfocus>
			<onfocus condition="IsEmpty(Skin.String(KOverInit))">Skin.SetString(VDO.View1.B1CoordY,C)</onfocus>
			<onfocus condition="IsEmpty(Skin.String(KOverInit))">Skin.SetString(VDO.View1.B1SizeX,1COLUMN)</onfocus>
			<onfocus condition="IsEmpty(Skin.String(KOverInit))">Skin.SetString(VDO.View1.B1SizeY,1ROW)</onfocus>
			<onfocus condition="IsEmpty(Skin.String(KOverInit))">Skin.SetString(VDO.View1.B1Typ,WIDELIST)</onfocus>	

			<onfocus condition="IsEmpty(Skin.String(KOverInit))">Skin.SetString(VDO.View1.B2Show,VISIBLE)</onfocus>
			<onfocus condition="IsEmpty(Skin.String(KOverInit))">Skin.SetString(VDO.View1.B2CoordX,B)</onfocus>
			<onfocus condition="IsEmpty(Skin.String(KOverInit))">Skin.SetString(VDO.View1.B2CoordY,C)</onfocus>
			<onfocus condition="IsEmpty(Skin.String(KOverInit))">Skin.SetString(VDO.View1.B2SizeX,1COLUMN)</onfocus>
			<onfocus condition="IsEmpty(Skin.String(KOverInit))">Skin.SetString(VDO.View1.B2SizeY,1ROW)</onfocus>
			
			<onfocus condition="IsEmpty(Skin.String(KOverInit))">Skin.SetString(VDO.View1.B3Show,VISIBLE)</onfocus>
			<onfocus condition="IsEmpty(Skin.String(KOverInit))">Skin.SetString(VDO.View1.B3CoordX,C)</onfocus>
			<onfocus condition="IsEmpty(Skin.String(KOverInit))">Skin.SetString(VDO.View1.B3CoordY,C)</onfocus>
			<onfocus condition="IsEmpty(Skin.String(KOverInit))">Skin.SetString(VDO.View1.B3SizeX,1COLUMN)</onfocus>
			<onfocus condition="IsEmpty(Skin.String(KOverInit))">Skin.SetString(VDO.View1.B3SizeY,1ROW)</onfocus>
			
			<onfocus condition="IsEmpty(Skin.String(KOverInit))">Skin.SetString(VDO.View1.B4Show,HIDDEN)</onfocus>
			<onfocus condition="IsEmpty(Skin.String(KOverInit))">Skin.SetString(VDO.View1.B4CoordX,C)</onfocus>
			<onfocus condition="IsEmpty(Skin.String(KOverInit))">Skin.SetString(VDO.View1.B4CoordY,C)</onfocus>
			<onfocus condition="IsEmpty(Skin.String(KOverInit))">Skin.SetString(VDO.View1.B4SizeX,1COLUMN)</onfocus>
			<onfocus condition="IsEmpty(Skin.String(KOverInit))">Skin.SetString(VDO.View1.B4SizeY,1ROW)</onfocus>
			<onfocus condition="IsEmpty(Skin.String(KOverInit))">Skin.SetString(VDO.View1.Name,View1)</onfocus>	

			<onfocus condition="IsEmpty(Skin.String(KOverInit))">Skin.SetString(MUS.View1.WPShow,VISIBLE)</onfocus>
			<onfocus condition="IsEmpty(Skin.String(KOverInit))">Skin.SetString(MUS.View1.WPBGs,IMAGE)</onfocus>
			<onfocus condition="IsEmpty(Skin.String(KOverInit))">Skin.SetString(MUS.View1.WPPic,common/wplayer2.png)</onfocus>
			<onfocus condition="IsEmpty(Skin.String(KOverInit))">Skin.SetString(MUS.View1.WPVDOTop,VISIBLE)</onfocus>
			<onfocus condition="IsEmpty(Skin.String(KOverInit))">Skin.SetString(MUS.View1.BBLay,HORIZONTAL)</onfocus>
			<onfocus condition="IsEmpty(Skin.String(KOverInit))">Skin.SetString(MUS.View1.BBSidebar,BOTTOM)</onfocus>
			<onfocus condition="IsEmpty(Skin.String(KOverInit))">Skin.SetString(MUS.View1.BBSBHide,ENABLED)</onfocus>
			<onfocus condition="IsEmpty(Skin.String(KOverInit))">Skin.SetString(MUS.View1.DIAPanel,BOTTOM)</onfocus>
			<onfocus condition="IsEmpty(Skin.String(KOverInit))">Skin.SetString(MUS.View1.DIASlide,OVER)</onfocus>
			<onfocus condition="IsEmpty(Skin.String(KOverInit))">Skin.SetString(MUS.View1.BBSepY,NONE)</onfocus>
			<onfocus condition="IsEmpty(Skin.String(KOverInit))">Skin.SetString(MUS.View1.BBSepX,AB)</onfocus>
			<onfocus condition="IsEmpty(Skin.String(KOverInit))">Skin.SetString(MUS.View1.BBShow,VISIBLE)</onfocus>
			<onfocus condition="IsEmpty(Skin.String(KOverInit))">Skin.SetString(MUS.View1.BBCoordX,A)</onfocus>
			<onfocus condition="IsEmpty(Skin.String(KOverInit))">Skin.SetString(MUS.View1.BBCoordY,C)</onfocus>
			<onfocus condition="IsEmpty(Skin.String(KOverInit))">Skin.SetString(MUS.View1.BBSizeX,3COLUMN)</onfocus>
			<onfocus condition="IsEmpty(Skin.String(KOverInit))">Skin.SetString(MUS.View1.BBSizeY,1ROW)</onfocus>
			
			<onfocus condition="IsEmpty(Skin.String(KOverInit))">Skin.SetString(MUS.View1.B1Show,VISIBLE)</onfocus>
			<onfocus condition="IsEmpty(Skin.String(KOverInit))">Skin.SetString(MUS.View1.B1CoordX,A)</onfocus>
			<onfocus condition="IsEmpty(Skin.String(KOverInit))">Skin.SetString(MUS.View1.B1CoordY,C)</onfocus>
			<onfocus condition="IsEmpty(Skin.String(KOverInit))">Skin.SetString(MUS.View1.B1SizeX,1COLUMN)</onfocus>
			<onfocus condition="IsEmpty(Skin.String(KOverInit))">Skin.SetString(MUS.View1.B1SizeY,1ROW)</onfocus>
			<onfocus condition="IsEmpty(Skin.String(KOverInit))">Skin.SetString(MUS.View1.B1Typ,WIDELIST)</onfocus>	

			<onfocus condition="IsEmpty(Skin.String(KOverInit))">Skin.SetString(MUS.View1.B2Show,VISIBLE)</onfocus>
			<onfocus condition="IsEmpty(Skin.String(KOverInit))">Skin.SetString(MUS.View1.B2CoordX,B)</onfocus>
			<onfocus condition="IsEmpty(Skin.String(KOverInit))">Skin.SetString(MUS.View1.B2CoordY,C)</onfocus>
			<onfocus condition="IsEmpty(Skin.String(KOverInit))">Skin.SetString(MUS.View1.B2SizeX,1COLUMN)</onfocus>
			<onfocus condition="IsEmpty(Skin.String(KOverInit))">Skin.SetString(MUS.View1.B2SizeY,1ROW)</onfocus>
			
			<onfocus condition="IsEmpty(Skin.String(KOverInit))">Skin.SetString(MUS.View1.B3Show,VISIBLE)</onfocus>
			<onfocus condition="IsEmpty(Skin.String(KOverInit))">Skin.SetString(MUS.View1.B3CoordX,C)</onfocus>
			<onfocus condition="IsEmpty(Skin.String(KOverInit))">Skin.SetString(MUS.View1.B3CoordY,C)</onfocus>
			<onfocus condition="IsEmpty(Skin.String(KOverInit))">Skin.SetString(MUS.View1.B3SizeX,1COLUMN)</onfocus>
			<onfocus condition="IsEmpty(Skin.String(KOverInit))">Skin.SetString(MUS.View1.B3SizeY,1ROW)</onfocus>
			
			<onfocus condition="IsEmpty(Skin.String(KOverInit))">Skin.SetString(MUS.View1.B4Show,HIDDEN)</onfocus>
			<onfocus condition="IsEmpty(Skin.String(KOverInit))">Skin.SetString(MUS.View1.B4CoordX,C)</onfocus>
			<onfocus condition="IsEmpty(Skin.String(KOverInit))">Skin.SetString(MUS.View1.B4CoordY,C)</onfocus>
			<onfocus condition="IsEmpty(Skin.String(KOverInit))">Skin.SetString(MUS.View1.B4SizeX,1COLUMN)</onfocus>
			<onfocus condition="IsEmpty(Skin.String(KOverInit))">Skin.SetString(MUS.View1.B4SizeY,1ROW)</onfocus>
			<onfocus condition="IsEmpty(Skin.String(KOverInit))">Skin.SetString(MUS.View1.Name,View1)</onfocus>	

			<onfocus condition="IsEmpty(Skin.String(KOverInit))">Skin.SetString(TV.View1.WPShow,VISIBLE)</onfocus>
			<onfocus condition="IsEmpty(Skin.String(KOverInit))">Skin.SetString(TV.View1.WPBGs,IMAGE)</onfocus>
			<onfocus condition="IsEmpty(Skin.String(KOverInit))">Skin.SetString(TV.View1.WPPic,common/wplayer2.png)</onfocus>
			<onfocus condition="IsEmpty(Skin.String(KOverInit))">Skin.SetString(TV.View1.WPVDOTop,VISIBLE)</onfocus>
			<onfocus condition="IsEmpty(Skin.String(KOverInit))">Skin.SetString(TV.View1.BBLay,HORIZONTAL)</onfocus>
			<onfocus condition="IsEmpty(Skin.String(KOverInit))">Skin.SetString(TV.View1.BBSidebar,BOTTOM)</onfocus>
			<onfocus condition="IsEmpty(Skin.String(KOverInit))">Skin.SetString(TV.View1.BBSBHide,ENABLED)</onfocus>
			<onfocus condition="IsEmpty(Skin.String(KOverInit))">Skin.SetString(TV.View1.DIAPanel,BOTTOM)</onfocus>
			<onfocus condition="IsEmpty(Skin.String(KOverInit))">Skin.SetString(TV.View1.DIASlide,OVER)</onfocus>
			<onfocus condition="IsEmpty(Skin.String(KOverInit))">Skin.SetString(TV.View1.BBSepY,NONE)</onfocus>
			<onfocus condition="IsEmpty(Skin.String(KOverInit))">Skin.SetString(TV.View1.BBSepX,AB)</onfocus>
			<onfocus condition="IsEmpty(Skin.String(KOverInit))">Skin.SetString(TV.View1.BBShow,VISIBLE)</onfocus>
			<onfocus condition="IsEmpty(Skin.String(KOverInit))">Skin.SetString(TV.View1.BBCoordX,A)</onfocus>
			<onfocus condition="IsEmpty(Skin.String(KOverInit))">Skin.SetString(TV.View1.BBCoordY,C)</onfocus>
			<onfocus condition="IsEmpty(Skin.String(KOverInit))">Skin.SetString(TV.View1.BBSizeX,3COLUMN)</onfocus>
			<onfocus condition="IsEmpty(Skin.String(KOverInit))">Skin.SetString(TV.View1.BBSizeY,1ROW)</onfocus>
			
			<onfocus condition="IsEmpty(Skin.String(KOverInit))">Skin.SetString(TV.View1.B1Show,VISIBLE)</onfocus>
			<onfocus condition="IsEmpty(Skin.String(KOverInit))">Skin.SetString(TV.View1.B1CoordX,A)</onfocus>
			<onfocus condition="IsEmpty(Skin.String(KOverInit))">Skin.SetString(TV.View1.B1CoordY,C)</onfocus>
			<onfocus condition="IsEmpty(Skin.String(KOverInit))">Skin.SetString(TV.View1.B1SizeX,1COLUMN)</onfocus>
			<onfocus condition="IsEmpty(Skin.String(KOverInit))">Skin.SetString(TV.View1.B1SizeY,1ROW)</onfocus>
			<onfocus condition="IsEmpty(Skin.String(KOverInit))">Skin.SetString(TV.View1.B1Typ,WIDELIST)</onfocus>	

			<onfocus condition="IsEmpty(Skin.String(KOverInit))">Skin.SetString(TV.View1.B2Show,VISIBLE)</onfocus>
			<onfocus condition="IsEmpty(Skin.String(KOverInit))">Skin.SetString(TV.View1.B2CoordX,B)</onfocus>
			<onfocus condition="IsEmpty(Skin.String(KOverInit))">Skin.SetString(TV.View1.B2CoordY,C)</onfocus>
			<onfocus condition="IsEmpty(Skin.String(KOverInit))">Skin.SetString(TV.View1.B2SizeX,1COLUMN)</onfocus>
			<onfocus condition="IsEmpty(Skin.String(KOverInit))">Skin.SetString(TV.View1.B2SizeY,1ROW)</onfocus>
			
			<onfocus condition="IsEmpty(Skin.String(KOverInit))">Skin.SetString(TV.View1.B3Show,VISIBLE)</onfocus>
			<onfocus condition="IsEmpty(Skin.String(KOverInit))">Skin.SetString(TV.View1.B3CoordX,C)</onfocus>
			<onfocus condition="IsEmpty(Skin.String(KOverInit))">Skin.SetString(TV.View1.B3CoordY,C)</onfocus>
			<onfocus condition="IsEmpty(Skin.String(KOverInit))">Skin.SetString(TV.View1.B3SizeX,1COLUMN)</onfocus>
			<onfocus condition="IsEmpty(Skin.String(KOverInit))">Skin.SetString(TV.View1.B3SizeY,1ROW)</onfocus>
			
			<onfocus condition="IsEmpty(Skin.String(KOverInit))">Skin.SetString(TV.View1.B4Show,HIDDEN)</onfocus>
			<onfocus condition="IsEmpty(Skin.String(KOverInit))">Skin.SetString(TV.View1.B4CoordX,C)</onfocus>
			<onfocus condition="IsEmpty(Skin.String(KOverInit))">Skin.SetString(TV.View1.B4CoordY,C)</onfocus>
			<onfocus condition="IsEmpty(Skin.String(KOverInit))">Skin.SetString(TV.View1.B4SizeX,1COLUMN)</onfocus>
			<onfocus condition="IsEmpty(Skin.String(KOverInit))">Skin.SetString(TV.View1.B4SizeY,1ROW)</onfocus>
			<onfocus condition="IsEmpty(Skin.String(KOverInit))">Skin.SetString(TV.View1.Name,EPG / View1)</onfocus>

			<onfocus condition="IsEmpty(Skin.String(KOverInit))">Skin.SetString(PIC.View1.WPShow,VISIBLE)</onfocus>
			<onfocus condition="IsEmpty(Skin.String(KOverInit))">Skin.SetString(PIC.View1.WPBGs,IMAGE)</onfocus>
			<onfocus condition="IsEmpty(Skin.String(KOverInit))">Skin.SetString(PIC.View1.WPPic,common/wplayer2.png)</onfocus>
			<onfocus condition="IsEmpty(Skin.String(KOverInit))">Skin.SetString(PIC.View1.WPVDOTop,VISIBLE)</onfocus>
			<onfocus condition="IsEmpty(Skin.String(KOverInit))">Skin.SetString(PIC.View1.BBLay,HORIZONTAL)</onfocus>
			<onfocus condition="IsEmpty(Skin.String(KOverInit))">Skin.SetString(PIC.View1.BBSidebar,BOTTOM)</onfocus>
			<onfocus condition="IsEmpty(Skin.String(KOverInit))">Skin.SetString(PIC.View1.BBSBHide,ENABLED)</onfocus>
			<onfocus condition="IsEmpty(Skin.String(KOverInit))">Skin.SetString(PIC.View1.DIAPanel,BOTTOM)</onfocus>
			<onfocus condition="IsEmpty(Skin.String(KOverInit))">Skin.SetString(PIC.View1.DIASlide,OVER)</onfocus>
			<onfocus condition="IsEmpty(Skin.String(KOverInit))">Skin.SetString(PIC.View1.BBSepY,NONE)</onfocus>
			<onfocus condition="IsEmpty(Skin.String(KOverInit))">Skin.SetString(PIC.View1.BBSepX,AB)</onfocus>
			<onfocus condition="IsEmpty(Skin.String(KOverInit))">Skin.SetString(PIC.View1.BBShow,VISIBLE)</onfocus>
			<onfocus condition="IsEmpty(Skin.String(KOverInit))">Skin.SetString(PIC.View1.BBCoordX,A)</onfocus>
			<onfocus condition="IsEmpty(Skin.String(KOverInit))">Skin.SetString(PIC.View1.BBCoordY,C)</onfocus>
			<onfocus condition="IsEmpty(Skin.String(KOverInit))">Skin.SetString(PIC.View1.BBSizeX,3COLUMN)</onfocus>
			<onfocus condition="IsEmpty(Skin.String(KOverInit))">Skin.SetString(PIC.View1.BBSizeY,1ROW)</onfocus>
			
			<onfocus condition="IsEmpty(Skin.String(KOverInit))">Skin.SetString(PIC.View1.B1Show,VISIBLE)</onfocus>
			<onfocus condition="IsEmpty(Skin.String(KOverInit))">Skin.SetString(PIC.View1.B1CoordX,A)</onfocus>
			<onfocus condition="IsEmpty(Skin.String(KOverInit))">Skin.SetString(PIC.View1.B1CoordY,C)</onfocus>
			<onfocus condition="IsEmpty(Skin.String(KOverInit))">Skin.SetString(PIC.View1.B1SizeX,1COLUMN)</onfocus>
			<onfocus condition="IsEmpty(Skin.String(KOverInit))">Skin.SetString(PIC.View1.B1SizeY,1ROW)</onfocus>
			<onfocus condition="IsEmpty(Skin.String(KOverInit))">Skin.SetString(PIC.View1.B1Typ,WIDELIST)</onfocus>	

			<onfocus condition="IsEmpty(Skin.String(KOverInit))">Skin.SetString(PIC.View1.B2Show,VISIBLE)</onfocus>
			<onfocus condition="IsEmpty(Skin.String(KOverInit))">Skin.SetString(PIC.View1.B2CoordX,B)</onfocus>
			<onfocus condition="IsEmpty(Skin.String(KOverInit))">Skin.SetString(PIC.View1.B2CoordY,C)</onfocus>
			<onfocus condition="IsEmpty(Skin.String(KOverInit))">Skin.SetString(PIC.View1.B2SizeX,1COLUMN)</onfocus>
			<onfocus condition="IsEmpty(Skin.String(KOverInit))">Skin.SetString(PIC.View1.B2SizeY,1ROW)</onfocus>
			
			<onfocus condition="IsEmpty(Skin.String(KOverInit))">Skin.SetString(PIC.View1.B3Show,VISIBLE)</onfocus>
			<onfocus condition="IsEmpty(Skin.String(KOverInit))">Skin.SetString(PIC.View1.B3CoordX,C)</onfocus>
			<onfocus condition="IsEmpty(Skin.String(KOverInit))">Skin.SetString(PIC.View1.B3CoordY,C)</onfocus>
			<onfocus condition="IsEmpty(Skin.String(KOverInit))">Skin.SetString(PIC.View1.B3SizeX,1COLUMN)</onfocus>
			<onfocus condition="IsEmpty(Skin.String(KOverInit))">Skin.SetString(PIC.View1.B3SizeY,1ROW)</onfocus>
			
			<onfocus condition="IsEmpty(Skin.String(KOverInit))">Skin.SetString(PIC.View1.B4Show,HIDDEN)</onfocus>
			<onfocus condition="IsEmpty(Skin.String(KOverInit))">Skin.SetString(PIC.View1.B4CoordX,C)</onfocus>
			<onfocus condition="IsEmpty(Skin.String(KOverInit))">Skin.SetString(PIC.View1.B4CoordY,C)</onfocus>
			<onfocus condition="IsEmpty(Skin.String(KOverInit))">Skin.SetString(PIC.View1.B4SizeX,1COLUMN)</onfocus>
			<onfocus condition="IsEmpty(Skin.String(KOverInit))">Skin.SetString(PIC.View1.B4SizeY,1ROW)</onfocus>
			<onfocus condition="IsEmpty(Skin.String(KOverInit))">Skin.SetString(PIC.View1.Name,View1)</onfocus>	

			<onfocus condition="IsEmpty(Skin.String(KOverInit))">Skin.SetString(PRO.View1.WPShow,VISIBLE)</onfocus>
			<onfocus condition="IsEmpty(Skin.String(KOverInit))">Skin.SetString(PRO.View1.WPBGs,IMAGE)</onfocus>
			<onfocus condition="IsEmpty(Skin.String(KOverInit))">Skin.SetString(PRO.View1.WPPic,common/wplayer2.png)</onfocus>
			<onfocus condition="IsEmpty(Skin.String(KOverInit))">Skin.SetString(PRO.View1.WPVDOTop,VISIBLE)</onfocus>
			<onfocus condition="IsEmpty(Skin.String(KOverInit))">Skin.SetString(PRO.View1.BBLay,HORIZONTAL)</onfocus>
			<onfocus condition="IsEmpty(Skin.String(KOverInit))">Skin.SetString(PRO.View1.BBSidebar,BOTTOM)</onfocus>
			<onfocus condition="IsEmpty(Skin.String(KOverInit))">Skin.SetString(PRO.View1.BBSBHide,ENABLED)</onfocus>
			<onfocus condition="IsEmpty(Skin.String(KOverInit))">Skin.SetString(PRO.View1.DIAPanel,BOTTOM)</onfocus>
			<onfocus condition="IsEmpty(Skin.String(KOverInit))">Skin.SetString(PRO.View1.DIASlide,OVER)</onfocus>
			<onfocus condition="IsEmpty(Skin.String(KOverInit))">Skin.SetString(PRO.View1.BBSepY,NONE)</onfocus>
			<onfocus condition="IsEmpty(Skin.String(KOverInit))">Skin.SetString(PRO.View1.BBSepX,AB)</onfocus>
			<onfocus condition="IsEmpty(Skin.String(KOverInit))">Skin.SetString(PRO.View1.BBShow,VISIBLE)</onfocus>
			<onfocus condition="IsEmpty(Skin.String(KOverInit))">Skin.SetString(PRO.View1.BBCoordX,A)</onfocus>
			<onfocus condition="IsEmpty(Skin.String(KOverInit))">Skin.SetString(PRO.View1.BBCoordY,C)</onfocus>
			<onfocus condition="IsEmpty(Skin.String(KOverInit))">Skin.SetString(PRO.View1.BBSizeX,3COLUMN)</onfocus>
			<onfocus condition="IsEmpty(Skin.String(KOverInit))">Skin.SetString(PRO.View1.BBSizeY,1ROW)</onfocus>
			
			<onfocus condition="IsEmpty(Skin.String(KOverInit))">Skin.SetString(PRO.View1.B1Show,VISIBLE)</onfocus>
			<onfocus condition="IsEmpty(Skin.String(KOverInit))">Skin.SetString(PRO.View1.B1CoordX,A)</onfocus>
			<onfocus condition="IsEmpty(Skin.String(KOverInit))">Skin.SetString(PRO.View1.B1CoordY,C)</onfocus>
			<onfocus condition="IsEmpty(Skin.String(KOverInit))">Skin.SetString(PRO.View1.B1SizeX,1COLUMN)</onfocus>
			<onfocus condition="IsEmpty(Skin.String(KOverInit))">Skin.SetString(PRO.View1.B1SizeY,1ROW)</onfocus>
			<onfocus condition="IsEmpty(Skin.String(KOverInit))">Skin.SetString(PRO.View1.B1Typ,WIDELIST)</onfocus>	

			<onfocus condition="IsEmpty(Skin.String(KOverInit))">Skin.SetString(PRO.View1.B2Show,VISIBLE)</onfocus>
			<onfocus condition="IsEmpty(Skin.String(KOverInit))">Skin.SetString(PRO.View1.B2CoordX,B)</onfocus>
			<onfocus condition="IsEmpty(Skin.String(KOverInit))">Skin.SetString(PRO.View1.B2CoordY,C)</onfocus>
			<onfocus condition="IsEmpty(Skin.String(KOverInit))">Skin.SetString(PRO.View1.B2SizeX,1COLUMN)</onfocus>
			<onfocus condition="IsEmpty(Skin.String(KOverInit))">Skin.SetString(PRO.View1.B2SizeY,1ROW)</onfocus>
			
			<onfocus condition="IsEmpty(Skin.String(KOverInit))">Skin.SetString(PRO.View1.B3Show,VISIBLE)</onfocus>
			<onfocus condition="IsEmpty(Skin.String(KOverInit))">Skin.SetString(PRO.View1.B3CoordX,C)</onfocus>
			<onfocus condition="IsEmpty(Skin.String(KOverInit))">Skin.SetString(PRO.View1.B3CoordY,C)</onfocus>
			<onfocus condition="IsEmpty(Skin.String(KOverInit))">Skin.SetString(PRO.View1.B3SizeX,1COLUMN)</onfocus>
			<onfocus condition="IsEmpty(Skin.String(KOverInit))">Skin.SetString(PRO.View1.B3SizeY,1ROW)</onfocus>
			
			<onfocus condition="IsEmpty(Skin.String(KOverInit))">Skin.SetString(PRO.View1.B4Show,HIDDEN)</onfocus>
			<onfocus condition="IsEmpty(Skin.String(KOverInit))">Skin.SetString(PRO.View1.B4CoordX,C)</onfocus>
			<onfocus condition="IsEmpty(Skin.String(KOverInit))">Skin.SetString(PRO.View1.B4CoordY,C)</onfocus>
			<onfocus condition="IsEmpty(Skin.String(KOverInit))">Skin.SetString(PRO.View1.B4SizeX,1COLUMN)</onfocus>
			<onfocus condition="IsEmpty(Skin.String(KOverInit))">Skin.SetString(PRO.View1.B4SizeY,1ROW)</onfocus>
			<onfocus condition="IsEmpty(Skin.String(KOverInit))">Skin.SetString(PRO.View1.Name,View1)</onfocus>	

			<onfocus condition="IsEmpty(Skin.String(KOverInit))">Skin.SetString(WEA.View1.WPShow,VISIBLE)</onfocus>
			<onfocus condition="IsEmpty(Skin.String(KOverInit))">Skin.SetString(WEA.View1.WPBGs,IMAGE)</onfocus>
			<onfocus condition="IsEmpty(Skin.String(KOverInit))">Skin.SetString(WEA.View1.WPPic,common/wplayer2.png)</onfocus>
			<onfocus condition="IsEmpty(Skin.String(KOverInit))">Skin.SetString(WEA.View1.WPVDOTop,VISIBLE)</onfocus>
			<onfocus condition="IsEmpty(Skin.String(KOverInit))">Skin.SetString(WEA.View1.BBLay,HORIZONTAL)</onfocus>
			<onfocus condition="IsEmpty(Skin.String(KOverInit))">Skin.SetString(WEA.View1.BBSidebar,BOTTOM)</onfocus>
			<onfocus condition="IsEmpty(Skin.String(KOverInit))">Skin.SetString(WEA.View1.BBSBHide,ENABLED)</onfocus>
			<onfocus condition="IsEmpty(Skin.String(KOverInit))">Skin.SetString(WEA.View1.DIAPanel,BOTTOM)</onfocus>
			<onfocus condition="IsEmpty(Skin.String(KOverInit))">Skin.SetString(WEA.View1.DIASlide,OVER)</onfocus>
			<onfocus condition="IsEmpty(Skin.String(KOverInit))">Skin.SetString(WEA.View1.BBSepY,NONE)</onfocus>
			<onfocus condition="IsEmpty(Skin.String(KOverInit))">Skin.SetString(WEA.View1.BBSepX,AB)</onfocus>
			<onfocus condition="IsEmpty(Skin.String(KOverInit))">Skin.SetString(WEA.View1.BBShow,VISIBLE)</onfocus>
			<onfocus condition="IsEmpty(Skin.String(KOverInit))">Skin.SetString(WEA.View1.BBCoordX,A)</onfocus>
			<onfocus condition="IsEmpty(Skin.String(KOverInit))">Skin.SetString(WEA.View1.BBCoordY,C)</onfocus>
			<onfocus condition="IsEmpty(Skin.String(KOverInit))">Skin.SetString(WEA.View1.BBSizeX,3COLUMN)</onfocus>
			<onfocus condition="IsEmpty(Skin.String(KOverInit))">Skin.SetString(WEA.View1.BBSizeY,1ROW)</onfocus>
			
			<onfocus condition="IsEmpty(Skin.String(KOverInit))">Skin.SetString(WEA.View1.B1Show,VISIBLE)</onfocus>
			<onfocus condition="IsEmpty(Skin.String(KOverInit))">Skin.SetString(WEA.View1.B1CoordX,A)</onfocus>
			<onfocus condition="IsEmpty(Skin.String(KOverInit))">Skin.SetString(WEA.View1.B1CoordY,C)</onfocus>
			<onfocus condition="IsEmpty(Skin.String(KOverInit))">Skin.SetString(WEA.View1.B1SizeX,1COLUMN)</onfocus>
			<onfocus condition="IsEmpty(Skin.String(KOverInit))">Skin.SetString(WEA.View1.B1SizeY,1ROW)</onfocus>
			<onfocus condition="IsEmpty(Skin.String(KOverInit))">Skin.SetString(WEA.View1.B1Typ,WIDELIST)</onfocus>	

			<onfocus condition="IsEmpty(Skin.String(KOverInit))">Skin.SetString(WEA.View1.B2Show,VISIBLE)</onfocus>
			<onfocus condition="IsEmpty(Skin.String(KOverInit))">Skin.SetString(WEA.View1.B2CoordX,B)</onfocus>
			<onfocus condition="IsEmpty(Skin.String(KOverInit))">Skin.SetString(WEA.View1.B2CoordY,C)</onfocus>
			<onfocus condition="IsEmpty(Skin.String(KOverInit))">Skin.SetString(WEA.View1.B2SizeX,1COLUMN)</onfocus>
			<onfocus condition="IsEmpty(Skin.String(KOverInit))">Skin.SetString(WEA.View1.B2SizeY,1ROW)</onfocus>
			
			<onfocus condition="IsEmpty(Skin.String(KOverInit))">Skin.SetString(WEA.View1.B3Show,VISIBLE)</onfocus>
			<onfocus condition="IsEmpty(Skin.String(KOverInit))">Skin.SetString(WEA.View1.B3CoordX,C)</onfocus>
			<onfocus condition="IsEmpty(Skin.String(KOverInit))">Skin.SetString(WEA.View1.B3CoordY,C)</onfocus>
			<onfocus condition="IsEmpty(Skin.String(KOverInit))">Skin.SetString(WEA.View1.B3SizeX,1COLUMN)</onfocus>
			<onfocus condition="IsEmpty(Skin.String(KOverInit))">Skin.SetString(WEA.View1.B3SizeY,1ROW)</onfocus>
			
			<onfocus condition="IsEmpty(Skin.String(KOverInit))">Skin.SetString(WEA.View1.B4Show,HIDDEN)</onfocus>
			<onfocus condition="IsEmpty(Skin.String(KOverInit))">Skin.SetString(WEA.View1.B4CoordX,C)</onfocus>
			<onfocus condition="IsEmpty(Skin.String(KOverInit))">Skin.SetString(WEA.View1.B4CoordY,C)</onfocus>
			<onfocus condition="IsEmpty(Skin.String(KOverInit))">Skin.SetString(WEA.View1.B4SizeX,1COLUMN)</onfocus>
			<onfocus condition="IsEmpty(Skin.String(KOverInit))">Skin.SetString(WEA.View1.B4SizeY,1ROW)</onfocus>
			<onfocus condition="IsEmpty(Skin.String(KOverInit))">Skin.SetString(WEA.View1.Name,View1)</onfocus>	

			<onfocus condition="IsEmpty(Skin.String(KOverInit))">Skin.SetString(DIA.View1.BBSidebar,LEFT)</onfocus>
			<onfocus condition="IsEmpty(Skin.String(KOverInit))">Skin.SetString(DIA.View1.DIAPanel,RIGHT)</onfocus>		
				
			<onfocus condition="IsEmpty(Skin.String(KOverInit))">Skin.SetString(Color.WP,FF007BA7)</onfocus>
			<onfocus condition="IsEmpty(Skin.String(KOverInit))">Skin.SetString(Color.SBIconNF,FF666666)</onfocus>
			<onfocus condition="IsEmpty(Skin.String(KOverInit))">Skin.SetString(Color.SBClock,FFFFFFFF)</onfocus>	
			<onfocus condition="IsEmpty(Skin.String(KOverInit))">Skin.SetString(Color.SBShadow,FF000000)</onfocus>
			<onfocus condition="IsEmpty(Skin.String(KOverInit))">Skin.SetString(Color.BBBg,FF000000)</onfocus>
			<onfocus condition="IsEmpty(Skin.String(KOverInit))">Skin.SetString(Color.B1Bg,00FFFFFF)</onfocus>
			<onfocus condition="IsEmpty(Skin.String(KOverInit))">Skin.SetString(Color.B1ItemNF,FF111111)</onfocus>
			<onfocus condition="IsEmpty(Skin.String(KOverInit))">Skin.SetString(Color.B1Txt1NF,FFAAAAAA)</onfocus>
			<onfocus condition="IsEmpty(Skin.String(KOverInit))">Skin.SetString(Color.B1Txt2NF,FF666666)</onfocus>	
			<onfocus condition="IsEmpty(Skin.String(KOverInit))">Skin.SetString(Color.B1ItemFVDO,BBAD3CD6)</onfocus>		
			<onfocus condition="IsEmpty(Skin.String(KOverInit))">Skin.SetString(Color.B1ItemFMOV,BBE8139A)</onfocus>		
			<onfocus condition="IsEmpty(Skin.String(KOverInit))">Skin.SetString(Color.B1ItemFSHO,BB81D63C)</onfocus>	
			<onfocus condition="IsEmpty(Skin.String(KOverInit))">Skin.SetString(Color.B1ItemFMUS,BB4981E3)</onfocus>	
			<onfocus condition="IsEmpty(Skin.String(KOverInit))">Skin.SetString(Color.B1ItemFPIC,BB00F2FF)</onfocus>	
			<onfocus condition="IsEmpty(Skin.String(KOverInit))">Skin.SetString(Color.B1ItemFTV,BB00AAFF)</onfocus>	
			<onfocus condition="IsEmpty(Skin.String(KOverInit))">Skin.SetString(Color.B1ItemF,BBFFA600)</onfocus>
			<onfocus condition="IsEmpty(Skin.String(KOverInit))">Skin.SetString(Color.B1IconBg,33000000)</onfocus>
			<onfocus condition="IsEmpty(Skin.String(KOverInit))">Skin.SetString(Color.B1Txt1F,FFFFFFFF)</onfocus>
			<onfocus condition="IsEmpty(Skin.String(KOverInit))">Skin.SetString(Color.B1Txt2F,FFDDDDDD)</onfocus>
			<onfocus condition="IsEmpty(Skin.String(KOverInit))">Skin.SetString(Color.B2Bg,FF111111)</onfocus>
			<onfocus condition="IsEmpty(Skin.String(KOverInit))">Skin.SetString(Color.B2Txt1,FFFFFFFF)</onfocus>
			<onfocus condition="IsEmpty(Skin.String(KOverInit))">Skin.SetString(Color.B2Txt2,FFDDDDDD)</onfocus>
			<onfocus condition="IsEmpty(Skin.String(KOverInit))">Skin.SetString(Color.B2Txt3,FF666666)</onfocus>
			<onfocus condition="IsEmpty(Skin.String(KOverInit))">Skin.SetString(Color.B2Txt4,FFAAAAAA)</onfocus>
			<onfocus condition="IsEmpty(Skin.String(KOverInit))">Skin.SetString(Color.B3Bg,FF111111)</onfocus>
			<onfocus condition="IsEmpty(Skin.String(KOverInit))">Skin.SetString(Color.B4Bg,FF000000)</onfocus>
			<onfocus condition="IsEmpty(Skin.String(KOverInit))">Skin.SetString(Color.DIABg,FF12161B)</onfocus>

			<onfocus condition="IsEmpty(Skin.String(KOverInit))">Skin.SetString(Color.DIATitle,FFFFFFFF)</onfocus>
			<onfocus condition="IsEmpty(Skin.String(KOverInit))">Skin.SetString(Color.DIATxtNF,FF666666)</onfocus>
			<onfocus condition="IsEmpty(Skin.String(KOverInit))">Skin.SetString(Color.DIATxtFBg,)</onfocus>
			<onfocus condition="IsEmpty(Skin.String(KOverInit))">Skin.SetString(Color.DIATxtF,FFFFFFFF)</onfocus>
			<onfocus condition="IsEmpty(Skin.String(KOverInit))">Skin.SetString(Color.DIAInvalid,AA666666)</onfocus>
			
			<onfocus condition="IsEmpty(Skin.String(KOverInit))">Skin.SetString(Color.SBBg,EE000000)</onfocus>

            <onfocus condition="System.HasAddon(script.skin.info.service)">RunScript(script.skin.info.service)</onfocus>
            <onfocus>ReplaceWindow(home)</onfocus>
            <onfocus>AlarmClock(GoHome,ReplaceWindow(home),00:01,silent,false)</onfocus>
			<onfocus condition="IsEmpty(Skin.String(KOverInit))">Skin.SetString(KOverInit,DONE)</onfocus>            
        </control>       


		<!-- Background -->
		<control type="image">
			<top>0</top>
			<left>0</left>
			<width>1920</width>
			<height>1080</height>
			<colordiffuse>$VAR[InitColor1]</colordiffuse>
			<texture background="true">common/white.png</texture>
			<visible>true</visible>
		</control>			

		<!-- Logo -->
		<control type="image">
			<left>324</left>
			<top>334</top>
			<width>356</width>
			<height>356</height>
			<colordiffuse>$VAR[InitColor2]</colordiffuse>
			<texture>common/kodi.png</texture>
			<aspectratio aligny="center">keep</aspectratio>
		</control>			
		<control type="image">
			<left>476</left>
			<top>334</top>
			<width>356</width>
			<height>356</height>
			<colordiffuse>$VAR[InitColor3]</colordiffuse>
			<texture>common/kover.png</texture>
			<aspectratio aligny="center">keep</aspectratio>
		</control>			
		<control type="label">
			<left>550</left>
			<top>490</top>
			<width>499</width>
			<height>50</height>
			<align>left</align>
			<aligny>center</aligny>
			<font>Font60R</font>
			<textcolor>$VAR[InitColor4]</textcolor>
			<label>Over</label>
			<animation effect="rotate" start="0" end="45" time="0" center="560,500" condition="true">Conditional</animation>
		</control>			

		<control type="label">
			<left>860</left>
			<top>382</top>
			<width>499</width>
			<height>50</height>
			<align>left</align>
			<aligny>center</aligny>
			<font>Font60</font>
			<textcolor>$VAR[InitColor5]</textcolor>
			<label>314</label>
			<animation effect="fade" start="0" end="100" time="200" condition="true">Conditional</animation>			
		</control>			

		<control type="label">
			<left>860</left>
			<top>432</top>
			<width>499</width>
			<height>50</height>
			<align>left</align>
			<aligny>center</aligny>
			<font>Font27</font>
			<textcolor>$VAR[InitColor2]</textcolor>
			<label>20186</label>
			<animation effect="fade" start="0" end="100" time="200" condition="true">Conditional</animation>
		</control>											

	</controls>

</window>