<?xml version="1.0" encoding="UTF-8"?>
<includes>

    <!-- HUBS -->
    <include name="Window_Hub">
        <include>Furniture_Background</include>
        <include>Furniture_TopBar</include>
        <include>Furniture_RSS</include>
        <control type="group">
            <include>Animation_Hub</include>
            <control type="group">
                <top>top</top>
                <left>side</left>
                <right>side</right>
                <height>height</height>
                <control type="group">
                    <left>0</left>
                    <top>0</top>
                    <width>1210</width>
                    <height>100%</height>
                    <control type="group">
                        <include name="Object_Line">
                            <param name="width" value="1210" />
                            <param name="label" value="$VAR[Label_Hub_WidgetType]" />
                        </include>
                    </control>
                    <control type="image">
                        <width>100%</width>
                        <height>100%</height>
                        <texture colordiffuse="PosterBorder">common/white.png</texture>
                        <visible>!Control.HasFocus(9500)</visible>
                    </control>
                    <control type="image">
                        <width>100%</width>
                        <height>100%</height>
                        <texture colordiffuse="$VAR[HighlightColor]">common/white.png</texture>
                        <visible>Control.HasFocus(9500)</visible>
                    </control>
                    <control type="wraplist" id="9500">
                        <left>pad</left>
                        <right>pad</right>
                        <top>pad</top>
                        <bottom>pad</bottom>
                        <pagecontrol>60</pagecontrol>
                        <preloaditems>2</preloaditems>
                        <onleft>9501</onleft>
                        <onright>9501</onright>
                        <orientation>vertical</orientation>
                        <autoscroll time="7000">!Control.HasFocus(9500)</autoscroll>
                        <scrolltime tween="quadratic">400</scrolltime>
                        <itemlayout width="1190" height="670">
                            <control type="image">
                                <width>100%</width>
                                <height>100%</height>
                                <aspectratio>scale</aspectratio>
                                <texture background="true" fallback="special://skin/extras/backgrounds/home.jpg">$VAR[Image_Thumb]</texture>
                            </control>
                        </itemlayout>
                        <focusedlayout width="1190" height="670">
                            <control type="image">
                                <width>100%</width>
                                <height>100%</height>
                                <aspectratio>scale</aspectratio>
                                <texture background="true" fallback="special://skin/extras/backgrounds/home.jpg">$VAR[Image_Thumb]</texture>
                            </control>
                        </focusedlayout>
                        <content limit="10" target="video">$VAR[Defs_Hub_Widget]</content>
                    </control>
                    <control type="group">
                        <left>pad</left>
                        <right>pad</right>
                        <bottom>pad</bottom>
                        <height>122</height>
                        <control type="image">
                            <width>100%</width>
                            <height>240</height>
                            <bottom>0</bottom>
                            <texture flipy="true" colordiffuse="bfffffff">common/gradient.png</texture>
                        </control>
                        <control type="group">
                            <control type="label">
                                <left>side</left>
                                <right>side</right>
                                <top>10</top>
                                <height>32</height>
                                <label>$VAR[Label_Hub_WidgetLabel]</label>
                            </control>
                            <control type="label">
                                <left>side</left>
                                <right>side</right>
                                <top>10</top>
                                <height>32</height>
                                <align>right</align>
                                <font>Font-ListInfo-Small-Bold</font>
                                <label>$VAR[Label_Hub_WidgetLabel2]</label>
                            </control>
                        </control>
                        <control type="textbox">
                            <left>side</left>
                            <right>side</right>
                            <bottom>14</bottom>
                            <height>64</height>
                            <align>left</align>
                            <font>Font-ListInfo-Small</font>
                            <label fallback="31092">$INFO[Container(9500).ListItem.Plot]$INFO[Container(9500).ListItem.Property(Album_Description)]$INFO[Container(9500).ListItem.Property(Artist_Description)]$INFO[Container(9500).ListItem.Property(Addon.Description)]</label>
                        </control>
                    </control>
                </control>
                <control type="group" description="hub side">
                    <right>0</right>
                    <top>0</top>
                    <width>660</width>
                    <height>100%</height>
                    <include name="Object_Line">
                        <param name="width" value="660" />
                        <param name="label" value="$LOCALIZE[31073]" />
                    </include>
                    <control type="panel" id="9501">  
                        <onleft>9500</onleft>
                        <onup>9501</onup>
                        <ondown>9501</ondown>
                        <height>700</height>
                        <onright condition="!StringCompare(Window(home).Property(HubReturn),Home) + !IsEmpty(Window(home).Property(NodeReturn))">ActivateWindow($INFO[Window(home).Property(NodeReturn)],$INFO[Window(home).Property(HubReturn)],return)</onright>
                        <pagecontrol>60</pagecontrol>
                        <preloaditems>2</preloaditems>
                        <orientation>vertical</orientation>
                        <scrolltime tween="quadratic">400</scrolltime>
                        <itemlayout width="660" height="100">
                            <control type="image">
                                <width>100%</width>
                                <top>0</top>
                                <bottom>pad</bottom>
                                <texture colordiffuse="PosterBorder">common/white.png</texture>
                            </control>
                            <control type="image">
                                <right>0</right>
                                <top>0</top>
                                <bottom>pad</bottom>
                                <width>90</width>
                                <aspectratio>keep</aspectratio>
                                <texture colordiffuse="ListLabel">$INFO[ListItem.Icon]</texture>
                            </control>
                            <control type="label">
                                <left>30</left>
                                <right>80</right>
                                <top>0</top>
                                <bottom>pad</bottom>
                                <label>$INFO[ListItem.Label]</label>
                            </control>
                        </itemlayout>
                        <focusedlayout width="660" height="100">
                            <control type="image">
                                <width>100%</width>
                                <top>0</top>
                                <bottom>pad</bottom>
                                <texture colordiffuse="$VAR[HighlightColor]">common/white.png</texture>
                            </control>
                            <control type="image">
                                <right>0</right>
                                <top>0</top>
                                <bottom>pad</bottom>
                                <width>90</width>
                                <aspectratio>keep</aspectratio>
                                <texture colordiffuse="Selected">$INFO[ListItem.Icon]</texture>
                            </control>
                            <control type="label">
                                <left>30</left>
                                <right>80</right>
                                <top>0</top>
                                <bottom>pad</bottom>
                                <textcolor>Selected</textcolor>
                                <label>$INFO[ListItem.Label]</label>
                            </control>
                        </focusedlayout>
                        <content><include>$PARAM[categories]</include></content>
                    </control>
                </control>
            </control>
        </control>
        
    </include>

    


    <!-- OSD Controls -->
    <include name="Window_OSD_Left_Music">
        <control type="button" id="1">
            <description>Audio Settings</description>
            <label>$LOCALIZE[486]$INFO[Playlist.Repeat, : ]</label>
            <onclick>XBMC.PlayerControl(Repeat)</onclick>
            <include>Defs_OSDButton</include>
        </control>
        <control type="button" id="2">
            <label>$LOCALIZE[191]$INFO[Playlist.Random, : ]</label>
            <onclick>XBMC.PlayerControl(Random)</onclick>
            <include>Defs_OSDButton</include>
        </control>
        <control type="button" id="3">
            <description>Playlist</description>
            <label>559</label>
            <onclick>Close</onclick>
            <onclick>ActivateWindow(MusicPlaylist)</onclick>
            <include>Defs_OSDButton</include>
        </control>
    </include>
    <include name="Window_OSD_Right_Music">
        <control type="button" id="4">
            <description>Vis</description>
            <label>250</label>
            <onclick>Addon.Default.Set(xbmc.player.musicviz)</onclick>
            <include>Defs_OSDButton</include>
        </control>           
        <control type="button" id="5">
            <description>Presets</description>
            <label>13388</label>
            <onclick>ActivateWindow(musicsettings)</onclick>
            <onclick>XBMC.ActivateWindow(122)</onclick>
            <include>Defs_OSDButton</include>
        </control>
        <control type="button" id="6">
            <description>Lyrics</description>
            <label>24013</label>
            <onclick>RunScript(script.cu.lrclyrics)</onclick>
            <enable>false</enable>
            <include>Defs_OSDButton</include>
        </control>
    </include>
    <include name="Window_OSD_Left_Video">
        <control type="button" id="1">
            <description>Audio Settings</description>
            <label>292</label>
            <onclick>ActivateWindow(124)</onclick>
            <include>Defs_OSDButton</include>
        </control>
        <control type="button" id="2">
            <label>291</label>
            <onclick>ActivateWindow(123)</onclick>
            <include>Defs_OSDButton</include>
        </control>
        <control type="button" id="3">
            <description>Playlist</description>
            <label>$LOCALIZE[287]</label>
            <onclick>Action(ShowSubtitles)</onclick>
            <onup>9302</onup>
            <include>Defs_OSDButton</include>
        </control>
    </include>
    <include name="Window_OSD_Right_Video">
        <control type="button" id="4">
            <description>Extra Info</description>
            <label>31105</label>
            <onclick>Close</onclick>
            <onclick condition="!Player.Paused">Pause</onclick>
            <onclick condition="VideoPlayer.Content(movies)">RunScript(script.extendedinfo,info=extendedinfo,name=$INFO[VideoPlayer.Title])</onclick>
            <onclick condition="VideoPlayer.Content(episodes)">RunScript(script.extendedinfo,info=extendedtvinfo,name=$INFO[VideoPlayer.TvShowTitle])</onclick>
            <include>Defs_OSDButton</include>
        </control>           
        <control type="button" id="5">
            <description>3d Mode</description>
            <label>31106</label>
            <onclick>StereoMode</onclick>
            <enable>VideoPlayer.IsStereoscopic</enable>
            <include>Defs_OSDButton</include>
        </control>
        <control type="button" id="6">
            <description>Bookmarks</description>
            <label>298</label>
            <onclick>ActivateWindow(125)</onclick>
            <include>Defs_OSDButton</include>
        </control>
    </include>
    <include name="Window_OSD_Right_LiveTV">
        <control type="button" id="4">
            <description>CHANNELS</description>
            <label>19019</label>
            <include>Defs_OSDButton</include>
            <onclick>Close</onclick>
            <onclick>ActivateWindow(pvrosdchannels)</onclick>
        </control>
        <control type="button" id="5">
            <description>EPG</description>
            <label>$LOCALIZE[19030] / $LOCALIZE[19031]</label>
            <onclick>Close</onclick>
            <onclick>ActivateWindow(pvrosdguide)</onclick>
            <include>Defs_OSDButton</include>
        </control>

        <control type="button" id="6">
            <description>TIMELINE</description>
            <include>Defs_OSDButton</include>
            <label>19032</label>
            <onclick>Close</onclick>
            <onclick>ActivateWindow(tvguide,,return)</onclick>
        </control>
    </include>
    <include name="Window_OSD_Controls">
        <control type="button" id="12">
            <description>Skip Back</description>
            <width>48</width>
            <height>48</height>
            <label></label>
            <font>noop</font>
            <texturefocus colordiffuse="$VAR[HighlightColor]" flipx="true">osd/next.png</texturefocus>
            <texturenofocus colordiffuse="LineLabel" flipx="true">osd/next.png</texturenofocus>
            <onclick>PlayerControl(Previous)</onclick>
        </control>

        <control type="button" id="13">
            <description>Rewind</description>
            <width>48</width>
            <height>48</height>
            <label></label>
            <font>noop</font>
            <texturefocus colordiffuse="$VAR[HighlightColor]" flipx="true">osd/ff.png</texturefocus>
            <texturenofocus colordiffuse="LineLabel" flipx="true">osd/ff.png</texturenofocus>
            <onclick>PlayerControl(Rewind)</onclick>
        </control>

        <control type="togglebutton" id="14">
            <description>Play/Pause</description>
            <width>48</width>
            <height>48</height>
            <label></label>
            <altlabel></altlabel>
            <font>noop</font>
            <texturefocus colordiffuse="$VAR[HighlightColor]">osd/pause.png</texturefocus>
            <texturenofocus colordiffuse="LineLabel">osd/pause.png</texturenofocus>
            <usealttexture>Player.Paused | Player.Forwarding | Player.Rewinding</usealttexture>
            <alttexturefocus colordiffuse="$VAR[HighlightColor]">osd/play.png</alttexturefocus>
            <alttexturenofocus colordiffuse="LineLabel">osd/play.png</alttexturenofocus>
            <onclick>PlayerControl(Play)</onclick>
        </control>

        <control type="button" id="15">
            <description>Stop</description>
            <width>48</width>
            <height>48</height>
            <label></label>
            <font>noop</font>
            <texturefocus colordiffuse="$VAR[HighlightColor]">osd/stop.png</texturefocus>
            <texturenofocus colordiffuse="LineLabel">osd/stop.png</texturenofocus>
            <onclick>PlayerControl(Stop)</onclick>
        </control>

        <control type="button" id="16">
            <description>Fast Forward</description>
            <width>48</width>
            <height>48</height>
            <label></label>
            <font>noop</font>
            <texturefocus colordiffuse="$VAR[HighlightColor]">osd/ff.png</texturefocus>
            <texturenofocus colordiffuse="LineLabel">osd/ff.png</texturenofocus>
            <onclick>PlayerControl(Forward)</onclick>
        </control>

        <control type="button" id="17">
            <description>Next</description>
            <width>48</width>
            <height>48</height>
            <label></label>
            <font>noop</font>
            <texturefocus colordiffuse="$VAR[HighlightColor]">osd/next.png</texturefocus>
            <texturenofocus colordiffuse="LineLabel">osd/next.png</texturenofocus>
            <onclick>PlayerControl(Next)</onclick>
        </control>
    </include>
    <include name="Window_OSD">
        <control type="group">
            <animation type="WindowOpen">
                <effect type="slide" start="0,64" end="0" time="200" />
                <effect type="fade" start="0" end="100" time="200" />
            </animation>
            <control type="grouplist" id="100">
                <left>0</left>
                <bottom>8</bottom>
                <height>48</height>
                <width>696</width>
                <itemgap>0</itemgap>
                <orientation>horizontal</orientation>
                <align>left</align>
                <onleft>6</onleft>
                <onright>12</onright>
                <onup>SetProperty(osdinfo,1,home)</onup>
                <ondown condition="IsEmpty(Window(home).Property(osdinfo))">Close</ondown>
                <ondown condition="!IsEmpty(Window(home).Property(osdinfo))">ClearProperty(osdinfo,home)</ondown>
                <include condition="Window.IsVisible(visualisation)">Window_OSD_Left_Music</include>
                <include condition="Window.IsVisible(fullscreenvideo)">Window_OSD_Left_Video</include>
            </control>
            <control type="grouplist" id="101">
                <bottom>8</bottom>
                <width>100%</width>
                <height>48</height>
                <itemgap>16</itemgap>
                <orientation>horizontal</orientation>
                <align>center</align>
                <onleft>3</onleft>
                <onright>4</onright>
                <onup>SetProperty(osdinfo,1,home)</onup>
                <ondown condition="IsEmpty(Window(home).Property(osdinfo))">Close</ondown>
                <ondown condition="!IsEmpty(Window(home).Property(osdinfo))">ClearProperty(osdinfo,home)</ondown>

                <include>Window_OSD_Controls</include>
            
            </control>
            <control type="grouplist" id="102">
                <right>0</right>
                <bottom>8</bottom>
                <height>48</height>
                <width>696</width>
                <itemgap>0</itemgap>
                <orientation>horizontal</orientation>
                <align>right</align>
                <onleft>17</onleft>
                <onright>1</onright>
                <onup>SetProperty(osdinfo,1,home)</onup>
                <ondown condition="IsEmpty(Window(home).Property(osdinfo))">Close</ondown>
                <ondown condition="!IsEmpty(Window(home).Property(osdinfo))">ClearProperty(osdinfo,home)</ondown>
                <include condition="Window.IsVisible(visualisation)">Window_OSD_Right_Music</include>
                <include condition="Window.IsVisible(fullscreenvideo) + !VideoPlayer.Content(LiveTV)">Window_OSD_Right_Video</include>
                <include condition="Window.IsVisible(fullscreenvideo) + VideoPlayer.Content(LiveTV)">Window_OSD_Right_LiveTV</include>
            </control>

            <control type="group">
                <visible allowhiddenfocus="true">ControlGroup(9300).HasFocus() | Control.HasFocus(3)</visible>
                <visible>Window.IsVisible(videoosd)</visible>
                <bottom>64</bottom>
                <centerleft>572</centerleft>
                <width>320</width>
                <height>138</height>
                <control type="image">
                    <description>background image</description>
                    <left>-24</left>
                    <right>-24</right>
                    <top>-24</top>
                    <bottom>-24</bottom>
                    <bordersize>24</bordersize>
                    <bordertexture border="24">common/24-shadow.png</bordertexture>
                    <texture colordiffuse="DialogBG">common/white.png</texture>
                </control>
                <control type="grouplist" id="9300">
                    <left>0</left>
                    <right>0</right>
                    <top>0</top>
                    <bottom>0</bottom>
                    <onup>noop</onup>
                    <ondown>3</ondown>
                    <onleft>3</onleft>
                    <onright>3</onright>
                    <itemgap>0</itemgap>
                    <orientation>vertical</orientation>
                    <scrolltime>200</scrolltime>
                    <control type="button" id="9301" description="Download">
                        <width>100%</width>
                        <height>69</height>
                        <include>Defs_OSDButton</include>
                        <label>33003</label>
                        <onclick>ActivateWindow(SubtitleSearch)</onclick>
                    </control>
                    <control type="togglebutton" id="9302" description="Enable Subs">
                        <width>100%</width>
                        <height>69</height>
                        <include>Defs_OSDButton</include>
                        <label>$LOCALIZE[305] $INFO[VideoPlayer.SubtitlesLanguage,[UPPERCASE],[/UPPERCASE]]</label>
                        <altlabel>13106</altlabel>
                        <onclick>NextSubtitle</onclick>
                        <usealttexture>!VideoPlayer.SubtitlesEnabled</usealttexture>
                    </control>
                </control>
            </control>
        </control>
    </include>
</includes>