<?xml version="1.0" encoding="UTF-8"?>
<includes>

    <!-- WIDE -->
    <include name="Viewtype_Wide">
        <control type="group">
            <visible>Control.IsVisible(55)</visible>
            <include>Animation_FadeIn</include>
            <include>Animation_FadeOut</include>
            <left>side</left>
            <right>side</right>
            <top>top</top>
            <height>height</height>
            <include name="Object_Line">
                <param name="width" value="1880" />
                <param name="label" value="$INFO[Control.GetLabel(3),, ]$INFO[Control.GetLabel(4),[COLOR=PosterBorder]-[/COLOR] , ]" />
            </include>
            <include name="View_Wide">
                <param name="id" value="55" />
                <param name="condition" value="Container.Content(tvshows) | Container.Content(movies)" />
            </include>
            <include>Object_Arrows_Vertical</include>
        </control>
    </include>
    <include name="View_Wide">
        <control type="group">
            <control type="panel" id="$PARAM[id]">
                <width>1890</width>
                <height>700</height>
                <onup>$PARAM[id]</onup>
                <ondown>$PARAM[id]</ondown>
                <onright condition="!Skin.HasSetting(KioskMode)">9000</onright>
                <onleft condition="!StringCompare(Window(home).Property(HubReturn),Home)">ActivateWindow($INFO[Window(home).Property(HubReturn)])</onleft>
                <pagecontrol>60</pagecontrol>
                <preloaditems>2</preloaditems>
                <orientation>vertical</orientation>
                <viewtype label="539">wide</viewtype>
                <scrolltime tween="quadratic">400</scrolltime>
                <visible>$PARAM[condition]</visible>
                <itemlayout height="140" width="630">
                    <control type="group">
                        <left>0</left>
                        <right>pad</right>
                        <bottom>pad</bottom>
                        <control type="image">
                            <width>100%</width>
                            <height>100%</height>
                            <texture colordiffuse="PosterBorder">common/white.png</texture>
                        </control>
                        <control type="image">
                            <left>pad</left>
                            <right>pad</right>
                            <top>pad</top>
                            <bottom>pad</bottom>
                            <aspectratio>scale</aspectratio>
                            <texture background="true">$VAR[Image_Banner]</texture>
                        </control>
                        <control type="image">
                            <right>15</right>
                            <top>15</top>
                            <height>32</height>
                            <width>32</width>
                            <texture>$VAR[Image_Indicator]</texture>
                            <visible>!IsEmpty(ListItem.Overlay)</visible>
                        </control>
                    </control>
                </itemlayout>

                <focusedlayout height="140" width="630">
                    <control type="group">
                        <left>0</left>
                        <right>pad</right>
                        <bottom>pad</bottom>
                        <control type="image">
                            <width>100%</width>
                            <height>100%</height>
                            <texture colordiffuse="$VAR[HighlightColor]">common/white.png</texture>
                        </control>
                        <control type="image">
                            <left>pad</left>
                            <right>pad</right>
                            <top>pad</top>
                            <bottom>pad</bottom>
                            <aspectratio>scale</aspectratio>
                            <texture background="true">$VAR[Image_Banner]</texture>
                        </control>
                        <control type="image">
                            <right>15</right>
                            <top>15</top>
                            <height>32</height>
                            <width>32</width>
                            <texture>$VAR[Image_Indicator]</texture>
                            <visible>!IsEmpty(ListItem.Overlay)</visible>
                        </control>
                    </control>
                </focusedlayout>
            </control>
        </control>
    </include>

    <!-- FANART -->
    <include name="Viewtype_Fanart">
        <control type="group">
            <visible>Control.IsVisible(56)</visible>
            <include>Animation_FadeIn</include>
            <include>Animation_FadeOut</include>
            <left>side</left>
            <right>side</right>
            <top>top</top>
            <height>height</height>
            <include name="Object_Line">
                <param name="width" value="1880" />
                <param name="label" value="$INFO[Control.GetLabel(3),, ]$INFO[Control.GetLabel(4),[COLOR=PosterBorder]-[/COLOR] , ]" />
            </include>
            <include name="View_Fanart">
                <param name="id" value="56" />
                <param name="condition" value="Window.IsVisible(MyPics.xml) | Container.Content(episodes) | Container.Content(tvshows) | Container.Content(movies)" />
            </include>
            <include>Object_Arrows_Vertical</include>
        </control>
    </include>
    <include name="View_Fanart">
        <control type="group">
            <control type="panel" id="$PARAM[id]">
                <width>1890</width>
                <height>700</height>
                <onup>$PARAM[id]</onup>
                <ondown>$PARAM[id]</ondown>
                <onright condition="!Skin.HasSetting(KioskMode)">9000</onright>
                <onleft condition="!StringCompare(Window(home).Property(HubReturn),Home)">ActivateWindow($INFO[Window(home).Property(HubReturn)])</onleft>
                <pagecontrol>60</pagecontrol>
                <preloaditems>2</preloaditems>
                <orientation>vertical</orientation>
                <viewtype label="20445">fanart</viewtype>
                <scrolltime tween="quadratic">400</scrolltime>
                <visible>$PARAM[condition]</visible>
                <itemlayout height="350" width="630">
                    <control type="group">
                        <left>0</left>
                        <right>pad</right>
                        <bottom>pad</bottom>
                        <control type="image">
                            <width>100%</width>
                            <height>100%</height>
                            <texture colordiffuse="PosterBorder">common/white.png</texture>
                        </control>
                        <control type="image">
                            <left>pad</left>
                            <right>pad</right>
                            <top>pad</top>
                            <bottom>pad</bottom>
                            <aspectratio>scale</aspectratio>
                            <texture background="true">$VAR[Image_Thumb]</texture>
                        </control>
                        <control type="image">
                            <right>15</right>
                            <top>15</top>
                            <height>32</height>
                            <width>32</width>
                            <texture>$VAR[Image_Indicator]</texture>
                            <visible>!IsEmpty(ListItem.Overlay)</visible>
                        </control>
                        <control type="image">
                            <left>pad</left>
                            <right>pad</right>
                            <bottom>pad</bottom>
                            <height>48</height>
                            <texture flipy="true" colordiffuse="9f000000">common/white.png</texture>
                        </control>
                        <control type="label">
                            <left>25</left>
                            <right>25</right>
                            <bottom>pad</bottom>
                            <height>48</height>
                            <font>Font-ListInfo-Small-Bold</font>
                            <label>$INFO[ListItem.Label]</label>
                        </control>
                        <control type="label">
                            <left>25</left>
                            <right>25</right>
                            <bottom>pad</bottom>
                            <height>48</height>
                            <align>right</align>
                            <font>Font-ListInfo-Small</font>
                            <label>$INFO[ListItem.Label2]</label>
                        </control>
                    </control>
                </itemlayout>

                <focusedlayout height="350" width="630">
                    <control type="group">
                        <left>0</left>
                        <right>pad</right>
                        <bottom>pad</bottom>
                        <control type="image">
                            <width>100%</width>
                            <height>100%</height>
                            <texture colordiffuse="$VAR[HighlightColor]">common/white.png</texture>
                        </control>
                        <control type="image">
                            <left>pad</left>
                            <right>pad</right>
                            <top>pad</top>
                            <bottom>pad</bottom>
                            <aspectratio>scale</aspectratio>
                            <texture background="true">$VAR[Image_Thumb]</texture>
                        </control>
                        <control type="image">
                            <right>15</right>
                            <top>15</top>
                            <height>32</height>
                            <width>32</width>
                            <texture>$VAR[Image_Indicator]</texture>
                            <visible>!IsEmpty(ListItem.Overlay)</visible>
                        </control>
                        <control type="image">
                            <left>pad</left>
                            <right>pad</right>
                            <bottom>pad</bottom>
                            <height>48</height>
                            <texture flipy="true" colordiffuse="9f000000">common/white.png</texture>
                        </control>
                        <control type="label">
                            <left>25</left>
                            <right>25</right>
                            <bottom>pad</bottom>
                            <height>48</height>
                            <font>Font-ListInfo-Small-Bold</font>
                            <label>$INFO[ListItem.Label]</label>
                        </control>
                        <control type="label">
                            <left>25</left>
                            <right>25</right>
                            <bottom>pad</bottom>
                            <height>48</height>
                            <align>right</align>
                            <font>Font-ListInfo-Small</font>
                            <label>$INFO[ListItem.Label2]</label>
                        </control>
                    </control>
                </focusedlayout>
            </control>
        </control>
    </include>
    <!-- BIG WIDE -->
    <include name="Viewtype_BigWide">
        <control type="group">
            <visible>Control.IsVisible(53)</visible>
            <include>Animation_FadeIn</include>
            <include>Animation_FadeOut</include>
            <left>side</left>
            <right>side</right>
            <top>top</top>
            <height>height</height>
            <include name="Object_Line">
                <param name="width" value="1880" />
                <param name="label" value="$INFO[Control.GetLabel(3),, ]$INFO[Control.GetLabel(4),[COLOR=PosterBorder]-[/COLOR] , ]" />
            </include>
            <include name="View_BigWide">
                <param name="id" value="53" />
                <param name="condition" value="Container.Content(sets) | Container.Content(episodes) | Container.Content(tvshows) | Container.Content(movies)" />
            </include>
            <!-- <control type="scrollbar" id="60">
                <onup>50</onup>
                <top>682</top>
                <orientation>horizontal</orientation>
                <width>1880</width>
                <height>8</height>
                <animation effect="fade" condition="!Control.HasFocus(60) + !Container.Scrolling" time="200" start="100" end="50">Conditional</animation>
            </control> -->
        </control>
    </include>
    <include name="Viewtype_Gallery">
        <control type="group">
            <visible>Control.IsVisible(505)</visible>
            <include>Animation_FadeIn</include>
            <include>Animation_FadeOut</include>
            <left>side</left>
            <right>side</right>
            <top>top</top>
            <height>height</height>
            <include name="Object_Line">
                <param name="width" value="1880" />
                <param name="label" value="$INFO[Control.GetLabel(3),, ]$INFO[Control.GetLabel(4),[COLOR=PosterBorder]-[/COLOR] , ]" />
            </include>
            <include name="View_Gallery">
                <param name="id" value="505" />
                <param name="condition" value="Container.Content(sets) | Container.Content(episodes) | Container.Content(tvshows) | Container.Content(movies)" />
            </include>
            <!-- <control type="scrollbar" id="60">
                <onup>50</onup>
                <top>682</top>
                <orientation>horizontal</orientation>
                <width>1880</width>
                <height>8</height>
                <animation effect="fade" condition="!Control.HasFocus(60) + !Container.Scrolling" time="200" start="100" end="50">Conditional</animation>
            </control> -->
        </control>
    </include>
    <include name="View_BigWide_Fanart">
        <control type="group">
            <top>0</top>
            <left>0</left>
            <right>pad</right>
            <height>100%</height>
            <control type="image">
                <width>100%</width>
                <height>100%</height>
                <texture colordiffuse="PosterBorder">common/white.png</texture>
            </control>
            <control type="image">
                <left>pad</left>
                <right>pad</right>
                <top>pad</top>
                <bottom>pad</bottom>
                <fadetime>200</fadetime>
                <aspectratio>scale</aspectratio>
                <texture background="true">$VAR[Image_Thumb]</texture>
            </control>
            <control type="image">
                <right>side</right>
                <top>side</top>
                <height>32</height>
                <width>32</width>
                <texture>$VAR[Image_Indicator]</texture>
                <visible>!IsEmpty(ListItem.Overlay)</visible>
            </control>
        </control>
    </include>
    <include name="View_BigWide_Info">
        <control type="group">
            <left>pad</left>
            <right>side</right>
            <bottom>15</bottom>
            <height>122</height>
            <control type="image">
                <width>100%</width>
                <height>240</height>
                <bottom>-5</bottom>
                <texture flipy="true" colordiffuse="bfffffff">common/gradient.png</texture>
            </control>
            <control type="group">
                <control type="label">
                    <left>side</left>
                    <right>side</right>
                    <top>10</top>
                    <height>32</height>
                    <label>$INFO[ListItem.Label]</label>
                </control>
                <control type="label">
                    <left>side</left>
                    <right>side</right>
                    <top>10</top>
                    <height>32</height>
                    <align>right</align>
                    <font>Font-ListInfo-Small-Bold</font>
                    <label>$VAR[Label_Label3,,  •  ]$INFO[ListItem.Rating]</label>
                </control>
                <control type="textbox">
                    <left>side</left>
                    <right>side</right>
                    <bottom>14</bottom>
                    <height>64</height>
                    <font>Font-ListInfo-Small</font>
                    <label>$VAR[Label_Plot]</label>
                </control>
            </control>
        </control>
    </include>
    <include name="View_Gallery">
        <control type="group">
            <control type="wraplist" id="$PARAM[id]">
                <top>0</top>
                <centerleft>945</centerleft>
                <width>3558</width>
                <height>height</height>
                <onleft>$PARAM[id]</onleft>
                <onright>$PARAM[id]</onright>
                <ondown>60</ondown>
                <onup condition="!Skin.HasSetting(KioskMode)">9000</onup>
                <pagecontrol>60</pagecontrol>
                <focusposition>1</focusposition>
                <preloaditems>2</preloaditems>
                <orientation>horizontal</orientation>
                <viewtype label="31163">bigwide</viewtype>
                <scrolltime tween="quadratic">400</scrolltime>
                <visible>$PARAM[condition]</visible>
                <itemlayout height="690" width="1186">
                    <include>View_BigWide_Fanart</include>
                </itemlayout>

                <focusedlayout height="690" width="1186">
                    <include>View_BigWide_Fanart</include>
                    <include>View_BigWide_Info</include>
                </focusedlayout>
            </control>
        </control>
        
    </include>
    <include name="View_BigWide">
        <control type="group">
            <control type="wraplist" id="$PARAM[id]">
                <top>0</top>
                <left>-88</left>
                <width>2736</width>
                <height>height</height>
                <onleft>$PARAM[id]</onleft>
                <onright>$PARAM[id]</onright>
                <ondown>60</ondown>
                <onup condition="!Skin.HasSetting(KioskMode)">9000</onup>
                <pagecontrol>60</pagecontrol>
                <focusposition>5</focusposition>
                <preloaditems>2</preloaditems>
                <orientation>horizontal</orientation>
                <viewtype label="540">bigwide</viewtype>
                <scrolltime tween="quadratic">400</scrolltime>
                <visible>$PARAM[condition]</visible>
                <itemlayout height="690" width="88">
                    <control type="group">
                        <left>0</left>
                        <right>pad</right>
                        
                        <control type="image">
                            <left>0</left>
                            <right>0</right>
                            <top>0</top>
                            <bottom>0</bottom>
                            <texture colordiffuse="PosterBorder">common/white.png</texture>
                        </control>

                        <control type="label">
                            <left>0</left>
                            <top>620</top>
                            <height>75</height>
                            <width>570</width>
                            <animation effect="rotate" end="90" start="0" condition="true" center="20,640">Conditional</animation>
                            <label>$INFO[ListItem.Label]</label>
                            <align>left</align>
                        </control>
                        <control type="image">
                            <centerleft>50%</centerleft>
                            <top>side</top>
                            <height>32</height>
                            <width>32</width>
                            <texture>$VAR[Image_Indicator]</texture>
                            <visible>!IsEmpty(ListItem.Overlay)</visible>
                        </control>
                    </control>
                </itemlayout>

                <focusedlayout height="690" width="1186">
                    <include>View_BigWide_Fanart</include>
                    <include>View_BigWide_Info</include>
                </focusedlayout>
            </control>
        </control>
        
    </include>
</includes>
