<?xml version="1.0" encoding="UTF-8"?>
<window>
	<!-- PVRTimerSettings -->
	<defaultcontrol always="true">5</defaultcontrol>
	<onload condition="IsEmpty(Window(Home).Property(DialogVisibility))">SetProperty(DialogVisibility,$INFO[Window.Property(xmlfile)],Home)</onload>
	<onload condition="!IsEmpty(Window(Home).Property(DialogVisibility)) + IsEmpty(Window(Home).Property(DialogVisibility2))">SetProperty(DialogVisibility2,$INFO[Window.Property(xmlfile)],Home)</onload>
	<onload condition="!IsEmpty(Window(Home).Property(DialogVisibility2)) + IsEmpty(Window(Home).Property(DialogVisibility3))">SetProperty(DialogVisibility3,$INFO[Window.Property(xmlfile)],Home)</onload>
	<onload condition="!IsEmpty(Window(Home).Property(DialogVisibility3)) + IsEmpty(Window(Home).Property(DialogVisibility4))">SetProperty(DialogVisibility4,$INFO[Window.Property(xmlfile)],Home)</onload>
	<onload condition="!IsEmpty(Window(Home).Property(DialogVisibility4)) + IsEmpty(Window(Home).Property(DialogVisibility5))">SetProperty(DialogVisibility5,$INFO[Window.Property(xmlfile)],Home)</onload>
	<onunload condition="IsEmpty(Window(Home).Property(DialogVisibility2))">ClearProperty(DialogVisibility,Home)</onunload>
	<onunload condition="IsEmpty(Window(Home).Property(DialogVisibility3))">ClearProperty(DialogVisibility2,Home)</onunload>
	<onunload condition="IsEmpty(Window(Home).Property(DialogVisibility4))">ClearProperty(DialogVisibility3,Home)</onunload>
	<onunload condition="IsEmpty(Window(Home).Property(DialogVisibility5))">ClearProperty(DialogVisibility4,Home)</onunload>
	<onunload>ClearProperty(DialogVisibility5,Home)</onunload>
	
	<controls>
		
		<control type="group">
			<visible>[StringCompare(Window(Home).Property(DialogVisibility),Window.Property(xmlfile)) + IsEmpty(Window(Home).Property(DialogVisibility2))] | 
					[StringCompare(Window(Home).Property(DialogVisibility2),Window.Property(xmlfile)) + IsEmpty(Window(Home).Property(DialogVisibility3))] |
					[StringCompare(Window(Home).Property(DialogVisibility3),Window.Property(xmlfile)) + IsEmpty(Window(Home).Property(DialogVisibility4))] |
					[StringCompare(Window(Home).Property(DialogVisibility4),Window.Property(xmlfile)) + IsEmpty(Window(Home).Property(DialogVisibility5))] |
					StringCompare(Window(Home).Property(DialogVisibility5),Window.Property(xmlfile))</visible>
			
			<include name="DialogPOS">
				<param name="DialogName" value="DiaPVRTimerSettings" />
			</include>

		</control>

		<!-- Default button -->
		<include name="DiaGroupListButton">
			<param name="Id" value="7" />
			<param name="OnLeft" value="noop" />
			<param name="OnRight" value="9000" />
		</include>

		<!-- Default radiobutton -->
		<include name="DiaRadio">
			<param name="Id" value="8" />
			<param name="OnLeft" value="noop" />
			<param name="OnRight" value="9000" />
		</include>

		<!-- Default spincontrolex -->
		<include name="DiaSpin">
			<param name="Id" value="9" />
			<param name="OnLeft" value="noop" />
			<param name="OnRight" value="9000" />
		</include>

		<!-- Default sliderex -->
		<control type="sliderex" id="13">
			<width>588</width>
			<height>60</height>
			<font>Font27</font>
			<textwidth>400</textwidth>
			<textoffsetx>12</textoffsetx>
			<sliderwidth>100</sliderwidth>
			<sliderheight>4</sliderheight>
			<textcolor>$INFO[Skin.String(Color.DIATxtNF)]</textcolor>
			<focusedcolor>$INFO[Skin.String(Color.DIATxtF)]</focusedcolor>
			<disabledcolor>$INFO[Skin.String(Color.DIAInvalid)]</disabledcolor>
			<texturefocus colordiffuse="$VAR[CategoryColor3]">common/white.png</texturefocus>
			<texturenofocus colordiffuse="00FFFFFF">common/white.png</texturenofocus>
			<texturesliderbar colordiffuse="55000000">common/white.png</texturesliderbar>
			<textureslidernib colordiffuse="$VAR[CategoryColor3]">common/white.png</textureslidernib>
			<textureslidernibfocus colordiffuse="$INFO[Skin.String(Color.DIATxtF)]">common/white.png</textureslidernibfocus>
			<controloffsetx></controloffsetx>
			<controloffsety></controloffsety>
			<visible>Control.IsEnabled(13)</visible>
		</control>	

		<!-- Default Separator -->
		<include name="DiaLine">
			<param name="Id" value="11" />
		</include>	

		<!-- Default Edit -->
		<include name="DiaEdit">
			<param name="Id" value="12" />
			<param name="OnLeft" value="noop" />
			<param name="OnRight" value="9000" />
		</include>		

		<!-- Default Label -->
		<include name="DiaLabel">
			<param name="Id" value="14" />
		</include>		

	</controls>

</window>