<?xml version="1.0" encoding="UTF-8"?>
<window>
	<onload condition="System.HasAddon(script.artistslideshow)">RunScript(script.artistslideshow)</onload>
	<onload>SetProperty(SidebarPos,$INFO[Skin.String(HOM.View1.BBSidebar)],Home)</onload>
	<onload>SetProperty(DialogPos,$INFO[Skin.String(HOM.View1.DIAPanel)],Home)</onload>	
	<onload>SetProperty(CompPrefix,HOM.View1,Home)</onload>		

	<!-- visualisation -->
	<controls>

		<!-- Visualisation -->
		<control type="visualisation" id="2">
			<visible>Player.HasAudio</visible>
		</control>

		<!-- Artist slideshow -->
		<control type="multiimage">
			<imagepath background="true">$INFO[Window(Visualisation).Property(ArtistSlideshow)]</imagepath>
			<aspectratio>scale</aspectratio>
			<timeperimage>10000</timeperimage>
			<fadetime>2000</fadetime>
			<randomize>true</randomize>
			<visible>Player.HasAudio + System.HasAddon(script.artistslideshow)</visible>
		</control>

	</controls>

</window>