<?xml version="1.0" encoding="UTF-8"?>
<window>
	<!-- selectdialog -->
	<zorder>2</zorder>
	<defaultcontrol always="true">211</defaultcontrol>
	
	<controls>
		
		<control type="group">
			<visible>IsEmpty(Window(Home).Property(DialogVisibility)) + IsEmpty(Window(Home).Property(DialogVisibility2)) + IsEmpty(Window(Home).Property(DialogVisibility3)) + IsEmpty(Window(Home).Property(DialogVisibility4)) + IsEmpty(Window(Home).Property(DialogVisibility5)) + IsEmpty(Window.Property(additionalDialog))</visible>
			
			<include name="DialogPOS">
				<param name="DialogName" value="DiaSkinShortcuts" />
			</include>		

		</control>
	</controls>

</window>