<?xml version="1.0" encoding="UTF-8"?>
<window>
	<!-- addonbrowser -->
	<backgroundcolor>0xff12161b</backgroundcolor>
	<defaultcontrol always="true">50</defaultcontrol>
	<views>50,51</views>
	<controls>
		<!-- Heading / Current item / Total items -->
		<control type="grouplist">
			<left>198</left>
			<top>134</top>
			<height>80</height>
			<itemgap>10</itemgap>
			<orientation>horizontal</orientation>
			<usecontrolcoords>true</usecontrolcoords>
			<control type="label">
				<width>auto</width>
				<height>60</height>
				<font>Med48</font>
				<aligny>bottom</aligny>
				<textcolor>ffdadada</textcolor>
				<label>$LOCALIZE[5]  </label>
			</control>
			<control type="label">
				<top>15</top>
				<width>auto</width>
				<height>60</height>
				<font>Med32</font>
				<aligny>bottom</aligny>
				<textcolor>ffdadada</textcolor>
				<label>$NUMBER[2]</label>
			</control>
			<control type="label">
				<top>14</top>
				<width>auto</width>
				<height>60</height>
				<font>Light36</font>
				<aligny>bottom</aligny>
				<textcolor>ff505050</textcolor>
				<label>|</label>
			</control>
			<control type="label">
				<top>15</top>
				<width>auto</width>
				<height>60</height>
				<font>Light32</font>
				<aligny>bottom</aligny>
				<textcolor>ff505050</textcolor>
				<label>$NUMBER[9]</label>
			</control>
		</control>
		<control type="group">
			<left>-28</left>
			<top>289</top>
			<visible>!Window.IsVisible(appearancesettings)</visible>
			<animation condition="!Window.Previous(systeminfo)" easing="inout" effect="slide" end="0,0" start="-49,0" time="125" tween="sine">WindowOpen</animation>
			<animation condition="!Window.Next(systeminfo)" easing="inout" effect="slide" end="-49,0" start="0,0" time="125" tween="sine">WindowClose</animation>
			<control type="group">
				<width>333</width>
				<height>497</height>
				<animation center="134,240" condition="True" effect="zoom" end="84.5" start="84.5">Conditional</animation>
				<control type="image">
					<left>-24</left>
					<width>333</width>
					<height>497</height>
					<texture border="1,1,14,18">settings/settings_tile.png</texture>
				</control>
				<control type="label">
					<left>-10</left>
					<top>28</top>
					<width>276</width>
					<height>32</height>
					<font>Bold34</font>
					<textcolor>ffdadada</textcolor>
					<label>$VAR[SettingsLabel-1]</label>
				</control>
				<control type="image">
					<left>-13</left>
					<top>123</top>
					<width>300</width>
					<height>300</height>
					<aspectratio align="center" aligny="center">keep</aspectratio>
					<texture>$VAR[SettingsIcon-1]</texture>
				</control>
				<control type="image">
					<left>-24</left>
					<width>320</width>
					<height>480</height>
					<texture>views/OverlayNF.png</texture>
				</control>
			</control>
		</control>
		<control type="group">
			<animation easing="inout" effect="slide" end="589,0" start="0,0" time="125" tween="sine">WindowOpen</animation>
			<animation easing="inout" effect="slide" end="0,0" start="589,0" time="125" tween="sine">WindowClose</animation>
			<control type="group">
				<left>523</left>
				<top>289</top>
				<visible>!StringCompare(Window(settings).Property(SettingsCurrentItem),9)</visible>
				<control type="group">
					<width>333</width>
					<height>497</height>
					<animation center="134,240" condition="True" effect="zoom" end="84.5" start="84.5">Conditional</animation>
					<control type="image">
						<left>-24</left>
						<width>333</width>
						<height>497</height>
						<texture border="1,1,14,18">settings/settings_tile.png</texture>
					</control>
					<control type="label">
						<left>-10</left>
						<top>28</top>
						<width>276</width>
						<height>32</height>
						<font>Bold34</font>
						<textcolor>ffdadada</textcolor>
						<label>$VAR[SettingsLabel1]</label>
					</control>
					<control type="image">
						<left>-13</left>
						<top>123</top>
						<width>300</width>
						<height>300</height>
						<aspectratio align="center" aligny="center">keep</aspectratio>
						<texture>$VAR[SettingsIcon1]</texture>
					</control>
					<control type="image">
						<left>-24</left>
						<width>320</width>
						<height>480</height>
						<texture>views/OverlayNF.png</texture>
					</control>
				</control>
			</control>
			<control type="group">
				<left>823</left>
				<top>289</top>
				<visible>!Window.IsVisible(servicesettings) + !StringCompare(Window(settings).Property(SettingsCurrentItem),9)</visible>
				<control type="group">
					<width>333</width>
					<height>497</height>
					<animation center="134,240" condition="True" effect="zoom" end="84.5" start="84.5">Conditional</animation>
					<control type="image">
						<left>-24</left>
						<width>333</width>
						<height>497</height>
						<texture border="1,1,14,18">settings/settings_tile.png</texture>
					</control>
					<control type="label">
						<left>-10</left>
						<top>28</top>
						<width>276</width>
						<height>32</height>
						<font>Bold34</font>
						<textcolor>ffdadada</textcolor>
						<label>$VAR[SettingsLabel2]</label>
					</control>
					<control type="image">
						<left>-13</left>
						<top>123</top>
						<width>300</width>
						<height>300</height>
						<aspectratio align="center" aligny="center">keep</aspectratio>
						<texture>$VAR[SettingsIcon2]</texture>
					</control>
					<control type="image">
						<left>-24</left>
						<width>320</width>
						<height>480</height>
						<texture>views/OverlayNF.png</texture>
					</control>
				</control>
			</control>
			<control type="group">
				<left>1123</left>
				<top>289</top>
				<visible>!Window.IsVisible(systemsettings) + !Window.IsVisible(servicesettings) + !StringCompare(Window(settings).Property(SettingsCurrentItem),9)</visible>
				<control type="group">
					<width>333</width>
					<height>497</height>
					<animation center="134,240" condition="True" effect="zoom" end="84.5" start="84.5">Conditional</animation>
					<control type="image">
						<left>-24</left>
						<width>333</width>
						<height>497</height>
						<texture border="1,1,14,18">settings/settings_tile.png</texture>
					</control>
					<control type="label">
						<left>-10</left>
						<top>28</top>
						<width>276</width>
						<height>32</height>
						<font>Bold34</font>
						<textcolor>ffdadada</textcolor>
						<label>$VAR[SettingsLabel3]</label>
					</control>
					<control type="image">
						<left>-13</left>
						<top>123</top>
						<width>300</width>
						<height>300</height>
						<aspectratio align="center" aligny="center">keep</aspectratio>
						<texture>$VAR[SettingsIcon3]</texture>
					</control>
					<control type="image">
						<left>-24</left>
						<width>320</width>
						<height>480</height>
						<texture>views/OverlayNF.png</texture>
					</control>
				</control>
			</control>
			<control type="group">
				<left>1423</left>
				<top>289</top>
				<visible>!Window.IsVisible(picturessettings) + !Window.IsVisible(systemsettings) + !Window.IsVisible(servicesettings) + !StringCompare(Window(settings).Property(SettingsCurrentItem),9)</visible>
				<control type="group">
					<width>333</width>
					<height>497</height>
					<animation center="134,240" condition="True" effect="zoom" end="84.5" start="84.5">Conditional</animation>
					<control type="image">
						<left>-24</left>
						<width>333</width>
						<height>497</height>
						<texture border="1,1,14,18">settings/settings_tile.png</texture>
					</control>
					<control type="label">
						<left>-10</left>
						<top>28</top>
						<width>276</width>
						<height>32</height>
						<font>Bold34</font>
						<textcolor>ffdadada</textcolor>
						<label>$VAR[SettingsLabel4]</label>
					</control>
					<control type="image">
						<left>-13</left>
						<top>123</top>
						<width>300</width>
						<height>300</height>
						<aspectratio align="center" aligny="center">keep</aspectratio>
						<texture>$VAR[SettingsIcon4]</texture>
					</control>
					<control type="image">
						<left>-24</left>
						<width>320</width>
						<height>480</height>
						<texture>views/OverlayNF.png</texture>
					</control>
				</control>
			</control>
			<control type="group">
				<left>1723</left>
				<top>289</top>
				<visible>!Window.IsVisible(weathersettings) + !Window.IsVisible(picturessettings) + !Window.IsVisible(systemsettings) + !Window.IsVisible(servicesettings) + !StringCompare(Window(settings).Property(SettingsCurrentItem),9)</visible>
				<control type="group">
					<width>333</width>
					<height>497</height>
					<animation center="134,240" condition="True" effect="zoom" end="84.5" start="84.5">Conditional</animation>
					<control type="image">
						<left>-24</left>
						<width>333</width>
						<height>497</height>
						<texture border="1,1,14,18">settings/settings_tile.png</texture>
					</control>
					<control type="label">
						<left>-10</left>
						<top>28</top>
						<width>276</width>
						<height>32</height>
						<font>Bold34</font>
						<textcolor>ffdadada</textcolor>
						<label>$VAR[SettingsLabel5]</label>
					</control>
					<control type="image">
						<left>-13</left>
						<top>123</top>
						<width>300</width>
						<height>300</height>
						<aspectratio align="center" aligny="center">keep</aspectratio>
						<texture>$VAR[SettingsIcon5]</texture>
					</control>
					<control type="image">
						<left>-24</left>
						<width>320</width>
						<height>480</height>
						<texture>views/OverlayNF.png</texture>
					</control>
				</control>
			</control>
		</control>
		<control type="group">
			<left>223</left>
			<top>289</top>
			<control type="image">
				<left>-24</left>
				<width>333</width>
				<height>497</height>
				<texture border="1,1,14,18">settings/settings_tile.png</texture>
			</control>
			<control type="label">
				<left>-10</left>
				<top>28</top>
				<width>276</width>
				<height>32</height>
				<font>Bold34</font>
				<textcolor>ffdadada</textcolor>
				<label>$VAR[SettingsLabel0]</label>
			</control>
			<control type="image">
				<left>-13</left>
				<top>123</top>
				<width>300</width>
				<height>300</height>
				<aspectratio align="center" aligny="center">keep</aspectratio>
				<texture>$VAR[SettingsIcon0]</texture>
			</control>
		</control>
		<control type="group">
			<left>518</left>
			<top>289</top>
			<width>678</width>
			<height>520</height>
			<control type="image">
				<left>-359</left>
				<width>40</width>
				<height>480</height>
				<texture flipx="true">settings/shadow.png</texture>
				<animation reversible="false" type="WindowOpen">
					<effect easing="inout" end="100" start="0" time="125" tween="sine" type="fade" />
				</animation>
				<animation reversible="false" type="WindowClose">
					<effect easing="inout" end="0" start="100" time="125" tween="sine" type="fade" />
				</animation>
			</control>
			<control type="group">
				<animation reversible="false" type="WindowOpen">
					<effect center="0,240" easing="inout" end="100,100" start="0,100" time="125" tween="sine" type="zoom" />
				</animation>
				<animation reversible="false" type="WindowClose">
					<effect center="0,240" easing="inout" end="0,100" start="100,100" time="125" tween="sine" type="zoom" />
				</animation>
				<control type="image">
					<width>678</width>
					<height>520</height>
					<texture>settings/back.png</texture>
				</control>
			</control>
			<control type="group">
				<animation reversible="false" type="WindowOpen">
					<effect delay="200" easing="inout" end="100" start="0" time="125" tween="sine" type="fade" />
				</animation>
				<animation reversible="false" type="WindowClose">
					<effect end="0" start="100" time="0" type="fade" />
				</animation>
				<control id="50" type="list">
					<width>638</width>
					<height>480</height>
					<onleft>Back</onleft>
					<onright>Back</onright>
					<onup>noop</onup>
					<ondown>noop</ondown>
					<scrolltime>0</scrolltime>
					<orientation>vertical</orientation>
					<viewtype label="535">list</viewtype>
					<visible>IsEmpty(Container.FolderPath)</visible>
					<itemlayout height="120" width="638">
						<control type="image">
							<width>638</width>
							<height>120</height>
							<texture border="3">settings/button_no_focus.png</texture>
						</control>
						<control type="label">
							<left>40</left>
							<width>576</width>
							<height>120</height>
							<aligny>center</aligny>
							<font>Light30Spaced</font>
							<textcolor>ff505153</textcolor>
							<label>$INFO[ListItem.Label]</label>
						</control>
					</itemlayout>
					<focusedlayout height="120" width="638">
						<control type="button">
							<texturefocus>-</texturefocus>
							<texturenofocus>-</texturenofocus>
							<onfocus>SetProperty(AddonBrowserValue,$INFO[ListItem.Label],home)</onfocus>
						</control>
						<control type="image">
							<width>638</width>
							<height>120</height>
							<texture border="3">settings/button_focus.png</texture>
						</control>
						<control type="label">
							<left>40</left>
							<width>576</width>
							<height>120</height>
							<aligny>center</aligny>
							<font>Light30Spaced</font>
							<textcolor>ffffaf37</textcolor>
							<label>$INFO[ListItem.Label]</label>
						</control>
					</focusedlayout>
				</control>
				<control type="image">
					<width>40</width>
					<height>480</height>
					<texture>settings/shadow.png</texture>
				</control>
			</control>
		</control>
		<control type="label">
			<left>198</left>
			<top>786</top>
			<width>1160</width>
			<height>64</height>
			<font>Light32</font>
			<aligny>bottom</aligny>
			<textcolor>ffdadada</textcolor>
			<wrapmultiline>true</wrapmultiline>
			<label>$VAR[AddonBrowserInfo]</label>
			<animation delay="100" effect="fade" end="100" start="0" time="200">WindowOpen</animation>
			<animation effect="fade" end="0" start="100" time="0">WindowClose</animation>
		</control>
		<control type="image">
			<include>FullscreenDimensions</include>
			<texture>dialogs/DialogBackground.png</texture>
			<visible>Control.HasFocus(51) | Control.HasFocus(3002) | ControlGroup(9000).HasFocus</visible>
			<animation delay="125" effect="fade" end="100" start="0" time="200">Visible</animation>
			<animation delay="100" effect="fade" end="0" start="100" time="200">Hidden</animation>
		</control>
		<control type="group">
			<left>198</left>
			<top>289</top>
			<width>958</width>
			<height>480</height>
			<visible>Control.HasFocus(51) | Control.HasFocus(3002) | ControlGroup(9000).HasFocus</visible>
			<animation reversible="false" type="Visible">
				<effect end="100" start="0" time="200" type="fade" />
				<effect easing="inout" end="0,0" start="500,0" time="200" tween="sine" type="slide" />
			</animation>
			<animation reversible="false" type="Hidden">
				<effect end="0" start="100" time="100" type="fade" />
				<effect easing="inout" end="500,0" start="0,0" time="200" tween="sine" type="slide" />
			</animation>
			<control type="group">
				<animation condition="!IsEmpty(Container.FolderPath) + !SubString(Container.FolderPath,/,right)" delay="200" easing="inout" effect="slide" end="480,0" reversible="true" start="0,0" time="400" tween="sine">Conditional</animation>
				<control type="image">
					<left>78</left>
					<width>879</width>
					<height>480</height>
					<texture>settings/addon_browser_info_back.png</texture>
				</control>
				<control type="group">
					<left>118</left>
					<control type="image">
						<top>22</top>
						<width>112</width>
						<height>112</height>
						<texture>DefaultAddon.png</texture>
					</control>
					<control type="image">
						<top>22</top>
						<width>112</width>
						<height>112</height>
						<texture>$INFO[Container(51).ListItem.Icon]</texture>
						<visible>!SubString(Container(51).ListItem.Icon,Default)</visible>
					</control>
					<control type="label">
						<left>124</left>
						<top>24</top>
						<width>288</width>
						<height>30</height>
						<font>Bold30</font>
						<textcolor>ffdadada</textcolor>
						<label>$INFO[Container(51).ListItem.Label]</label>
						<visible>!SubString(Container(51).ListItem.Icon,Default)</visible>
					</control>
					<control type="label">
						<left>124</left>
						<top>61</top>
						<width>288</width>
						<height>32</height>
						<font>Light32</font>
						<textcolor>ffd5d5d5</textcolor>
						<label>$INFO[ListItem.Property(Addon.Version)]</label>
					</control>
					<control type="label">
						<top>146</top>
						<width>408</width>
						<height>30</height>
						<font>Bold30</font>
						<textcolor>ffdadada</textcolor>
						<label>21863</label>
					</control>
					<control type="label">
						<top>183</top>
						<width>408</width>
						<height>30</height>
						<font>Light30Spaced</font>
						<textcolor>ffd5d5d5</textcolor>
						<label fallback="1446">$INFO[ListItem.Property(Addon.Creator)]</label>
					</control>
					<control type="label">
						<top>226</top>
						<width>408</width>
						<height>30</height>
						<font>Bold30</font>
						<textcolor>ffdadada</textcolor>
						<label>21821</label>
					</control>
					<control type="textbox">
						<top>263</top>
						<width>388</width>
						<height>196</height>
						<font>Light30Spaced</font>
						<textcolor>ffd5d5d5</textcolor>
						<pagecontrol>96</pagecontrol>
						<autoscroll>false</autoscroll>
						<label fallback="161">$INFO[ListItem.Property(Addon.Description)]</label>
					</control>
					<!-- Hidden scrollbar -->
					<control id="96" type="scrollbar">
						<left>-1200</left>
						<width>388</width>
						<height>196</height>
						<showonepage>false</showonepage>
						<orientation>vertical</orientation>
					</control>
					<!-- More button -->
					<control id="3002" type="button">
						<left>388</left>
						<top>426</top>
						<width>37</width>
						<height>23</height>
						<onleft>51</onleft>
						<onright>9000</onright>
						<onclick>RunScript(script.toolbox,info=textviewer,header=,text='"$INFO[ListItem.Property(Addon.Description)]"')</onclick>
						<include>DialogVideoInfoAnimation</include>
						<texturefocus>views/more_fo.png</texturefocus>
						<texturenofocus>views/more_nf.png</texturenofocus>
						<visible>Control.IsVisible(96)</visible>
					</control>
				</control>
				<control id="9000" type="grouplist">
					<left>579</left>
					<bottom>33</bottom>
					<width>360</width>
					<height>420</height>
					<onback>51</onback>
					<itemgap>10</itemgap>
					<align>right</align>
					<orientation>vertical</orientation>
					<control id="9" type="button">
						<width>360</width>
						<height>76</height>
						<onleft>51</onleft>
						<onright>noop</onright>
						<onup>noop</onup>
						<ondown>noop</ondown>
						<aligny>top</aligny>
						<font>Med24</font>
						<textoffsetx>23</textoffsetx>
						<textoffsety>27</textoffsety>
						<label>24034</label>
						<visible>Control.IsEnabled(9)</visible>
					</control>
					<control id="5" type="button">
						<width>360</width>
						<height>76</height>
						<onleft>51</onleft>
						<onright>noop</onright>
						<onup>noop</onup>
						<ondown>noop</ondown>
						<aligny>top</aligny>
						<font>Med24</font>
						<textoffsetx>23</textoffsetx>
						<textoffsety>27</textoffsety>
						<label>24063</label>
						<visible>Control.IsEnabled(5)</visible>
					</control>
					<control id="6" type="radiobutton">
						<width>360</width>
						<height>76</height>
						<onleft>51</onleft>
						<onright>noop</onright>
						<onup>noop</onup>
						<ondown>noop</ondown>
						<aligny>top</aligny>
						<font>Med24</font>
						<textoffsetx>23</textoffsetx>
						<textoffsety>27</textoffsety>
						<radiowidth>94</radiowidth>
						<radioheight>40</radioheight>
						<radioposx>235</radioposx>
						<label>25000</label>
						<texturefocus border="8">dialogs/DialogButtonFO.png</texturefocus>
						<texturenofocus border="8">dialogs/DialogButtonNF.png</texturenofocus>
						<textureradioonfocus>-</textureradioonfocus>
						<textureradioonnofocus>-</textureradioonnofocus>
						<textureradioofffocus>-</textureradioofffocus>
						<textureradiooffnofocus>-</textureradiooffnofocus>
						<visible>Control.IsEnabled(6)</visible>
					</control>
					<control id="7" type="radiobutton">
						<width>360</width>
						<height>76</height>
						<onleft>51</onleft>
						<onright>noop</onright>
						<onup>noop</onup>
						<ondown>noop</ondown>
						<aligny>top</aligny>
						<font>Med24</font>
						<textoffsetx>23</textoffsetx>
						<textoffsety>27</textoffsety>
						<radiowidth>94</radiowidth>
						<radioheight>40</radioheight>
						<radioposx>235</radioposx>
						<label>25001</label>
						<texturefocus border="8">dialogs/DialogButtonFO.png</texturefocus>
						<texturenofocus border="8">dialogs/DialogButtonNF.png</texturenofocus>
						<textureradioonfocus>-</textureradioonfocus>
						<textureradioonnofocus>-</textureradioonnofocus>
						<textureradioofffocus>-</textureradioofffocus>
						<textureradiooffnofocus>-</textureradiooffnofocus>
						<visible>Control.IsEnabled(7)</visible>
					</control>
					<control id="8" type="radiobutton">
						<width>360</width>
						<height>76</height>
						<onleft>51</onleft>
						<onright>noop</onright>
						<onup>noop</onup>
						<ondown>noop</ondown>
						<aligny>top</aligny>
						<font>Med24</font>
						<textoffsetx>23</textoffsetx>
						<textoffsety>27</textoffsety>
						<radiowidth>94</radiowidth>
						<radioheight>40</radioheight>
						<radioposx>235</radioposx>
						<label>24999</label>
						<texturefocus border="8">dialogs/DialogButtonFO.png</texturefocus>
						<texturenofocus border="8">dialogs/DialogButtonNF.png</texturenofocus>
						<textureradioonfocus>-</textureradioonfocus>
						<textureradioonnofocus>-</textureradioonnofocus>
						<textureradioofffocus>-</textureradioofffocus>
						<textureradiooffnofocus>-</textureradiooffnofocus>
						<visible>Control.IsEnabled(8)</visible>
					</control>
				</control>
				<control type="grouplist">
					<left>556</left>
					<bottom>6</bottom>
					<width>360</width>
					<height>400</height>
					<itemgap>10</itemgap>
					<align>right</align>
					<orientation>vertical</orientation>
					<control type="label">
						<bottom>6</bottom>
						<width>360</width>
						<height>76</height>
						<align>right</align>
						<aligny>top</aligny>
						<font>Med24</font>
						<label>16041</label>
						<textcolor>ff000000</textcolor>
						<visible>Control.IsVisible(6) + Control.HasFocus(6) + SubString(Control.GetLabel(6),*)</visible>
					</control>
					<control type="label">
						<bottom>6</bottom>
						<width>360</width>
						<height>76</height>
						<align>right</align>
						<aligny>top</aligny>
						<font>Med24</font>
						<label>16041</label>
						<textcolor>ff505153</textcolor>
						<visible>Control.IsVisible(6) + !Control.HasFocus(6) + SubString(Control.GetLabel(6),*)</visible>
					</control>
					<control type="label">
						<bottom>6</bottom>
						<width>360</width>
						<height>76</height>
						<align>right</align>
						<aligny>top</aligny>
						<font>Med24</font>
						<label>351</label>
						<textcolor>ff000000</textcolor>
						<visible>Control.IsVisible(6) + Control.HasFocus(6) + !SubString(Control.GetLabel(6),*)</visible>
					</control>
					<control type="label">
						<bottom>6</bottom>
						<width>360</width>
						<height>76</height>
						<align>right</align>
						<aligny>top</aligny>
						<font>Med24</font>
						<label>351</label>
						<textcolor>ff505153</textcolor>
						<visible>Control.IsVisible(6) + !Control.HasFocus(6) + !SubString(Control.GetLabel(6),*)</visible>
					</control>
					<control type="label">
						<bottom>6</bottom>
						<width>360</width>
						<height>76</height>
						<align>right</align>
						<aligny>top</aligny>
						<font>Med24</font>
						<label>16041</label>
						<textcolor>ff000000</textcolor>
						<visible>Control.IsVisible(7) + Control.HasFocus(7) + SubString(Control.GetLabel(7),*)</visible>
					</control>
					<control type="label">
						<bottom>6</bottom>
						<width>360</width>
						<height>76</height>
						<align>right</align>
						<aligny>top</aligny>
						<font>Med24</font>
						<label>16041</label>
						<textcolor>ff505153</textcolor>
						<visible>Control.IsVisible(7) + !Control.HasFocus(7) + SubString(Control.GetLabel(7),*)</visible>
					</control>
					<control type="label">
						<bottom>6</bottom>
						<width>360</width>
						<height>76</height>
						<align>right</align>
						<aligny>top</aligny>
						<font>Med24</font>
						<label>351</label>
						<textcolor>ff000000</textcolor>
						<visible>Control.IsVisible(7) + Control.HasFocus(7) + !SubString(Control.GetLabel(7),*)</visible>
					</control>
					<control type="label">
						<bottom>6</bottom>
						<width>360</width>
						<height>76</height>
						<align>right</align>
						<aligny>top</aligny>
						<font>Med24</font>
						<label>351</label>
						<textcolor>ff505153</textcolor>
						<visible>Control.IsVisible(7) + !Control.HasFocus(7) + !SubString(Control.GetLabel(7),*)</visible>
					</control>
					<control type="label">
						<bottom>6</bottom>
						<width>360</width>
						<height>76</height>
						<align>right</align>
						<aligny>top</aligny>
						<font>Med24</font>
						<label>16041</label>
						<textcolor>ff000000</textcolor>
						<visible>Control.IsVisible(8) + Control.HasFocus(8) + SubString(Control.GetLabel(8),*)</visible>
					</control>
					<control type="label">
						<bottom>6</bottom>
						<width>360</width>
						<height>76</height>
						<align>right</align>
						<aligny>top</aligny>
						<font>Med24</font>
						<label>16041</label>
						<textcolor>ff505153</textcolor>
						<visible>Control.IsVisible(8) + !Control.HasFocus(8) + SubString(Control.GetLabel(8),*)</visible>
					</control>
					<control type="label">
						<bottom>6</bottom>
						<width>360</width>
						<height>76</height>
						<align>right</align>
						<aligny>top</aligny>
						<font>Med24</font>
						<label>351</label>
						<textcolor>ff000000</textcolor>
						<visible>Control.IsVisible(8) + Control.HasFocus(8) + !SubString(Control.GetLabel(8),*)</visible>
					</control>
					<control type="label">
						<bottom>6</bottom>
						<width>360</width>
						<height>76</height>
						<align>right</align>
						<aligny>top</aligny>
						<font>Med24</font>
						<label>351</label>
						<textcolor>ff505153</textcolor>
						<visible>Control.IsVisible(8) + !Control.HasFocus(8) + !SubString(Control.GetLabel(8),*)</visible>
					</control>
				</control>
			</control>
			<control type="image">
				<width>558</width>
				<height>480</height>
				<texture>settings/addon_browser_back.png</texture>
			</control>
			<control type="image">
				<left>558</left>
				<width>40</width>
				<height>480</height>
				<texture>settings/shadow.png</texture>
				<visible>!SubString(Container.FolderPath,/,right)</visible>
				<animation easing="inout" effect="fade" end="100" start="0" time="0" tween="sine">VisibleChange</animation>
			</control>
			<control type="label">
				<left>40</left>
				<top>14</top>
				<height>30</height>
				<width>478</width>
				<aligny>center</aligny>
				<font>Bold30</font>
				<label>10040</label>
				<textcolor>ffdadada</textcolor>
			</control>
			<control type="label">
				<left>40</left>
				<top>13</top>
				<width>478</width>
				<height>30</height>
				<font>Light30Spaced</font>
				<align>right</align>
				<textcolor>ff636364</textcolor>
				<label>[COLOR ffb2b2b2]$INFO[Container.CurrentItem][/COLOR] | $INFO[Container.NumItems]</label>
			</control>
			<control id="51" type="fixedlist">
				<top>60</top>
				<width>558</width>
				<height>420</height>
				<onleft>Back</onleft>
				<onright condition="Control.IsVisible(96)">3002</onright>
				<onright condition="!Control.IsVisible(96)">9000</onright>
				<onup>noop</onup>
				<ondown>noop</ondown>
				<onback>SetFocus(50)</onback>
				<movement>1</movement>
				<scrolltime>0</scrolltime>
				<focusposition>1</focusposition>
				<orientation>vertical</orientation>
				<viewtype label="535">list</viewtype>
				<visible>!IsEmpty(Container.FolderPath)</visible>
				<animation condition="StringCompare(Container(51).NumItems,0) | StringCompare(Container(51).NumItems,1) | [StringCompare(Container(51).NumItems,2) + !Container(51).HasParent]" effect="slide" end="0,-140">Conditional</animation>
				<itemlayout height="140" width="558">
					<control type="image">
						<width>558</width>
						<height>140</height>
						<texture border="3">settings/button_no_focus.png</texture>
					</control>
					<control type="image">
						<left>27</left>
						<top>17</top>
						<width>146</width>
						<height>106</height>
						<texture>$INFO[Listitem.Icon]</texture>
						<aspectratio aligny="center">keep</aspectratio>
					</control>
					<control type="label">
						<left>192</left>
						<width>344</width>
						<height>140</height>
						<aligny>center</aligny>
						<font>Light30Spaced</font>
						<textcolor>ff505153</textcolor>
						<label>$INFO[ListItem.Label]</label>
					</control>
				</itemlayout>
				<focusedlayout height="140" width="558">
					<control type="image">
						<width>558</width>
						<height>140</height>
						<texture border="3">settings/button_focus.png</texture>
					</control>
					<control type="image">
						<left>27</left>
						<top>17</top>
						<width>146</width>
						<height>106</height>
						<texture>$INFO[Listitem.Icon]</texture>
						<aspectratio aligny="center">keep</aspectratio>
					</control>
					<control type="label">
						<left>192</left>
						<width>344</width>
						<height>140</height>
						<aligny>center</aligny>
						<font>Light30Spaced</font>
						<textcolor>ffffaf37</textcolor>
						<label>$INFO[ListItem.Label]</label>
						<visible>Control.HasFocus(51)</visible>
					</control>
					<control type="label">
						<left>192</left>
						<width>344</width>
						<height>140</height>
						<aligny>center</aligny>
						<font>Light30Spaced</font>
						<textcolor>ffffffff</textcolor>
						<label>$INFO[ListItem.Label]</label>
						<visible>!Control.HasFocus(51)</visible>
					</control>
				</focusedlayout>
			</control>
		</control>
	</controls>
</window>