<?xml version="1.0" encoding="UTF-8"?>
<window>
	<defaultcontrol>-</defaultcontrol>
	<onload condition="System.HasAddon(script.tvtunes)">RunScript(script.tvtunes,backend=True)</onload>
	<animation effect="fade" end="100" start="100" time="200">WindowClose</animation>
	<controls>
		<control type="list" id="100">
			<visible>false</visible>
			<include>HiddenControl</include>
		</control>
		<control type="list" id="110">
			<include>HiddenControl</include>
		</control>
		<control type="list" id="120">
			<include>HiddenControl</include>
		</control>
		<control type="list" id="130">
			<include>HiddenControl</include>
		</control>
		<control type="list" id="140">
			<include>HiddenControl</include>
		</control>
		<control type="list" id="150">
			<include>HiddenControl</include>
		</control>
		<control type="list" id="160">
			<include>HiddenControl</include>
		</control>
		<control type="list" id="170">
			<include>HiddenControl</include>
		</control>
		<control type="list" id="180">
			<include>HiddenControl</include>
		</control>
		<control type="list" id="200">
			<include>HiddenControl</include>
		</control>
		<!-- Hidden Plot -->
		<control type="textbox">
			<left>-1200</left>
			<width>1192</width>
			<height>124</height>
			<align>left</align>
			<font>Light30Spaced</font>
			<pagecontrol>96</pagecontrol>
			<autoscroll>false</autoscroll>
			<textcolor>ffbbbbbb</textcolor>
			<label>$VAR[SearchPlot]</label>
		</control>
		<!-- Hidden scrollbar -->
		<control id="96" type="scrollbar">
			<left>-1200</left>
			<width>1192</width>
			<height>124</height>
			<showonepage>false</showonepage>
			<orientation>vertical</orientation>
		</control>
		<!-- Background -->
		<include>BackgroundImage</include>
		<!-- Fanart -->
		<control type="group">
			<control type="image">
				<include>FullscreenDimensions</include>
				<colordiffuse>26ffffff</colordiffuse>
				<texture background="true">$INFO[Container(100).ListItem.Property(Fanart)]</texture>
			</control>
		</control>
		<control type="group">
			<left>90</left>
			<top>99</top>
			<animation effect="fade" end="100" start="0" time="200">WindowOpen</animation>
			<control type="group">
				<visible>Control.IsVisible(110) | Control.IsVisible(120) | Control.IsVisible(130) | Control.IsVisible(140)</visible>
				<!-- Icon -->
				<control type="image">
					<width>320</width>
					<height>480</height>
					<texture>$INFO[Container(100).ListItem.Icon]</texture>
					<aspectratio aligny="center">scale</aspectratio>
				</control>
				<control type="image">
					<width>90</width>
					<height>90</height>
					<texture>views/OverlayHD.png</texture>
					<visible>IntegerGreaterThan(Container(100).ListItem.Property(VideoResolution),719)</visible>
				</control>
				<control type="image">
					<width>90</width>
					<height>90</height>
					<texture>views/OverlayWatched.png</texture>
					<visible>IntegerGreaterThan(Container(100).ListItem.Property(Playcount),0)</visible>
				</control>
				<control type="image">
					<top>480</top>
					<width>320</width>
					<height>8</height>
					<texture border="2">views/ProgressBar.png</texture>
					<visible>IntegerGreaterThan(Container(100).ListItem.Property(Playcount),0)</visible>
				</control>
				<control type="button">
					<top>518</top>
					<width>480</width>
					<height>35</height>
					<font>Light35</font>
					<textcolor>ffdadada</textcolor>
					<focusedcolor>ffffc24b</focusedcolor>
					<label>$LOCALIZE[31026]</label>
					<include>NoTextures</include>
				</control>
			</control>
			<control type="group">
				<visible>Control.IsVisible(150) | Control.IsVisible(160) | Control.IsVisible(170) | Control.IsVisible(180)</visible>
				<!-- Icon -->
				<control type="image">
					<width>336</width>
					<height>336</height>
					<texture>$INFO[Container(100).ListItem.Icon]</texture>
					<aspectratio>scale</aspectratio>
				</control>
				<control type="button">
					<top>374</top>
					<width>480</width>
					<height>35</height>
					<font>Light35</font>
					<textcolor>ffdadada</textcolor>
					<focusedcolor>ffffc24b</focusedcolor>
					<label>$LOCALIZE[31026]</label>
					<include>NoTextures</include>
				</control>
			</control>
		</control>
		<control type="group">
			<left>510</left>
			<top>99</top>
			<animation effect="fade" end="100" start="0" time="200" delay="400">WindowOpen</animation>
			<visible>Control.IsVisible(110) | Control.IsVisible(120) | Control.IsVisible(130) | Control.IsVisible(140) | Control.IsVisible(150)</visible>
			<!-- Heading -->
			<control type="label">
				<top>-7</top>
				<width>1170</width>
				<height>48</height>
				<font>Med48</font>
				<scroll>true</scroll>
				<textcolor>ffdadada</textcolor>
				<scrollspeed>100</scrollspeed>
				<label>$INFO[Container(100).ListItem.Label]</label>
			</control>
			<!-- Year / Runtime / Rating -->
			<control type="grouplist">
				<top>60</top>
				<height>32</height>
				<itemgap>22</itemgap>
				<orientation>horizontal</orientation>
				<usecontrolcoords>true</usecontrolcoords>
				<control type="label">
					<top>-6</top>
					<width>auto</width>
					<height>32</height>
					<font>Light32</font>
					<aligny>bottom</aligny>
					<textcolor>ffbebebe</textcolor>
					<label>$INFO[Container(100).ListItem.Property(Year)]</label>
					<visible>!IsEmpty(Container(100).ListItem.Property(Year))</visible>
				</control>
				<control type="label">
					<top>-6</top>
					<width>auto</width>
					<height>32</height>
					<font>Light32</font>
					<aligny>bottom</aligny>
					<textcolor>ffbebebe</textcolor>
					<label>$VAR[SearchDuration] </label>
					<visible>!IsEmpty(Container(100).ListItem.Property(Duration))</visible>
				</control>
			</control>
			<!-- Star rating / Votes / Rating -->
			<control type="grouplist">
				<top>100</top>
				<height>36</height>
				<itemgap>10</itemgap>
				<orientation>horizontal</orientation>
				<usecontrolcoords>true</usecontrolcoords>
				<control type="image">
					<top>2</top>
					<width>137</width>
					<height>24</height>
					<texture>$VAR[SearchStarRating]</texture>
					<visible>!IsEmpty(Container(100).ListItem.Property(StarRating))</visible>
				</control>
				<control type="image">
					<top>4</top>
					<width>48</width>
					<height>23</height>
					<texture>views/imdb.png</texture>
					<visible>!IsEmpty(Container(100).ListItem.Property(Rating)) + [Control.IsVisible(110)]</visible>
				</control>
				<control type="image">
					<top>3</top>
					<width>47</width>
					<height>23</height>
					<texture>views/tvdb.png</texture>
					<visible>!IsEmpty(Container(100).ListItem.Property(Rating)) + [Control.IsVisible(120) | Control.IsVisible(140)]</visible>
				</control>
				<control type="label">
					<top>-13</top>
					<width>auto</width>
					<height>34</height>
					<font>Bold30</font>
					<aligny>bottom</aligny>
					<textcolor>ffbcbcbc</textcolor>
					<label>$INFO[Container(100).ListItem.Property(Rating),,/10]</label>
					<visible>!IsEmpty(Container(100).ListItem.Property(Rating))</visible>
				</control>
			</control>
			<control type="grouplist">
				<top>156</top>
				<width>2800</width>
				<height>1400</height>
				<itemgap>0</itemgap>
				<onleft>9001</onleft>
				<onright>9001</onright>
				<orientation>vertical</orientation>
				<usecontrolcoords>true</usecontrolcoords>
				<!-- Plot -->
				<control type="textbox">
					<width>1192</width>
					<height max="122">auto</height>
					<align>left</align>
					<font>Light30Spaced</font>
					<autoscroll>false</autoscroll>
					<textcolor>ffbbbbbb</textcolor>
					<label>$VAR[SearchPlot]</label>
					<visible>!IsEmpty(Container(100).ListItem.Property(Plot)) | !IsEmpty(Container(100).ListItem.Property(Plotoutline))</visible>
				</control>
				<control id="3003" type="button">
					<onfocus>Close</onfocus>
					<visible allowhiddenfocus="true">false</visible>
				</control>
				<!-- More button -->
				<control id="3002" type="button">
					<left>1194</left>
					<top>-34</top>
					<width>37</width>
					<height>23</height>
					<onclick>RunScript(script.toolbox,info=textviewer,header=,text='"$VAR[SearchPlot]"')</onclick>
					<texturefocus>views/more_fo.png</texturefocus>
					<texturenofocus>views/more_nf.png</texturenofocus>
					<visible>Control.IsVisible(96)</visible>
				</control>
				<control id="3004" type="button">
					<onfocus>SetFocus(9001)</onfocus>
					<visible allowhiddenfocus="true">false</visible>
				</control>
				<!-- More button -->
				<control type="image">
					<left>1194</left>
					<top>192</top>
					<width>37</width>
					<height>23</height>
					<texture>views/more_nf.png</texture>
					<visible>Window.IsVisible(textviewer)</visible>
				</control>
			</control>
			<!-- Director -->
			<control type="grouplist">
				<top>297</top>
				<height>36</height>
				<itemgap>20</itemgap>
				<orientation>horizontal</orientation>
				<usecontrolcoords>true</usecontrolcoords>
				<visible>!IsEmpty(Container(100).ListItem.Property(Director))</visible>
				<control type="label">
					<width>auto</width>
					<height>24</height>
					<font>Med30</font>
					<aligny>bottom</aligny>
					<textcolor>ff717171</textcolor>
					<label>$LOCALIZE[31072]:</label>
				</control>
				<control type="label">
					<top>-1</top>
					<width>auto</width>
					<height>24</height>
					<font>Light30Spaced</font>
					<aligny>bottom</aligny>
					<textcolor>ffbcbcbc</textcolor>
					<label>$INFO[Container(100).ListItem.Property(Director)]</label>
				</control>
			</control>
			<!-- Writer -->
			<control type="grouplist">
				<top>339</top>
				<width>1192</width>
				<height>36</height>
				<itemgap>20</itemgap>
				<orientation>horizontal</orientation>
				<usecontrolcoords>true</usecontrolcoords>
				<visible>!IsEmpty(Container(100).ListItem.Property(Writer))</visible>
				<control type="label">
					<width>auto</width>
					<height>24</height>
					<font>Med30</font>
					<aligny>bottom</aligny>
					<textcolor>ff717171</textcolor>
					<label>$LOCALIZE[31110]:</label>
				</control>
				<control type="label">
					<top>-1</top>
					<width max="1024">auto</width>
					<height>24</height>
					<font>Light30Spaced</font>
					<aligny>bottom</aligny>
					<textcolor>ffbcbcbc</textcolor>
					<label>$INFO[Container(100).ListItem.Property(Writer)]</label>
				</control>
			</control>
		</control>
		<control type="group">
			<left>460</left>
			<top>99</top>
			<animation effect="fade" end="100" start="0" time="200" delay="400">WindowOpen</animation>
			<visible>Control.IsVisible(160) | Control.IsVisible(170) | Control.IsVisible(180)</visible>
			<!-- Heading -->
			<control type="label">
				<top>-10</top>
				<width>1170</width>
				<height>48</height>
				<font>Med48</font>
				<scroll>true</scroll>
				<textcolor>ffdadada</textcolor>
				<scrollspeed>100</scrollspeed>
				<label>$INFO[Container(100).ListItem.Label]</label>
			</control>
			<control type="grouplist">
				<top>57</top>
				<itemgap>4</itemgap>
				<orientation>vertical</orientation>
				<usecontrolcoords>true</usecontrolcoords>
				<!-- Formed -->
				<control type="group">
					<height>36</height>
					<visible>!IsEmpty(Container(100).ListItem.Property(Artist_Formed))</visible>
					<control type="textbox">
						<width>1192</width>
						<height>36</height>
						<align>left</align>
						<font>Reg30Spaced</font>
						<autoscroll>false</autoscroll>
						<textcolor>ffbbbbbb</textcolor>
						<label>[B]$LOCALIZE[21894]:[/B] [LIGHT]$INFO[Container(100).ListItem.Property(Artist_Formed)][/LIGHT]</label>
					</control>
				</control>
				<!-- Year -->
				<control type="group">
					<height>36</height>
					<visible>!IsEmpty(Container(100).ListItem.Property(Year))</visible>
					<control type="textbox">
						<width>1192</width>
						<height>36</height>
						<align>left</align>
						<font>Reg30Spaced</font>
						<autoscroll>false</autoscroll>
						<textcolor>ffbbbbbb</textcolor>
						<label>[B]$LOCALIZE[345]:[/B] [LIGHT]$INFO[Container(100).ListItem.Property(Year)][/LIGHT]</label>
					</control>
				</control>
				<!-- Genre -->
				<control type="group">
					<height>36</height>
					<visible>!IsEmpty(Container(100).ListItem.Property(Genre)) + !IsEmpty(Container(100).ListItem.Property(Artist_Genre))</visible>
					<control type="textbox">
						<width>1192</width>
						<height>36</height>
						<align>left</align>
						<font>Reg30Spaced</font>
						<autoscroll>false</autoscroll>
						<textcolor>ffbbbbbb</textcolor>
						<label>[B]$LOCALIZE[515]:[/B] [LIGHT]$INFO[Container(100).ListItem.Property(Genre)]$INFO[Container(100).ListItem.Property(Artist_Genre)][/LIGHT]</label>
					</control>
				</control>
				<!-- Active -->
				<control type="group">
					<height>36</height>
					<visible>!IsEmpty(Container(100).ListItem.Property(Artist_YearsActive))</visible>
					<control type="textbox">
						<width>1192</width>
						<height>36</height>
						<align>left</align>
						<font>Reg30Spaced</font>
						<autoscroll>false</autoscroll>
						<textcolor>ffbbbbbb</textcolor>
						<label>[B]$LOCALIZE[19074]:[/B] [LIGHT]$INFO[Container(100).ListItem.Property(Artist_YearsActive)][/LIGHT]</label>
					</control>
				</control>
				<!-- Artist -->
				<control type="group">
					<height>36</height>
					<visible>!IsEmpty(Container(100).ListItem.Property(Artist))</visible>
					<control type="textbox">
						<width>1192</width>
						<height>36</height>
						<align>left</align>
						<font>Reg30Spaced</font>
						<autoscroll>false</autoscroll>
						<textcolor>ffbbbbbb</textcolor>
						<label>[B]$LOCALIZE[557]:[/B] [LIGHT]$INFO[Container(100).ListItem.Property(Artist)][/LIGHT]</label>
					</control>
				</control>
				<control type="label">
					<height>6</height>
					<font>-</font>
				</control>
				<!-- Star rating -->
				<control type="group">
					<height>36</height>
					<orientation>horizontal</orientation>
					<usecontrolcoords>true</usecontrolcoords>
					<visible>!IsEmpty(Container(100).ListItem.Property(StarRating))</visible>
					<control type="image">
						<width>137</width>
						<height>24</height>
						<texture>$INFO[Container(100).ListItem.Property(StarRating)]</texture>
					</control>
				</control>
			</control>
			<control type="grouplist">
				<top>196</top>
				<width>2800</width>
				<height>1400</height>
				<itemgap>0</itemgap>
				<onleft>9001</onleft>
				<onright>9001</onright>
				<orientation>vertical</orientation>
				<usecontrolcoords>true</usecontrolcoords>
				<!-- Plot -->
				<control type="textbox">
					<width>1192</width>
					<height max="122">auto</height>
					<align>left</align>
					<font>Light30Spaced</font>
					<autoscroll>false</autoscroll>
					<textcolor>ffbbbbbb</textcolor>
					<label>$VAR[SearchPlot]</label>
					<visible>!IsEmpty(Container(100).ListItem.Property(Artist_Description)) | !IsEmpty(Container(100).ListItem.Property(Album_Description))</visible>
				</control>
				<control id="3003" type="button">
					<onfocus>SetFocus(9001)</onfocus>
					<visible allowhiddenfocus="true">false</visible>
				</control>
				<!-- More button -->
				<control id="3002" type="button">
					<left>1194</left>
					<top>-34</top>
					<width>37</width>
					<height>23</height>
					<onclick>RunScript(script.toolbox,info=textviewer,header=,text='"$VAR[SearchPlot]"')</onclick>
					<texturefocus>views/more_fo.png</texturefocus>
					<texturenofocus>views/more_nf.png</texturenofocus>
					<visible>Control.IsVisible(96)</visible>
				</control>
				<control id="3004" type="button">
					<onfocus>9001</onfocus>
					<visible allowhiddenfocus="true">false</visible>
				</control>
				<!-- More button -->
				<control type="image">
					<left>1194</left>
					<top>192</top>
					<width>37</width>
					<height>23</height>
					<texture>views/more_nf.png</texture>
					<visible>Window.IsVisible(textviewer)</visible>
				</control>
			</control>
		</control>
		<control type="group">
			<left>510</left>
			<top>99</top>
			<animation effect="fade" end="100" start="0" time="200" delay="400">WindowOpen</animation>
			<animation effect="slide" end="-50,0" start="0,0" time="0" condition="Control.IsVisible(160) | Control.IsVisible(170) | Control.IsVisible(180)">Conditional</animation>
			<!-- Button grouplist -->
			<control id="9001" type="grouplist">
				<left>-2</left>
				<top>409</top>
				<width>1620</width>
				<height>116</height>
				<itemgap>10</itemgap>
				<onleft>Back</onleft>
				<onright>noop</onright>
				<orientation>horizontal</orientation>
				<include>DialogVideoInfoAnimation</include>
				<defaultcontrol always="true">191</defaultcontrol>
				<control id="191" type="button">
					<width min="104" max="204">auto</width>
					<wrapmultiline>true</wrapmultiline>
					<height>116</height>
					<onup condition="!Control.IsVisible(96)">Close</onup>
					<onup condition="Control.IsVisible(96)">3002</onup>
					<font>Med24</font>
					<label>$LOCALIZE[186]</label>
					<textoffsetx>28</textoffsetx>
					<textcolor>ffdadada</textcolor>
					<focusedcolor>ff222222</focusedcolor>
					<texturefocus border="13,5,6,8">views/button_fo.png</texturefocus>
					<texturenofocus border="13,3,6,6">views/button_nf.png</texturenofocus>
				</control>
				<control id="192" type="button">
					<width min="104" max="204">auto</width>
					<wrapmultiline>true</wrapmultiline>
					<height>116</height>
					<onup condition="!Control.IsVisible(96)">Close</onup>
					<onup condition="Control.IsVisible(96)">3002</onup>
					<font>Med24</font>
					<textoffsetx>28</textoffsetx>
					<textcolor>ffdadada</textcolor>
					<focusedcolor>ff222222</focusedcolor>
					<texturefocus border="13,5,6,8">views/button_fo.png</texturefocus>
					<texturenofocus border="13,3,6,6">views/button_nf.png</texturenofocus>
				</control>
				<control id="193" type="button">
					<width min="104" max="204">auto</width>
					<wrapmultiline>true</wrapmultiline>
					<height>116</height>
					<onup condition="!Control.IsVisible(96)">Close</onup>
					<onup condition="Control.IsVisible(96)">3002</onup>
					<font>Med24</font>
					<textoffsetx>28</textoffsetx>
					<textcolor>ffdadada</textcolor>
					<focusedcolor>ff222222</focusedcolor>
					<texturefocus border="13,5,6,8">views/button_fo.png</texturefocus>
					<texturenofocus border="13,3,6,6">views/button_nf.png</texturenofocus>
				</control>
			</control>
		</control>
		<control type="group">
			<left>510</left>
			<top>144</top>
			<animation effect="slide" end="-50,0" start="0,0" time="0" condition="Control.IsVisible(160) | Control.IsVisible(170) | Control.IsVisible(180)">Conditional</animation>
			<animation effect="fade" end="100" start="0" time="200" delay="800">WindowOpen</animation>
			<!-- Fanart -->
			<control type="image">
				<left>-48</left>
				<top>456</top>
				<width>761</width>
				<height>470</height>
				<texture border="66,66,51,51">views/shadow_nf.png</texture>
				<visible>!IsEmpty(Container(100).ListItem.Property(Fanart))</visible>
			</control>
			<control type="image">
				<top>504</top>
				<width>665</width>
				<height>374</height>
				<texture>$INFO[Container(100).ListItem.Property(Fanart)]</texture>
			</control>
		</control>
	</controls>
</window>