<?xml version="1.0" encoding="UTF-8"?>
<template>
	<other include="widget-default">
		<condition tag="property" attribute="name|widgetPath" />
		<property name="path" tag="property" attribute="name|widgetPath" />
		<property name="target" tag="property" attribute="name|widgetTarget" />
		<property name="target"></property>

		<property name="art" tag="property" attribute="name|widgetType" value="episodes">$INFO[ListItem.Art(tvshow.poster)]</property>
		<property name="art">$INFO[ListItem.Icon]</property>

		<controls>
			<control type="list" id="9011">
				<left>0</left>
				<top>60</top>
				<width>636</width>
				<height>296</height>
				<onback>9000</onback>
				<scrolltime>200</scrolltime>
				<pagecontrol>61</pagecontrol>
				<orientation>vertical</orientation>
				<onleft>9000</onleft>
				<onright>9014</onright>
				<viewtype label="">list</viewtype>
				<skinshortcuts>visibility</skinshortcuts>

				<itemlayout width="636" height="296">
				</itemlayout>

				<focusedlayout width="636" height="296">
					<control type="button">
						<texturefocus></texturefocus>
						<texturenofocus></texturenofocus>
						<onfocus>SetProperty(WidgetGenre,$INFO[ListItem.Label])</onfocus>
					</control>
				</focusedlayout>
				<content target="$SKINSHORTCUTS[target]">$SKINSHORTCUTS[path]</content>
			</control>
		</controls>
	</other>

</template>
