<?xml version="1.0" encoding="UTF-8"?>
<includes>

	<!-- Info dialogs -->
	<include name="DiaExtended2">
	
		<control type="group">
		<animation effect="fade" start="0" end="100" time="100" delay="100">WindowOpen</animation>
		<animation effect="fade" start="100" end="0" time="100" delay="100">WindowClose</animation>
	
			<!-- Bloc 1 -->
			<control type="group">
				<left>$PARAM[DIAB1PosX]</left>
				<top>$PARAM[DIAB1PosY]</top>
				<width>636</width>
				<height>356</height>

				<!-- Heading -->
				<control type="label">
					<top>24</top>
					<left>24</left>
					<width>588</width>
					<height>48</height>
					<align>center</align>
					<aligny>top</aligny>
					<font>Font48</font>
					<label>$INFO[Window.Property(title)]</label>
					<textcolor>$INFO[Skin.String(Color.DIATitle)]</textcolor>
				</control>
				<control type="label">
					<top>24</top>
					<left>24</left>
					<width>588</width>
					<height>48</height>
					<align>center</align>
					<aligny>top</aligny>
					<font>Font48</font>
					<label>$INFO[Player.Title]</label>
					<textcolor>$INFO[Skin.String(Color.DIATitle)]</textcolor>
					<visible>Window.IsVisible(10142)</visible>
				</control>
				
				<!-- Main list -->
				<control type="wraplist" id="300">
					<left>24</left>
					<top>80</top>
					<onup>noop</onup>
					<ondown>noop</ondown>
					<onright condition="StringCompare(Container(300).ListItem.Property(MenuID),Details)">99</onright>
					<onright condition="StringCompare(Container(300).ListItem.Property(MenuID),Similar)">150</onright>
					<onright condition="StringCompare(Container(300).ListItem.Property(MenuID),Sets)">250</onright>
					<onright condition="StringCompare(Container(300).ListItem.Property(MenuID),Youtube)">350</onright>
					<onright condition="StringCompare(Container(300).ListItem.Property(MenuID),Lists)">450</onright>
					<onright condition="StringCompare(Container(300).ListItem.Property(MenuID),Studios)">550</onright>
					<onright condition="StringCompare(Container(300).ListItem.Property(MenuID),Releases)">650</onright>
					<onright condition="StringCompare(Container(300).ListItem.Property(MenuID),Crew)">750</onright>
					<onright condition="StringCompare(Container(300).ListItem.Property(MenuID),Genres)">850</onright>
					<onright condition="StringCompare(Container(300).ListItem.Property(MenuID),Keywords)">950</onright>
					<onright condition="StringCompare(Container(300).ListItem.Property(MenuID),Actors)">1000</onright>
					<onright condition="StringCompare(Container(300).ListItem.Property(MenuID),Reviews)">1050</onright>
					<onright condition="StringCompare(Container(300).ListItem.Property(MenuID),Videos)">1150</onright>
					<onright condition="StringCompare(Container(300).ListItem.Property(MenuID),Images)">1250</onright>
					<onright condition="StringCompare(Container(300).ListItem.Property(MenuID),Backdrops)">1350</onright>
					<onright condition="StringCompare(Container(300).ListItem.Property(MenuID),Networks)">1450</onright>
					<onright condition="StringCompare(Container(300).ListItem.Property(MenuID),Episodes)">2000</onright>
					<height>36</height>
					<scrolltime>200</scrolltime>
					<orientation>vertical</orientation>

					<itemlayout width="588" height="36">
						<control type="label">
							<top>0</top>
							<left>0</left>
							<width>588</width>
							<height>36</height>
							<align>center</align>
							<font>Font36</font>
							<scroll>True</scroll>
							<textcolor>$INFO[Skin.String(Color.DIATxtNF)]</textcolor>
							<label>$INFO[ListItem.Label]</label>
						</control>
					</itemlayout>

					<focusedlayout width="588" height="36">
						<control type="label">
							<top>0</top>
							<left>0</left>
							<width>588</width>
							<height>36</height>
							<align>center</align>
							<font>Font36</font>
							<scroll>True</scroll>
							<textcolor>$VAR[CategoryColor3]</textcolor>
							<label>$INFO[ListItem.Label]</label>
							<visible>Control.HasFocus(300)</visible>
						</control>
						<control type="label">
							<top>0</top>
							<left>0</left>
							<width>588</width>
							<height>36</height>
							<align>center</align>
							<font>Font36</font>
							<scroll>True</scroll>
							<textcolor>$INFO[Skin.String(Color.DIATxtNF)]</textcolor>
							<label>$INFO[ListItem.Label]</label>
							<visible>!Control.HasFocus(300)</visible>
						</control>						
					</focusedlayout>

					<content>
						<item id="2">
							<label>207</label> <!-- Plot -->
							<onclick>noop</onclick>
							<property name="MenuID">Plot</property>
						</item>
						<item id="2">
							<label>33029</label> <!-- Details infos -->
							<onclick>noop</onclick>
							<property name="MenuID">Details</property>
						</item>
						<item id="3">
							<label>$ADDON[script.extendedinfo 32069]</label> <!-- Similar -->
							<onclick>noop</onclick>
							<visible>IntegerGreaterThan(Container(150).NumItems,0)</visible>
							<property name="MenuID">Similar</property>
						</item>
						<item id="4">
							<label>20434</label> <!-- Sets / Seasons -->
							<onclick>noop</onclick>
							<visible>IntegerGreaterThan(Container(250).NumItems,0)</visible>
							<property name="MenuID">Sets</property>
						</item>
						<item id="5">
							<label>$ADDON[script.extendedinfo 32118]</label> <!-- Youtube -->
							<onclick>noop</onclick>
							<visible>IntegerGreaterThan(Container(350).NumItems,0)</visible>
							<property name="MenuID">Youtube</property>
						</item>		
						<item id="6">
							<label>Lists</label> <!-- Lists -->
							<onclick>noop</onclick>
							<visible>IntegerGreaterThan(Container(450).NumItems,0)</visible>
							<property name="MenuID">Lists</property>
						</item>			
						<item id="7">
							<label>20388</label> <!-- Studios -->
							<onclick>noop</onclick>
							<visible>IntegerGreaterThan(Container(550).NumItems,0)</visible>
							<property name="MenuID">Studios</property>
						</item>			
						<item id="8">
							<label>172</label> <!-- Releases -->
							<onclick>noop</onclick>
							<visible>IntegerGreaterThan(Container(650).NumItems,0)</visible>
							<property name="MenuID">Releases</property>
						</item>			
						<item id="9">
							<label>$ADDON[script.extendedinfo 32115]</label> <!-- Crew -->
							<onclick>noop</onclick>
							<visible>IntegerGreaterThan(Container(750).NumItems,0)</visible>
							<property name="MenuID">Crew</property>
						</item>				
						<item id="10">
							<label>135</label> <!-- Genres -->
							<onclick>noop</onclick>
							<visible>IntegerGreaterThan(Container(850).NumItems,0)</visible>
							<property name="MenuID">Genres</property>
						</item>		
						<item id="11">
							<label>21861</label> <!-- Keywords -->
							<onclick>noop</onclick>
							<visible>IntegerGreaterThan(Container(950).NumItems,0)</visible>
							<property name="MenuID">Keywords</property>
						</item>		
						<item id="12">
							<label>206</label> <!-- Actors -->
							<onclick>noop</onclick>
							<visible>IntegerGreaterThan(Container(1000).NumItems,0)</visible>
							<property name="MenuID">Actors</property>
						</item>		
						<item id="13">
							<label>$ADDON[script.extendedinfo 32167]</label> <!-- Reviews -->
							<onclick>noop</onclick>
							<visible>IntegerGreaterThan(Container(1050).NumItems,0)</visible>
							<property name="MenuID">Reviews</property>
						</item>		
						<item id="14">
							<label>3</label> <!-- Videos -->
							<onclick>noop</onclick>
							<visible>IntegerGreaterThan(Container(1150).NumItems,0)</visible>
							<property name="MenuID">Videos</property>
						</item>		
						<item id="15">
							<label>1</label> <!-- Images -->
							<onclick>noop</onclick>
							<visible>IntegerGreaterThan(Container(1250).NumItems,0)</visible>
							<property name="MenuID">Images</property>
						</item>		
						<item id="16">
							<label>$ADDON[script.extendedinfo 32119]</label> <!-- Backdrops -->
							<onclick>noop</onclick>
							<visible>IntegerGreaterThan(Container(1350).NumItems,0)</visible>
							<property name="MenuID">Backdrops</property>
						</item>		
						<item id="17">
							<label>$ADDON[script.extendedinfo 32152]</label> <!-- Networks -->
							<onclick>noop</onclick>
							<visible>IntegerGreaterThan(Container(1450).NumItems,0)</visible>
							<property name="MenuID">Networks</property>
						</item>		
						<item id="18">
							<label>20360</label> <!-- Episodes -->
							<onclick>noop</onclick>
							<visible>IntegerGreaterThan(Container(2000).NumItems,0)</visible>
							<property name="MenuID">Episodes</property>
						</item>		
					</content>
				</control>

			</control>
			
			<!-- Bloc 2 -->
			<control type="group">
				<visible>!Window.IsVisible(10106)</visible>
				<left>$PARAM[DIAB2PosX]</left>
				<top>$PARAM[DIAB2PosY]</top>
				<width>$PARAM[DIAB2SizeX]</width>
				<height>$PARAM[DIAB2SizeY]</height>
				
				<!-- Plot -->
				<control type="grouplist">
					<left>24</left>
					<top>24</top>
					<itemgap>1</itemgap>
					<scrolltime tween="sine" easing="out">200</scrolltime>
					<orientation>vertical</orientation>
					<usecontrolcoords>false</usecontrolcoords>			
					<visible>StringCompare(Container(300).ListItem.Property(MenuID),Plot)</visible>
					<animation effect="fade" start="0" end="100" time="100" reversible="true">VisibleChange</animation>		
					<control type="textbox">
						<top>0</top>
						<left>0</left>
						<height>96</height>
						<textcolor>$INFO[Skin.String(Color.DIATitle)]</textcolor>
						<font>Font36</font>
						<align>center</align>
						<label fallback="1000">$INFO[Window.Property(tagline)]</label>
					</control>
					<control type="textbox">
						<top>0</top>
						<left>0</left>
						<height>$PARAM[DIAB2TextY]</height>			
						<textcolor>$INFO[Skin.String(Color.DIATxtNF)]</textcolor>
						<font>Font27</font>
						<align>center</align>
						<label fallback="19055">$INFO[Window.Property(plot)]</label>
					</control>
				</control>
				
				<!-- Details -->
				<control type="panel" id="99">
					<left>24</left>
					<top>24</top>
					<onup>noop</onup>
					<ondown>noop</ondown>
					<onright>noop</onright>
					<onleft>300</onleft>
					<scrolltime>200</scrolltime>
					<orientation>horizontal</orientation>
					<visible>StringCompare(Container(300).ListItem.Property(MenuID),Details)</visible>
					<animation effect="fade" start="0" end="100" time="100" reversible="true">VisibleChange</animation>				

					<itemlayout width="612" height="51">
						<control type="label">
							<top>0</top>
							<left>0</left>
							<width>588</width>
							<height>50</height>
							<align>center</align>
							<font>Font27</font>
							<scroll>True</scroll>
							<textcolor>$INFO[Skin.String(Color.DIATxtNF)]</textcolor>
							<label>[B]$INFO[ListItem.Label2][/B] $INFO[ListItem.Label]</label>
							<visible>!IsEmpty(ListItem.Label)</visible>
						</control>
					</itemlayout>

					<focusedlayout width="612" height="51">
						<control type="label">
							<top>0</top>
							<left>0</left>
							<width>588</width>
							<height>50</height>
							<align>center</align>
							<font>Font27</font>
							<scroll>True</scroll>
							<textcolor>$VAR[CategoryColor3]</textcolor>
							<label>[B]$INFO[ListItem.Label2][/B] $INFO[ListItem.Label]</label>
							<visible>!IsEmpty(ListItem.Label)</visible>
						</control>
					</focusedlayout>

					<content>	
						<item>
							<label>$INFO[Window.Property(Rating)]</label>
							<label2>563</label2>
							<onclick>noop</onclick>
							<visible>!IsEmpty(Window.Property(Rating))</visible>
						</item>	
						<item>
							<label>$INFO[Window.Property(Votes)]</label>
							<label2>20350</label2>
							<onclick>noop</onclick>
							<visible>!IsEmpty(Window.Property(Votes))</visible>
						</item>	
						<item>
							<label>$INFO[Window.Property(duration)]</label>
							<label2>180</label2>
							<onclick>noop</onclick>
							<visible>!IsEmpty(Window.Property(duration))</visible>
						</item>	
						<item>
							<label>$INFO[Window.Property(release_date)]</label>
							<label2>172</label2>
							<onclick>noop</onclick>
							<visible>!IsEmpty(Window.Property(release_date))</visible>
						</item>	
						<item>
							<label>$INFO[Window.Property(Status)]</label>
							<label2>126</label2>
							<onclick>noop</onclick>
							<visible>!IsEmpty(Window.Property(Status))</visible>
						</item>	
						<item>
							<label>$INFO[Window.Property(Budget)]</label>
							<label2>$ADDON[script.extendedinfo 32109]</label2>
							<onclick>noop</onclick>
							<visible>!IsEmpty(Window.Property(Budget))</visible>
						</item>	
						<item>
							<label>$INFO[Window.Property(Revenue)]</label>
							<label2>$ADDON[script.extendedinfo 32108]</label2>
							<onclick>noop</onclick>
							<visible>!IsEmpty(Window.Property(Revenue))</visible>
						</item>	
					</content>	

				</control>

				<!-- Sets / Seasons -->
				<control type="panel" id="250">
					<left>24</left>
					<top>24</top>
					<onup>noop</onup>
					<ondown>noop</ondown>
					<onright>noop</onright>
					<onleft>300</onleft>
					<scrolltime>100</scrolltime>
					<visible>StringCompare(Container(300).ListItem.Property(MenuID),Sets) + !Container(250).IsUpdating"</visible>
					<animation effect="fade" start="0" end="100" time="100" reversible="true">VisibleChange</animation>

					<include name="PanelSize" condition="StringCompare(Window(Home).Property(DialogPos),LEFT) | StringCompare(Window(Home).Property(DialogPos),RIGHT)">
						<param name="width" value="612" />
						<param name="height" value="664" />
						<param name="orientation" value="vertical" />
					</include>	

					<include name="PanelSize" condition="StringCompare(Window(Home).Property(DialogPos),TOP) | StringCompare(Window(Home).Property(DialogPos),BOTTOM)">
						<param name="width" value="1224" />
						<param name="height" value="332" />
						<param name="orientation" value="horizontal" />
					</include>							

					<itemlayout width="204" height="332">
						<control type="image">
							<left>24</left>
							<top>52</top>
							<width>132</width>
							<height>132</height>
							<aspectratio>scale</aspectratio>
							<texture colordiffuse="$INFO[Skin.String(Color.DIATxtNF)]">DefaultVideoPlaylists.png</texture>
						</control>				
						<control type="image">
							<width>180</width>
							<height>236</height>
							<aspectratio>scale</aspectratio>
							<texture>$INFO[ListItem.Art(thumb)]</texture>
						</control>
						<control type="label">
							<left>0</left>
							<top>248</top>
							<width>180</width>
							<height>38</height>
							<font>Font25</font>
							<align>center</align>
							<textcolor>$INFO[Skin.String(Color.DIATxtNF)]</textcolor>
							<label>$INFO[ListItem.Label]</label>
						</control>
						<control type="label">
							<left>0</left>
							<top>278</top>
							<width>180</width>
							<height>36</height>
							<font>FontSmallR</font>
							<align>center</align>
							<textcolor>$INFO[Skin.String(Color.DIATitle)]</textcolor>
							<label>$INFO[ListItem.Year]</label>
						</control>
					</itemlayout>

					<focusedlayout width="204" height="332">
						<control type="image">
							<left>24</left>
							<top>52</top>
							<width>132</width>
							<height>132</height>
							<aspectratio>scale</aspectratio>
							<texture colordiffuse="$INFO[Skin.String(Color.DIATxtNF)]">DefaultVideoPlaylists.png</texture>
						</control>						
						<control type="image">
							<width>180</width>
							<height>236</height>
							<colordiffuse>FFFFFFFF</colordiffuse>
							<aspectratio>scale</aspectratio>
							<texture>$INFO[ListItem.Art(thumb)]</texture>
						</control>
						<control type="label">
							<left>0</left>
							<top>248</top>
							<width>180</width>
							<height>38</height>
							<font>Font25</font>
							<align>center</align>
							<textcolor>$VAR[CategoryColor3]</textcolor>
							<label>$INFO[ListItem.Label]</label>
						</control>
						<control type="label">
							<left>0</left>
							<top>278</top>
							<width>180</width>
							<height>36</height>
							<font>FontSmallR</font>
							<align>center</align>
							<textcolor>$VAR[CategoryColor3]</textcolor>
							<label>$INFO[ListItem.Year]</label>
						</control>
					</focusedlayout>
				</control>

				<!-- Episodes -->
				<control type="panel" id="2000">
					<left>24</left>
					<top>24</top>
					<onup>noop</onup>
					<ondown>noop</ondown>
					<onright>noop</onright>
					<onleft>300</onleft>
					<scrolltime>100</scrolltime>		
					<visible>StringCompare(Container(300).ListItem.Property(MenuID),Episodes) + !Container(2000).IsUpdating"</visible>
					<animation effect="fade" start="0" end="100" time="100" reversible="true">VisibleChange</animation>	

					<include name="PanelSize" condition="StringCompare(Window(Home).Property(DialogPos),LEFT) | StringCompare(Window(Home).Property(DialogPos),RIGHT)">
						<param name="width" value="612" />
						<param name="height" value="664" />
						<param name="orientation" value="vertical" />
					</include>	

					<include name="PanelSize" condition="StringCompare(Window(Home).Property(DialogPos),TOP) | StringCompare(Window(Home).Property(DialogPos),BOTTOM)">
						<param name="width" value="1224" />
						<param name="height" value="332" />
						<param name="orientation" value="horizontal" />
					</include>						

					<itemlayout width="612" height="332">
						<control type="image">
							<left>228</left>
							<top>52</top>
							<width>132</width>
							<height>132</height>
							<aspectratio>scale</aspectratio>
							<texture colordiffuse="$INFO[Skin.String(Color.DIATxtNF)]">DefaultTVShows.png</texture>
						</control>				
						<control type="image">
							<width>588</width>
							<height>236</height>
							<aspectratio>scale</aspectratio>
							<texture>$INFO[ListItem.Art(thumb)]</texture>
						</control>
						<control type="label">
							<left>0</left>
							<top>248</top>
							<width>588</width>
							<height>38</height>
							<font>Font25</font>
							<align>center</align>
							<textcolor>$INFO[Skin.String(Color.DIATxtNF)]</textcolor>
							<label>$INFO[ListItem.Label]</label>
						</control>
						<control type="label">
							<left>0</left>
							<top>278</top>
							<width>588</width>
							<height>36</height>
							<font>FontSmallR</font>
							<align>center</align>
							<textcolor>$INFO[Skin.String(Color.DIATitle)]</textcolor>
							<label>$INFO[ListItem.Property(episode),$LOCALIZE[20359],]</label>
						</control>
					</itemlayout>

					<focusedlayout width="612" height="332">
						<control type="image">
							<left>228</left>
							<top>52</top>
							<width>132</width>
							<height>132</height>
							<aspectratio>scale</aspectratio>
							<texture colordiffuse="$INFO[Skin.String(Color.DIATxtNF)]">DefaultTVShows.png</texture>
						</control>						
						<control type="image">
							<width>588</width>
							<height>236</height>
							<colordiffuse>FFFFFFFF</colordiffuse>
							<aspectratio>scale</aspectratio>
							<texture>$INFO[ListItem.Art(thumb)]</texture>
						</control>
						<control type="label">
							<left>0</left>
							<top>248</top>
							<width>588</width>
							<height>38</height>
							<font>Font25</font>
							<align>center</align>
							<textcolor>$VAR[CategoryColor3]</textcolor>
							<label>$INFO[ListItem.Label]</label>
						</control>
						<control type="label">
							<left>0</left>
							<top>278</top>
							<width>588</width>
							<height>36</height>
							<font>FontSmallR</font>
							<align>center</align>
							<textcolor>$VAR[CategoryColor3]</textcolor>
							<label>$INFO[ListItem.Property(episode),$LOCALIZE[20359],]</label>
						</control>
					</focusedlayout>
				</control>

				<!-- Actors -->
				<control type="panel" id="1000">
					<left>24</left>
					<top>24</top>
					<onup>noop</onup>
					<ondown>noop</ondown>
					<onright>noop</onright>
					<onleft>300</onleft>
					<scrolltime>100</scrolltime>		
					<visible>StringCompare(Container(300).ListItem.Property(MenuID),Actors) + !Container(1000).IsUpdating"</visible>
					<animation effect="fade" start="0" end="100" time="100" reversible="true">VisibleChange</animation>	

					<include name="PanelSize" condition="StringCompare(Window(Home).Property(DialogPos),LEFT) | StringCompare(Window(Home).Property(DialogPos),RIGHT)">
						<param name="width" value="612" />
						<param name="height" value="664" />
						<param name="orientation" value="vertical" />
					</include>	

					<include name="PanelSize" condition="StringCompare(Window(Home).Property(DialogPos),TOP) | StringCompare(Window(Home).Property(DialogPos),BOTTOM)">
						<param name="width" value="1224" />
						<param name="height" value="332" />
						<param name="orientation" value="horizontal" />
					</include>						

					<itemlayout width="204" height="332">
						<control type="image">
							<left>24</left>
							<top>52</top>
							<width>132</width>
							<height>132</height>
							<aspectratio>scale</aspectratio>
							<texture colordiffuse="$INFO[Skin.String(Color.DIATxtNF)]">DefaultActor.png</texture>
						</control>				
						<control type="image">
							<width>180</width>
							<height>236</height>
							<aspectratio>scale</aspectratio>
							<texture>$INFO[ListItem.Art(thumb)]</texture>
						</control>
						<control type="label">
							<left>0</left>
							<top>248</top>
							<width>180</width>
							<height>38</height>
							<font>Font25</font>
							<align>center</align>
							<textcolor>$INFO[Skin.String(Color.DIATxtNF)]</textcolor>
							<label>$INFO[ListItem.Label]</label>
						</control>
						<control type="label">
							<left>0</left>
							<top>278</top>
							<width>180</width>
							<height>36</height>
							<font>FontSmallR</font>
							<align>center</align>
							<textcolor>$INFO[Skin.String(Color.DIATitle)]</textcolor>
							<label>$INFO[ListItem.Year]</label>
						</control>
					</itemlayout>

					<focusedlayout width="204" height="332">
						<control type="image">
							<left>24</left>
							<top>52</top>
							<width>132</width>
							<height>132</height>
							<aspectratio>scale</aspectratio>
							<texture colordiffuse="$INFO[Skin.String(Color.DIATxtNF)]">DefaultActor.png</texture>
						</control>						
						<control type="image">
							<width>180</width>
							<height>236</height>
							<colordiffuse>FFFFFFFF</colordiffuse>
							<aspectratio>scale</aspectratio>
							<texture>$INFO[ListItem.Art(thumb)]</texture>
						</control>
						<control type="label">
							<left>0</left>
							<top>248</top>
							<width>180</width>
							<height>38</height>
							<font>Font25</font>
							<align>center</align>
							<textcolor>$VAR[CategoryColor3]</textcolor>
							<label>$INFO[ListItem.Label]</label>
						</control>
						<control type="label">
							<left>0</left>
							<top>278</top>
							<width>180</width>
							<height>36</height>
							<font>FontSmallR</font>
							<align>center</align>
							<textcolor>$VAR[CategoryColor3]</textcolor>
							<label>$INFO[ListItem.Year]</label>
						</control>
					</focusedlayout>
				</control>

				<!-- Youtube -->
				<control type="panel" id="350">
					<left>24</left>
					<top>24</top>
					<onup>noop</onup>
					<ondown>noop</ondown>
					<onright>noop</onright>
					<onleft>300</onleft>
					<scrolltime>100</scrolltime>
					<visible>StringCompare(Container(300).ListItem.Property(MenuID),Youtube) + !Container(350).IsUpdating"</visible>
					<animation effect="fade" start="0" end="100" time="100" reversible="true">VisibleChange</animation>

					<include name="PanelSize" condition="StringCompare(Window(Home).Property(DialogPos),LEFT) | StringCompare(Window(Home).Property(DialogPos),RIGHT)">
						<param name="width" value="612" />
						<param name="height" value="664" />
						<param name="orientation" value="vertical" />
					</include>	

					<include name="PanelSize" condition="StringCompare(Window(Home).Property(DialogPos),TOP) | StringCompare(Window(Home).Property(DialogPos),BOTTOM)">
						<param name="width" value="1224" />
						<param name="height" value="332" />
						<param name="orientation" value="horizontal" />
					</include>						

					<itemlayout width="306" height="332">		
						<control type="image">
							<top>0</top>
							<width>282</width>
							<height>158</height>
							<aspectratio>stretch</aspectratio>
							<texture colordiffuse="FF000000">common/white.png</texture>
						</control>	
						<control type="image">
							<top>0</top>
							<width>282</width>
							<height>158</height>
							<aspectratio>keep</aspectratio>
							<texture>$INFO[ListItem.Icon]</texture>
						</control>
						<control type="textbox">
							<left>0</left>
							<top>170</top>
							<width>282</width>
							<height>150</height>
							<font>Font25</font>
							<align>center</align>
							<textcolor>$INFO[Skin.String(Color.DIATxtNF)]</textcolor>
							<label>$INFO[ListItem.Label]</label>
						</control>
					</itemlayout>

					<focusedlayout width="306" height="332">			
						<control type="image">
							<top>0</top>
							<width>282</width>
							<height>158</height>
							<aspectratio>stretch</aspectratio>
							<texture colordiffuse="FF000000">common/white.png</texture>
						</control>	
						<control type="image">
							<top>0</top>
							<width>282</width>
							<height>158</height>
							<colordiffuse>FFFFFFFF</colordiffuse>
							<aspectratio>keep</aspectratio>
							<texture>$INFO[ListItem.Icon]</texture>
						</control>
						<control type="textbox">
							<left>0</left>
							<top>170</top>
							<width>282</width>
							<height>150</height>
							<font>Font25</font>
							<align>center</align>
							<textcolor>$VAR[CategoryColor3]</textcolor>
							<label>$INFO[ListItem.Label]</label>
						</control>
					</focusedlayout>
				</control>

				<!-- Images -->
				<control type="panel" id="1250">
					<left>24</left>
					<top>24</top>
					<onup>noop</onup>
					<ondown>noop</ondown>
					<onright>noop</onright>
					<onleft>300</onleft>
					<scrolltime>100</scrolltime>
					<visible>StringCompare(Container(300).ListItem.Property(MenuID),Images) + !Container(1250).IsUpdating"</visible>
					<animation effect="fade" start="0" end="100" time="100" reversible="true">VisibleChange</animation>

					<include name="PanelSize" condition="StringCompare(Window(Home).Property(DialogPos),LEFT) | StringCompare(Window(Home).Property(DialogPos),RIGHT)">
						<param name="width" value="612" />
						<param name="height" value="664" />
						<param name="orientation" value="vertical" />
					</include>	

					<include name="PanelSize" condition="StringCompare(Window(Home).Property(DialogPos),TOP) | StringCompare(Window(Home).Property(DialogPos),BOTTOM)">
						<param name="width" value="1224" />
						<param name="height" value="332" />
						<param name="orientation" value="horizontal" />
					</include>		

					<itemlayout width="204" height="332">
						<control type="image">
							<left>24</left>
							<top>52</top>
							<width>132</width>
							<height>132</height>
							<aspectratio>scale</aspectratio>
							<texture colordiffuse="$INFO[Skin.String(Color.DIATxtNF)]">DefaultPicture.png</texture>
						</control>				
						<control type="image">
							<width>180</width>
							<height>236</height>
							<aspectratio>scale</aspectratio>
							<texture>$INFO[ListItem.Art(thumb)]</texture>
						</control>
						<control type="label">
							<left>0</left>
							<top>248</top>
							<width>180</width>
							<height>38</height>
							<font>Font25</font>
							<align>center</align>
							<textcolor>$INFO[Skin.String(Color.DIATxtNF)]</textcolor>
							<label>$INFO[ListItem.Label]</label>
						</control>
						<control type="label">
							<left>0</left>
							<top>278</top>
							<width>180</width>
							<height>36</height>
							<font>FontSmallR</font>
							<align>center</align>
							<textcolor>$INFO[Skin.String(Color.DIATitle)]</textcolor>
							<label>$INFO[ListItem.Year]</label>
						</control>
					</itemlayout>

					<focusedlayout width="204" height="332">
						<control type="image">
							<left>24</left>
							<top>52</top>
							<width>132</width>
							<height>132</height>
							<aspectratio>scale</aspectratio>
							<texture colordiffuse="$INFO[Skin.String(Color.DIATxtNF)]">DefaultPicture.png</texture>
						</control>						
						<control type="image">
							<width>180</width>
							<height>236</height>
							<colordiffuse>FFFFFFFF</colordiffuse>
							<aspectratio>scale</aspectratio>
							<texture>$INFO[ListItem.Art(thumb)]</texture>
						</control>
						<control type="label">
							<left>0</left>
							<top>248</top>
							<width>180</width>
							<height>38</height>
							<font>Font25</font>
							<align>center</align>
							<textcolor>$VAR[CategoryColor3]</textcolor>
							<label>$INFO[ListItem.Label]</label>
						</control>
						<control type="label">
							<left>0</left>
							<top>278</top>
							<width>180</width>
							<height>36</height>
							<font>FontSmallR</font>
							<align>center</align>
							<textcolor>$VAR[CategoryColor3]</textcolor>
							<label>$INFO[ListItem.Year]</label>
						</control>
					</focusedlayout>
				</control>

				<!-- Backdrops -->
				<control type="panel" id="1350">
					<left>24</left>
					<top>24</top>
					<onup>noop</onup>
					<ondown>noop</ondown>
					<onright>noop</onright>
					<onleft>300</onleft>
					<scrolltime>100</scrolltime>
					<visible>StringCompare(Container(300).ListItem.Property(MenuID),Backdrops) + !Container(1350).IsUpdating"</visible>
					<animation effect="fade" start="0" end="100" time="100" reversible="true">VisibleChange</animation>

					<include name="PanelSize" condition="StringCompare(Window(Home).Property(DialogPos),LEFT) | StringCompare(Window(Home).Property(DialogPos),RIGHT)">
						<param name="width" value="612" />
						<param name="height" value="664" />
						<param name="orientation" value="vertical" />
					</include>	

					<include name="PanelSize" condition="StringCompare(Window(Home).Property(DialogPos),TOP) | StringCompare(Window(Home).Property(DialogPos),BOTTOM)">
						<param name="width" value="1224" />
						<param name="height" value="332" />
						<param name="orientation" value="horizontal" />
					</include>		

					<itemlayout width="612" height="332">
						<control type="image">
							<left>228</left>
							<top>59</top>
							<width>132</width>
							<height>132</height>
							<aspectratio>scale</aspectratio>
							<texture colordiffuse="$INFO[Skin.String(Color.DIATxtNF)]">DefaultPicture.png</texture>
						</control>				
						<control type="image">
							<width>588</width>
							<height>250</height>
							<aspectratio>scale</aspectratio>
							<texture>$INFO[ListItem.Art(thumb)]</texture>
						</control>
						<control type="label">
							<left>0</left>
							<top>268</top>
							<width>588</width>
							<height>40</height>
							<font>Font25</font>
							<align>center</align>
							<textcolor>$INFO[Skin.String(Color.DIATxtNF)]</textcolor>
							<label>$INFO[ListItem.Label]</label>
						</control>
						<control type="label">
							<left>0</left>
							<top>278</top>
							<width>180</width>
							<height>36</height>
							<font>FontSmallR</font>
							<align>center</align>
							<textcolor>$INFO[Skin.String(Color.DIATitle)]</textcolor>
							<label>$INFO[ListItem.Label2]</label>
						</control>
					</itemlayout>

					<focusedlayout width="612" height="332">
						<control type="image">
							<left>228</left>
							<top>59</top>
							<width>132</width>
							<height>132</height>
							<aspectratio>scale</aspectratio>
							<texture colordiffuse="$INFO[Skin.String(Color.DIATxtNF)]">DefaultPicture.png</texture>
						</control>						
						<control type="image">
							<width>588</width>
							<height>250</height>
							<colordiffuse>FFFFFFFF</colordiffuse>
							<aspectratio>scale</aspectratio>
							<texture>$INFO[ListItem.Art(thumb)]</texture>
						</control>
						<control type="label">
							<left>0</left>
							<top>268</top>
							<width>588</width>
							<height>40</height>
							<font>Font25</font>
							<align>center</align>
							<textcolor>$VAR[CategoryColor3]</textcolor>
							<label>$INFO[ListItem.Label]</label>
						</control>
						<control type="label">
							<left>0</left>
							<top>278</top>
							<width>180</width>
							<height>36</height>
							<font>FontSmallR</font>
							<align>center</align>
							<textcolor>$VAR[CategoryColor3]</textcolor>
							<label>$INFO[ListItem.Label2]</label>
						</control>
					</focusedlayout>
				</control>

				<!-- Crew -->
				<control type="panel" id="750">
					<left>24</left>
					<top>24</top>
					<onup>noop</onup>
					<ondown>noop</ondown>
					<onright>noop</onright>
					<onleft>300</onleft>
					<scrolltime>100</scrolltime>		
					<visible>StringCompare(Container(300).ListItem.Property(MenuID),Crew) + !Container(750).IsUpdating"</visible>
					<animation effect="fade" start="0" end="100" time="100" reversible="true">VisibleChange</animation>	

					<include name="PanelSize" condition="StringCompare(Window(Home).Property(DialogPos),LEFT) | StringCompare(Window(Home).Property(DialogPos),RIGHT)">
						<param name="width" value="612" />
						<param name="height" value="664" />
						<param name="orientation" value="vertical" />
					</include>	

					<include name="PanelSize" condition="StringCompare(Window(Home).Property(DialogPos),TOP) | StringCompare(Window(Home).Property(DialogPos),BOTTOM)">
						<param name="width" value="1224" />
						<param name="height" value="332" />
						<param name="orientation" value="horizontal" />
					</include>						

					<itemlayout width="204" height="332">
						<control type="image">
							<left>24</left>
							<top>52</top>
							<width>132</width>
							<height>132</height>
							<aspectratio>scale</aspectratio>
							<texture colordiffuse="$INFO[Skin.String(Color.DIATxtNF)]">DefaultActor.png</texture>
						</control>				
						<control type="image">
							<width>180</width>
							<height>236</height>
							<aspectratio>scale</aspectratio>
							<texture>$INFO[ListItem.Art(thumb)]</texture>
						</control>
						<control type="label">
							<left>0</left>
							<top>248</top>
							<width>180</width>
							<height>38</height>
							<font>Font25</font>
							<align>center</align>
							<textcolor>$INFO[Skin.String(Color.DIATxtNF)]</textcolor>
							<label>$INFO[ListItem.Label]</label>
						</control>
						<control type="label">
							<left>0</left>
							<top>278</top>
							<width>180</width>
							<height>36</height>
							<font>FontSmallR</font>
							<align>center</align>
							<textcolor>$INFO[Skin.String(Color.DIATitle)]</textcolor>
							<label>$INFO[ListItem.Year]</label>
						</control>
					</itemlayout>

					<focusedlayout width="204" height="332">
						<control type="image">
							<left>24</left>
							<top>52</top>
							<width>132</width>
							<height>132</height>
							<aspectratio>scale</aspectratio>
							<texture colordiffuse="$INFO[Skin.String(Color.DIATxtNF)]">DefaultActor.png</texture>
						</control>						
						<control type="image">
							<width>180</width>
							<height>236</height>
							<colordiffuse>FFFFFFFF</colordiffuse>
							<aspectratio>scale</aspectratio>
							<texture>$INFO[ListItem.Art(thumb)]</texture>
						</control>
						<control type="label">
							<left>0</left>
							<top>248</top>
							<width>180</width>
							<height>38</height>
							<font>Font25</font>
							<align>center</align>
							<textcolor>$VAR[CategoryColor3]</textcolor>
							<label>$INFO[ListItem.Label]</label>
						</control>
						<control type="label">
							<left>0</left>
							<top>278</top>
							<width>180</width>
							<height>36</height>
							<font>FontSmallR</font>
							<align>center</align>
							<textcolor>$VAR[CategoryColor3]</textcolor>
							<label>$INFO[ListItem.Year]</label>
						</control>
					</focusedlayout>
				</control>

				<!-- Similar -->
				<control type="panel" id="150">
					<left>24</left>
					<top>24</top>
					<onup>noop</onup>
					<ondown>noop</ondown>
					<onright>noop</onright>
					<onleft>300</onleft>
					<scrolltime>100</scrolltime>		
					<visible>StringCompare(Container(300).ListItem.Property(MenuID),Similar) + !Container(150).IsUpdating"</visible>
					<animation effect="fade" start="0" end="100" time="100" reversible="true">VisibleChange</animation>	

					<include name="PanelSize" condition="StringCompare(Window(Home).Property(DialogPos),LEFT) | StringCompare(Window(Home).Property(DialogPos),RIGHT)">
						<param name="width" value="612" />
						<param name="height" value="664" />
						<param name="orientation" value="vertical" />
					</include>	

					<include name="PanelSize" condition="StringCompare(Window(Home).Property(DialogPos),TOP) | StringCompare(Window(Home).Property(DialogPos),BOTTOM)">
						<param name="width" value="1224" />
						<param name="height" value="332" />
						<param name="orientation" value="horizontal" />
					</include>						

					<itemlayout width="204" height="332">
						<control type="image">
							<left>24</left>
							<top>52</top>
							<width>132</width>
							<height>132</height>
							<aspectratio>scale</aspectratio>
							<texture colordiffuse="$INFO[Skin.String(Color.DIATxtNF)]">DefaultMovieTitle.png</texture>
						</control>				
						<control type="image">
							<width>180</width>
							<height>236</height>
							<aspectratio>scale</aspectratio>
							<texture>$INFO[ListItem.Art(thumb)]</texture>
						</control>
						<control type="label">
							<left>0</left>
							<top>248</top>
							<width>180</width>
							<height>38</height>
							<font>Font25</font>
							<align>center</align>
							<textcolor>$INFO[Skin.String(Color.DIATxtNF)]</textcolor>
							<label>$INFO[ListItem.Label]</label>
						</control>
						<control type="label">
							<left>0</left>
							<top>278</top>
							<width>180</width>
							<height>36</height>
							<font>FontSmallR</font>
							<align>center</align>
							<textcolor>$INFO[Skin.String(Color.DIATitle)]</textcolor>
							<label>$INFO[ListItem.Year]</label>
						</control>
					</itemlayout>

					<focusedlayout width="204" height="332">
						<control type="image">
							<left>24</left>
							<top>52</top>
							<width>132</width>
							<height>132</height>
							<aspectratio>scale</aspectratio>
							<texture colordiffuse="$INFO[Skin.String(Color.DIATxtNF)]">DefaultMovieTitle.png</texture>
						</control>						
						<control type="image">
							<width>180</width>
							<height>236</height>
							<colordiffuse>FFFFFFFF</colordiffuse>
							<aspectratio>scale</aspectratio>
							<texture>$INFO[ListItem.Art(thumb)]</texture>
						</control>
						<control type="label">
							<left>0</left>
							<top>248</top>
							<width>180</width>
							<height>38</height>
							<font>Font25</font>
							<align>center</align>
							<textcolor>$VAR[CategoryColor3]</textcolor>
							<label>$INFO[ListItem.Label]</label>
						</control>
						<control type="label">
							<left>0</left>
							<top>278</top>
							<width>180</width>
							<height>36</height>
							<font>FontSmallR</font>
							<align>center</align>
							<textcolor>$VAR[CategoryColor3]</textcolor>
							<label>$INFO[ListItem.Year]</label>
						</control>
					</focusedlayout>
				</control>

				<!-- Genres -->
				<control type="panel" id="850">
					<left>24</left>
					<top>24</top>
					<onup>noop</onup>
					<ondown>noop</ondown>
					<onright>noop</onright>
					<onleft>300</onleft>
					<scrolltime>100</scrolltime>		
					<visible>StringCompare(Container(300).ListItem.Property(MenuID),Genres) + !Container(850).IsUpdating"</visible>
					<animation effect="fade" start="0" end="100" time="100" reversible="true">VisibleChange</animation>	

					<include name="PanelSize" condition="StringCompare(Window(Home).Property(DialogPos),LEFT) | StringCompare(Window(Home).Property(DialogPos),RIGHT)">
						<param name="width" value="612" />
						<param name="height" value="664" />
						<param name="orientation" value="vertical" />
					</include>	

					<include name="PanelSize" condition="StringCompare(Window(Home).Property(DialogPos),TOP) | StringCompare(Window(Home).Property(DialogPos),BOTTOM)">
						<param name="width" value="1224" />
						<param name="height" value="332" />
						<param name="orientation" value="horizontal" />
					</include>						

					<itemlayout width="204" height="332">
						<control type="image">
							<left>24</left>
							<top>52</top>
							<width>132</width>
							<height>132</height>
							<aspectratio>scale</aspectratio>
							<texture colordiffuse="$INFO[Skin.String(Color.DIATxtNF)]">DefaultFolder.png</texture>
						</control>				
						<control type="image">
							<width>180</width>
							<height>236</height>
							<aspectratio>scale</aspectratio>
							<texture>$INFO[ListItem.Art(thumb)]</texture>
						</control>
						<control type="label">
							<left>0</left>
							<top>248</top>
							<width>180</width>
							<height>38</height>
							<font>Font25</font>
							<align>center</align>
							<textcolor>$INFO[Skin.String(Color.DIATxtNF)]</textcolor>
							<label>$INFO[ListItem.Label]</label>
						</control>
						<control type="label">
							<left>0</left>
							<top>278</top>
							<width>180</width>
							<height>36</height>
							<font>FontSmallR</font>
							<align>center</align>
							<textcolor>$INFO[Skin.String(Color.DIATitle)]</textcolor>
							<label>$INFO[ListItem.Year]</label>
						</control>
					</itemlayout>

					<focusedlayout width="204" height="332">
						<control type="image">
							<left>24</left>
							<top>52</top>
							<width>132</width>
							<height>132</height>
							<aspectratio>scale</aspectratio>
							<texture colordiffuse="$INFO[Skin.String(Color.DIATxtNF)]">DefaultFolder.png</texture>
						</control>						
						<control type="image">
							<width>180</width>
							<height>236</height>
							<colordiffuse>FFFFFFFF</colordiffuse>
							<aspectratio>scale</aspectratio>
							<texture>$INFO[ListItem.Art(thumb)]</texture>
						</control>
						<control type="label">
							<left>0</left>
							<top>248</top>
							<width>180</width>
							<height>38</height>
							<font>Font25</font>
							<align>center</align>
							<textcolor>$VAR[CategoryColor3]</textcolor>
							<label>$INFO[ListItem.Label]</label>
						</control>
						<control type="label">
							<left>0</left>
							<top>278</top>
							<width>180</width>
							<height>36</height>
							<font>FontSmallR</font>
							<align>center</align>
							<textcolor>$VAR[CategoryColor3]</textcolor>
							<label>$INFO[ListItem.Year]</label>
						</control>
					</focusedlayout>
				</control>

				<!-- Studios -->
				<control type="panel" id="550">
					<left>24</left>
					<top>24</top>
					<onup>noop</onup>
					<ondown>noop</ondown>
					<onright>noop</onright>
					<onleft>300</onleft>
					<scrolltime>100</scrolltime>
					<visible>StringCompare(Container(300).ListItem.Property(MenuID),Studios) + !Container(550).IsUpdating"</visible>
					<animation effect="fade" start="0" end="100" time="100" reversible="true">VisibleChange</animation>

					<include name="PanelSize" condition="StringCompare(Window(Home).Property(DialogPos),LEFT) | StringCompare(Window(Home).Property(DialogPos),RIGHT)">
						<param name="width" value="612" />
						<param name="height" value="664" />
						<param name="orientation" value="vertical" />
					</include>	

					<include name="PanelSize" condition="StringCompare(Window(Home).Property(DialogPos),TOP) | StringCompare(Window(Home).Property(DialogPos),BOTTOM)">
						<param name="width" value="1224" />
						<param name="height" value="332" />
						<param name="orientation" value="horizontal" />
					</include>							

					<itemlayout width="204" height="332">
						<control type="image">
							<left>0</left>
							<top>0</top>
							<width>180</width>
							<height>180</height>
							<aspectratio>keep</aspectratio>
							<texture colordiffuse="$INFO[Skin.String(Color.DIATxtNF)]">resource://resource.images.studios.white/$INFO[ListItem.Label,,.png]</texture>
						</control>				
						<control type="textbox">
							<left>0</left>
							<top>204</top>
							<width>180</width>
							<height>104</height>
							<font>Font25</font>
							<align>center</align>
							<textcolor>$INFO[Skin.String(Color.DIATxtNF)]</textcolor>
							<label>$INFO[ListItem.Label]</label>
						</control>
					</itemlayout>

					<focusedlayout width="204" height="332">
						<control type="image">
							<left>0</left>
							<top>0</top>
							<width>180</width>
							<height>180</height>
							<aspectratio>keep</aspectratio>
							<texture colordiffuse="$INFO[Skin.String(Color.DIATxtNF)]">resource://resource.images.studios.white/$INFO[ListItem.Label,,.png]</texture>
						</control>						
						<control type="textbox">
							<left>0</left>
							<top>204</top>
							<width>180</width>
							<height>104</height>
							<font>Font25</font>
							<align>center</align>
							<textcolor>$VAR[CategoryColor3]</textcolor>
							<label>$INFO[ListItem.Label]</label>
						</control>
					</focusedlayout>
				</control>

				<!-- Networks -->
				<control type="panel" id="1450">
					<left>24</left>
					<top>24</top>
					<onup>noop</onup>
					<ondown>noop</ondown>
					<onright>noop</onright>
					<onleft>300</onleft>
					<scrolltime>100</scrolltime>		
					<visible>StringCompare(Container(300).ListItem.Property(MenuID),Networks) + !Container(1450).IsUpdating"</visible>
					<animation effect="fade" start="0" end="100" time="100" reversible="true">VisibleChange</animation>	

					<include name="PanelSize" condition="StringCompare(Window(Home).Property(DialogPos),LEFT) | StringCompare(Window(Home).Property(DialogPos),RIGHT)">
						<param name="width" value="612" />
						<param name="height" value="664" />
						<param name="orientation" value="vertical" />
					</include>	

					<include name="PanelSize" condition="StringCompare(Window(Home).Property(DialogPos),TOP) | StringCompare(Window(Home).Property(DialogPos),BOTTOM)">
						<param name="width" value="1224" />
						<param name="height" value="332" />
						<param name="orientation" value="horizontal" />
					</include>						

					<itemlayout width="204" height="332">
						<control type="image">
							<left>24</left>
							<top>52</top>
							<width>132</width>
							<height>132</height>
							<aspectratio>scale</aspectratio>
							<texture colordiffuse="$INFO[Skin.String(Color.DIATxtNF)]">DefaultAddonWebSkin.png</texture>
						</control>				
						<control type="image">
							<width>180</width>
							<height>236</height>
							<aspectratio>scale</aspectratio>
							<texture>$INFO[ListItem.Art(thumb)]</texture>
						</control>
						<control type="label">
							<left>0</left>
							<top>248</top>
							<width>180</width>
							<height>38</height>
							<font>Font25</font>
							<align>center</align>
							<textcolor>$INFO[Skin.String(Color.DIATxtNF)]</textcolor>
							<label>$INFO[ListItem.Label]</label>
						</control>
						<control type="label">
							<left>0</left>
							<top>278</top>
							<width>180</width>
							<height>36</height>
							<font>FontSmallR</font>
							<align>center</align>
							<textcolor>$INFO[Skin.String(Color.DIATitle)]</textcolor>
							<label>$INFO[ListItem.Year]</label>
						</control>
					</itemlayout>

					<focusedlayout width="204" height="332">
						<control type="image">
							<left>24</left>
							<top>52</top>
							<width>132</width>
							<height>132</height>
							<aspectratio>scale</aspectratio>
							<texture colordiffuse="$INFO[Skin.String(Color.DIATxtNF)]">DefaultAddonWebSkin.png</texture>
						</control>						
						<control type="image">
							<width>180</width>
							<height>236</height>
							<colordiffuse>FFFFFFFF</colordiffuse>
							<aspectratio>scale</aspectratio>
							<texture>$INFO[ListItem.Art(thumb)]</texture>
						</control>
						<control type="label">
							<left>0</left>
							<top>248</top>
							<width>180</width>
							<height>38</height>
							<font>Font25</font>
							<align>center</align>
							<textcolor>$VAR[CategoryColor3]</textcolor>
							<label>$INFO[ListItem.Label]</label>
						</control>
						<control type="label">
							<left>0</left>
							<top>278</top>
							<width>180</width>
							<height>36</height>
							<font>FontSmallR</font>
							<align>center</align>
							<textcolor>$VAR[CategoryColor3]</textcolor>
							<label>$INFO[ListItem.Year]</label>
						</control>
					</focusedlayout>
				</control>

				<!-- Videos -->
				<control type="panel" id="1150">
					<left>24</left>
					<top>24</top>
					<onup>noop</onup>
					<ondown>noop</ondown>
					<onright>noop</onright>
					<onleft>300</onleft>
					<scrolltime>100</scrolltime>
					<visible>StringCompare(Container(300).ListItem.Property(MenuID),Videos) + !Container(1150).IsUpdating"</visible>
					<animation effect="fade" start="0" end="100" time="100" reversible="true">VisibleChange</animation>

					<include name="PanelSize" condition="StringCompare(Window(Home).Property(DialogPos),LEFT) | StringCompare(Window(Home).Property(DialogPos),RIGHT)">
						<param name="width" value="612" />
						<param name="height" value="664" />
						<param name="orientation" value="vertical" />
					</include>	

					<include name="PanelSize" condition="StringCompare(Window(Home).Property(DialogPos),TOP) | StringCompare(Window(Home).Property(DialogPos),BOTTOM)">
						<param name="width" value="1224" />
						<param name="height" value="332" />
						<param name="orientation" value="horizontal" />
					</include>						

					<itemlayout width="306" height="332">		
						<control type="image">
							<top>0</top>
							<width>282</width>
							<height>158</height>
							<aspectratio>stretch</aspectratio>
							<texture colordiffuse="FF000000">common/white.png</texture>
						</control>	
						<control type="image">
							<top>0</top>
							<width>282</width>
							<height>158</height>
							<aspectratio>keep</aspectratio>
							<texture>$INFO[ListItem.Icon]</texture>
						</control>
						<control type="textbox">
							<left>0</left>
							<top>170</top>
							<width>282</width>
							<height>150</height>
							<font>Font25</font>
							<align>center</align>
							<textcolor>$INFO[Skin.String(Color.DIATxtNF)]</textcolor>
							<label>$INFO[ListItem.Label]</label>
						</control>
					</itemlayout>

					<focusedlayout width="306" height="332">			
						<control type="image">
							<top>0</top>
							<width>282</width>
							<height>158</height>
							<aspectratio>stretch</aspectratio>
							<texture colordiffuse="FF000000">common/white.png</texture>
						</control>	
						<control type="image">
							<top>0</top>
							<width>282</width>
							<height>158</height>
							<colordiffuse>FFFFFFFF</colordiffuse>
							<aspectratio>keep</aspectratio>
							<texture>$INFO[ListItem.Icon]</texture>
						</control>
						<control type="textbox">
							<left>0</left>
							<top>170</top>
							<width>282</width>
							<height>150</height>
							<font>Font25</font>
							<align>center</align>
							<textcolor>$VAR[CategoryColor3]</textcolor>
							<label>$INFO[ListItem.Label]</label>
						</control>
					</focusedlayout>
				</control>

				<!-- Releases -->
				<control type="panel" id="650">
					<left>24</left>
					<top>24</top>
					<onup>noop</onup>
					<ondown>noop</ondown>
					<onright>noop</onright>
					<onleft>300</onleft>
					<scrolltime>100</scrolltime>
					<visible>StringCompare(Container(300).ListItem.Property(MenuID),Releases) + !Container(650).IsUpdating"</visible>
					<animation effect="fade" start="0" end="100" time="100" reversible="true">VisibleChange</animation>

					<include name="PanelSize" condition="StringCompare(Window(Home).Property(DialogPos),LEFT) | StringCompare(Window(Home).Property(DialogPos),RIGHT)">
						<param name="width" value="612" />
						<param name="height" value="664" />
						<param name="orientation" value="vertical" />
					</include>	

					<include name="PanelSize" condition="StringCompare(Window(Home).Property(DialogPos),TOP) | StringCompare(Window(Home).Property(DialogPos),BOTTOM)">
						<param name="width" value="1224" />
						<param name="height" value="332" />
						<param name="orientation" value="horizontal" />
					</include>						

					<itemlayout width="612" height="102">
						<control type="image">
							<left>0</left>
							<top>0</top>
							<width>78</width>
							<height>78</height>
							<aspectratio>scale</aspectratio>
							<texture colordiffuse="$INFO[Skin.String(Color.DIATxtNF)]">common/white.png</texture>
						</control>
						<control type="label">
							<left>0</left>
							<top>0</top>
							<width>78</width>
							<height>78</height>
							<font>Font25</font>
							<align>center</align>
							<aligny>center</aligny>
							<textcolor>$INFO[Skin.String(Color.DIABg)]</textcolor>
							<label>[UPPERCASE][B]$INFO[ListItem.Property(iso_3166_1)][/B][/UPPERCASE]</label>
						</control>				
						<control type="label">
							<left>102</left>
							<top>0</top>
							<width>486</width>
							<height>50</height>
							<font>Font25</font>
							<align>left</align>
							<textcolor>$INFO[Skin.String(Color.DIATitle)]</textcolor>
							<label fallback="1446">$INFO[ListItem.Property(release_date)]</label>
						</control>				
						<control type="label">
							<left>102</left>
							<top>15</top>
							<width>486</width>
							<height>75</height>
							<font>FontSmallR</font>
							<align>left</align>
							<textcolor>$INFO[Skin.String(Color.DIATxtNF)]</textcolor>
							<label fallback="1446">$INFO[ListItem.Property(certification),$ADDON[script.extendedinfo 32127] ,]</label>
						</control>
					</itemlayout>

					<focusedlayout width="612" height="102">
						<control type="image">
							<left>0</left>
							<top>0</top>
							<width>78</width>
							<height>78</height>
							<aspectratio>scale</aspectratio>
							<texture colordiffuse="$VAR[CategoryColor3]">common/white.png</texture>
						</control>
						<control type="label">
							<left>0</left>
							<top>0</top>
							<width>78</width>
							<height>78</height>
							<font>Font25</font>
							<align>center</align>
							<aligny>center</aligny>
							<textcolor>$INFO[Skin.String(Color.DIATitle)]</textcolor>
							<label>[UPPERCASE][B]$INFO[ListItem.Property(iso_3166_1)][/B][/UPPERCASE]</label>
						</control>						
						<control type="label">
							<left>102</left>
							<top>0</top>
							<width>486</width>
							<height>50</height>
							<font>Font25</font>
							<align>left</align>
							<textcolor>$VAR[CategoryColor3]</textcolor>
							<label fallback="1446">$INFO[ListItem.Property(release_date)]</label>
						</control>				
						<control type="label">
							<left>102</left>
							<top>15</top>
							<width>486</width>
							<height>75</height>
							<font>FontSmallR</font>
							<align>left</align>
							<textcolor>$VAR[CategoryColor3]</textcolor>
							<label fallback="1446">$INFO[ListItem.Property(certification),$ADDON[script.extendedinfo 32127] ,]</label>
						</control>				
					</focusedlayout>
				</control>

				<!-- Lists -->
				<control type="panel" id="450">
					<left>24</left>
					<top>24</top>
					<onup>noop</onup>
					<ondown>noop</ondown>
					<onright>noop</onright>
					<onleft>300</onleft>
					<scrolltime>100</scrolltime>
					<visible>StringCompare(Container(300).ListItem.Property(MenuID),Lists) + !Container(450).IsUpdating"</visible>
					<animation effect="fade" start="0" end="100" time="100" reversible="true">VisibleChange</animation>

					<include name="PanelSize" condition="StringCompare(Window(Home).Property(DialogPos),LEFT) | StringCompare(Window(Home).Property(DialogPos),RIGHT)">
						<param name="width" value="612" />
						<param name="height" value="664" />
						<param name="orientation" value="vertical" />
					</include>	

					<include name="PanelSize" condition="StringCompare(Window(Home).Property(DialogPos),TOP) | StringCompare(Window(Home).Property(DialogPos),BOTTOM)">
						<param name="width" value="1224" />
						<param name="height" value="332" />
						<param name="orientation" value="horizontal" />
					</include>						

					<itemlayout width="204" height="332">
						<control type="image">
							<left>24</left>
							<top>52</top>
							<width>132</width>
							<height>132</height>
							<aspectratio>scale</aspectratio>
							<texture colordiffuse="$INFO[Skin.String(Color.DIATxtNF)]">DefaultPicture.png</texture>
						</control>				
						<control type="image">
							<width>180</width>
							<height>236</height>
							<aspectratio>scale</aspectratio>
							<texture>$INFO[ListItem.Art(thumb)]</texture>
						</control>
						<control type="label">
							<left>0</left>
							<top>248</top>
							<width>180</width>
							<height>38</height>
							<font>Font25</font>
							<align>center</align>
							<textcolor>$INFO[Skin.String(Color.DIATxtNF)]</textcolor>
							<label>$INFO[ListItem.Label]</label>
						</control>
						<control type="label">
							<left>0</left>
							<top>278</top>
							<width>180</width>
							<height>36</height>
							<font>FontSmallR</font>
							<align>center</align>
							<textcolor>$INFO[Skin.String(Color.DIATitle)]</textcolor>
							<label>$INFO[ListItem.Year]</label>
						</control>
					</itemlayout>

					<focusedlayout width="204" height="332">
						<control type="image">
							<left>24</left>
							<top>52</top>
							<width>132</width>
							<height>132</height>
							<aspectratio>scale</aspectratio>
							<texture colordiffuse="$INFO[Skin.String(Color.DIATxtNF)]">DefaultPicture.png</texture>
						</control>						
						<control type="image">
							<width>180</width>
							<height>236</height>
							<colordiffuse>FFFFFFFF</colordiffuse>
							<aspectratio>scale</aspectratio>
							<texture>$INFO[ListItem.Art(thumb)]</texture>
						</control>
						<control type="label">
							<left>0</left>
							<top>248</top>
							<width>180</width>
							<height>38</height>
							<font>Font25</font>
							<align>center</align>
							<textcolor>$VAR[CategoryColor3]</textcolor>
							<label>$INFO[ListItem.Label]</label>
						</control>
						<control type="label">
							<left>0</left>
							<top>278</top>
							<width>180</width>
							<height>36</height>
							<font>FontSmallR</font>
							<align>center</align>
							<textcolor>$VAR[CategoryColor3]</textcolor>
							<label>$INFO[ListItem.Year]</label>
						</control>
					</focusedlayout>
				</control>

				<!-- Keywords -->
				<control type="panel" id="950">
					<left>24</left>
					<top>24</top>
					<onup>noop</onup>
					<ondown>noop</ondown>
					<onright>noop</onright>
					<onleft>300</onleft>
					<scrolltime>100</scrolltime>		
					<visible>StringCompare(Container(300).ListItem.Property(MenuID),Keywords) + !Container(950).IsUpdating"</visible>
					<animation effect="fade" start="0" end="100" time="100" reversible="true">VisibleChange</animation>	

					<include name="PanelSize" condition="StringCompare(Window(Home).Property(DialogPos),LEFT) | StringCompare(Window(Home).Property(DialogPos),RIGHT)">
						<param name="width" value="612" />
						<param name="height" value="664" />
						<param name="orientation" value="vertical" />
					</include>	

					<include name="PanelSize" condition="StringCompare(Window(Home).Property(DialogPos),TOP) | StringCompare(Window(Home).Property(DialogPos),BOTTOM)">
						<param name="width" value="1224" />
						<param name="height" value="332" />
						<param name="orientation" value="horizontal" />
					</include>						

					<itemlayout width="612" height="51">
						<control type="label">
							<top>0</top>
							<left>0</left>
							<width>588</width>
							<height>50</height>
							<align>center</align>
							<font>Font27</font>
							<scroll>True</scroll>
							<textcolor>$INFO[Skin.String(Color.DIATxtNF)]</textcolor>
							<label>[B]$INFO[ListItem.Label2][/B] $INFO[ListItem.Label]</label>
							<visible>!IsEmpty(ListItem.Label)</visible>
						</control>
					</itemlayout>

					<focusedlayout width="612" height="51">
						<control type="label">
							<top>0</top>
							<left>0</left>
							<width>588</width>
							<height>50</height>
							<align>center</align>
							<font>Font27</font>
							<scroll>True</scroll>
							<textcolor>$VAR[CategoryColor3]</textcolor>
							<label>[B]$INFO[ListItem.Label2][/B] $INFO[ListItem.Label]</label>
							<visible>!IsEmpty(ListItem.Label)</visible>
						</control>
					</focusedlayout>
				</control>

				<!-- Reviews -->
				<control type="panel" id="1050">
					<left>24</left>
					<top>24</top>
					<onup>noop</onup>
					<ondown>noop</ondown>
					<onright>noop</onright>
					<onleft>300</onleft>
					<scrolltime>100</scrolltime>		
					<visible>StringCompare(Container(300).ListItem.Property(MenuID),Reviews) + !Container(1050).IsUpdating"</visible>
					<animation effect="fade" start="0" end="100" time="100" reversible="true">VisibleChange</animation>	

					<include name="PanelSize" condition="StringCompare(Window(Home).Property(DialogPos),LEFT) | StringCompare(Window(Home).Property(DialogPos),RIGHT)">
						<param name="width" value="612" />
						<param name="height" value="664" />
						<param name="orientation" value="vertical" />
					</include>	

					<include name="PanelSize" condition="StringCompare(Window(Home).Property(DialogPos),TOP) | StringCompare(Window(Home).Property(DialogPos),BOTTOM)">
						<param name="width" value="1224" />
						<param name="height" value="332" />
						<param name="orientation" value="horizontal" />
					</include>						

					<itemlayout width="612" height="332">			
						<control type="label">
							<left>0</left>
							<top>0</top>
							<width>588</width>
							<height>60</height>
							<font>Font25</font>
							<align>center</align>
							<textcolor>$INFO[Skin.String(Color.DIATitle)]</textcolor>
							<label>$INFO[ListItem.Property(Author)]</label>
						</control>
						<control type="textbox">
							<left>24</left>
							<top>84</top>
							<width>588</width>
							<height>224</height>
							<font>FontSmall</font>
							<align>center</align>
							<textcolor>$INFO[Skin.String(Color.DIATxtNF)]</textcolor>
							<label>$INFO[ListItem.Property(Content)]</label>
						</control>
					</itemlayout>

					<focusedlayout width="612" height="332">
						<control type="label">
							<left>0</left>
							<top>0</top>
							<width>588</width>
							<height>60</height>
							<font>Font25</font>
							<align>center</align>
							<textcolor>$VAR[CategoryColor3]</textcolor>
							<label>$INFO[ListItem.Property(Author)]</label>
						</control>
						<control type="textbox">
							<left>24</left>
							<top>84</top>
							<width>588</width>
							<height>224</height>
							<font>FontSmall</font>
							<align>center</align>
							<textcolor>$VAR[CategoryColor3]</textcolor>
							<label>$INFO[ListItem.Property(Content)]</label>
						</control>
					</focusedlayout>
				</control>

			</control>

			<!-- Bloc 3 -->
			<control type="group">
				<left>$PARAM[DIAB3PosX]</left>
				<top>$PARAM[DIAB3PosY]</top>
				<height>356</height>
				<width>636</width>

				<control type="image">
					<top>24</top>
					<left>24</left>
					<height>308</height>
					<width>588</width>							
					<texture colordiffuse="$INFO[Skin.String(Color.DIATxtNF)]">$INFO[ListItem.Icon]</texture>
					<aspectratio aligny="center">keep</aspectratio>
					<visible>StringCompare(Container(300).ListItem.Label,$LOCALIZE[33061]) + SubString(ListItem.Icon,Default)</visible>
				</control>			
				<control type="image">
					<top>24</top>
					<left>24</left>
					<height>308</height>
					<width>588</width>							
					<texture colordiffuse="FFFFFFFF">$INFO[ListItem.Icon]</texture>
					<aspectratio aligny="center">keep</aspectratio>
					<visible>StringCompare(Container(300).ListItem.Label,$LOCALIZE[33061]) + !Window.IsVisible(10142) + !SubString(ListItem.Icon,Default)</visible>
				</control>				
				<control type="image">
					<top>24</top>
					<left>24</left>
					<height>308</height>
					<width>588</width>							
					<texture colordiffuse="FFFFFFFF">$INFO[Player.Art(thumb)]</texture>
					<aspectratio aligny="center">keep</aspectratio>
					<visible>StringCompare(Container(300).ListItem.Label,$LOCALIZE[33061]) + Window.IsVisible(10142)</visible>
				</control>			

			</control>
		</control> 

	    <control type="button" id="51">
	        <visible allowhiddenfocus="true">false</visible>
	        <onright>Control.Move(50,1)</onright>
	        <onleft>Control.Move(50,-1)</onleft>
	        <onclick>RunScript(script.extendedinfo,info=extendedactorinfo,name=$INFO[Container(50).ListItem.Label])</onclick>
	    </control>
	</include>

</includes>