<?xml version="1.0" encoding="utf-8"?>
<window>
	<!-- systeminfo -->
	<backgroundcolor>0x00000000</backgroundcolor>
	<defaultcontrol always="true">300</defaultcontrol>
	<onload>SetProperty(SidebarPos,RIGHT,Home)</onload>
	<onload>SetProperty(DialogPos,LEFT,Home)</onload>
	<onload>Skin.SetString(DIA.View1.BBSidebar,RIGHT)</onload>
	<onload>Skin.SetString(DIA.View1.DIAPanel,LEFT)</onload>			
	<onload>Skin.SetString(HOM.View1.Name,Home Layout)</onload>
	<onload>Skin.SetString(TV.View1.Name,EPG - Locked)</onload>
	<onunload>ClearProperty(SidebarPos,Home)</onunload>
	<onunload>ClearProperty(DialogPos,Home)</onunload>
	<onunload>ClearProperty(DialogVisibility,Home)</onunload>

	<controls>

		<!-- Decorative Elements -->
		<control type="group">
			<!-- Background -->
			<include name="Wallpaper">
				<param name="CompPrefix" value="HOM.View1" />
			</include>

			<!-- Background -->
			<control type="image">
				<aspectratio>scale</aspectratio>
				<texture colordiffuse="$INFO[Skin.String(Color.SETBg)]">common/white.png</texture>
			</control>
			
			<!-- Left Panel Background -->
			<control type="image">
				<top>0</top>
				<left>0</left>
				<width>660</width>
				<height>1080</height>
				<aspectratio>scale</aspectratio>
				<texture colordiffuse="$INFO[Skin.String(Color.DIABg)]">common/white.png</texture>
			</control>
		</control>

		<control type="group">
			<animation effect="fade" start="100" end="0" time="100" delay="100" condition="!IsEmpty(Window(Home).Property(DialogVisibility))">Conditional</animation>

			<!-- Bloc 1 -->
			<control type="group">
				<left>12</left>
				<top>0</top>
				<height>356</height>
				<width>636</width>

				<control type="image">
					<left>24</left>
					<top>24</top>
					<width>588</width>
					<height>308</height>
					<aspectratio>keep</aspectratio>
					<texture background="true" colordiffuse="$INFO[Skin.String(Color.DIATxtNF)]">material/info1.png</texture>
				</control>

			</control>	

			<!-- Bloc 2 -->
			<control type="group">
				<left>12</left>
				<top>368</top>
				<height>356</height>
				<width>636</width>

				<control type="textbox" id="52">
					<left>24</left>
					<top>24</top>
					<width>588</width>
					<height>308</height>
					<font>Font27</font>
					<align>center</align>
					<aligny>center</aligny>
					<textcolor>$INFO[Skin.String(Color.DIATxtNF)]</textcolor>
					<animation effect="fade" start="100" end="0" time="0" condition="Window.IsVisible(selectdialog)">Conditional</animation>
				</control>

			</control>		

			<!-- Bloc 3 -->
			<control type="group">
				<left>12</left>
				<top>724</top>
				<height>356</height>
				<width>636</width>

				<!-- Heading -->
				<control type="label">
					<top>24</top>
					<left>24</left>
					<width>588</width>
					<height>48</height>
					<align>center</align>
					<aligny>top</aligny>
					<font>Font48</font>
					<label>$INFO[System.CurrentWindow]</label>
					<textcolor>$INFO[Skin.String(Color.DIATitle)]</textcolor>
					<animation effect="fade" start="100" end="0" time="0" condition="Window.IsVisible(selectdialog)">Conditional</animation>
				</control>		

				<!-- Settings level -->
				<control type="label" id="40">
					<top>80</top>
					<left>24</left>
					<width>588</width>
					<height>156</height>height>
					<align>center</align>
					<aligny>top</aligny>
					<font>Font27</font>
					<label>$VAR[DesignerInfo]</label>
					<textcolor>$INFO[Skin.String(Color.DIATxtNF)]</textcolor>
					<wrapmultiline>true</wrapmultiline>
				</control>	

				<!-- Button grouplist -->
				<control type="grouplist" id="9003">
					<right>24</right>
					<top>267</top>
					<width>588</width>
					<height>60</height>
					<itemgap>1</itemgap>
					<align>right</align>
					<onleft>noop</onleft>
					<onright>300</onright>
					<onup>noop</onup>
					<ondown>noop</ondown>
					<orientation>horizontal</orientation>

					<!-- Close -->
					<control type="button" id="9005">
						<width>auto</width>
						<height>60</height>
						<font>Font27</font>
						<align>center</align>
						<texturefocus colordiffuse="$VAR[CategoryColor3]">common/white.png</texturefocus>
						<texturenofocus colordiffuse="00FFFFFF">common/white.png</texturenofocus>
						<textcolor>$INFO[Skin.String(Color.DIATxtNF)]</textcolor>
						<focusedcolor>$INFO[Skin.String(Color.DIATxtF)]</focusedcolor>
						<disabledcolor>$INFO[Skin.String(Color.DIAInvalid)]</disabledcolor>
						<invalidcolor>$INFO[Skin.String(Color.DIAInvalid)]</invalidcolor>
						<label>15067</label>
						<onclick>Close</onclick>
						<onleft>noop</onleft>
						<onright>300</onright>
					</control>

				</control>

			</control>							

		</control>			

		<!-- Window Content-->
		<control type="group">

			<control type="label">
				<top>72</top>
				<left>752</left>
				<width>588</width>
				<height>12</height>
				<align>left</align>
				<font>Font36</font>
				<textcolor>$INFO[Skin.String(Color.SETTxt1NF)]</textcolor>
				<label>31125</label>
			</control>			

			<!-- Main list -->
			<control type="grouplist" id="300">
				<top>123</top>
				<left>752</left>
				<height>258</height>
				<width>1086</width>
				<itemgap>6</itemgap>
				<onright>noop</onright>
				<onleft>9003</onleft>
				<onup>noop</onup>
				<ondown>5</ondown>
				<onback>9003</onback>
				<orientation>horizontal</orientation>
				<usecontrolcoords>true</usecontrolcoords>
				<visible>true</visible>

				<!-- Summary -->				
				<control type="button" id="95">
					<label>20037</label>
					<width>auto</width>
					<height>120</height>
					<font>FontSmall</font>
					<texturefocus colordiffuse="$INFO[Skin.String(Color.SETItemF)]">common/white.png</texturefocus>
					<texturenofocus colordiffuse="$INFO[Skin.String(Color.SETItemNF)]">common/white.png</texturenofocus>
					<textwidth min="100" max="400">auto</textwidth>
					<textoffsetx>36</textoffsetx>
					<textcolor fallback="FF666666">$INFO[Skin.String(Color.SETTxt2NF)]</textcolor>
					<focusedcolor fallback="FFFFFFFF">$INFO[Skin.String(Color.SETTxt1F)]</focusedcolor>
					<invalidcolor fallback="FFCCCCCC">$INFO[Skin.String(Color.SETTxt2NF)]</invalidcolor>
					<disabledcolor fallback="FFCCCCCC">$INFO[Skin.String(Color.SETTxt2NF)]</disabledcolor>
				</control>		

				<!-- Storage -->				
				<control type="button" id="94">
					<label>13277</label>
					<width>auto</width>
					<height>120</height>
					<font>FontSmall</font>
					<texturefocus colordiffuse="$INFO[Skin.String(Color.SETItemF)]">common/white.png</texturefocus>
					<texturenofocus colordiffuse="$INFO[Skin.String(Color.SETItemNF)]">common/white.png</texturenofocus>
					<textwidth min="100" max="400">auto</textwidth>
					<textoffsetx>36</textoffsetx>
					<textcolor fallback="FF666666">$INFO[Skin.String(Color.SETTxt2NF)]</textcolor>
					<focusedcolor fallback="FFFFFFFF">$INFO[Skin.String(Color.SETTxt1F)]</focusedcolor>
					<invalidcolor fallback="FFCCCCCC">$INFO[Skin.String(Color.SETTxt2NF)]</invalidcolor>
					<disabledcolor fallback="FFCCCCCC">$INFO[Skin.String(Color.SETTxt2NF)]</disabledcolor>
				</control>	

				<!-- Network -->				
				<control type="button" id="96">
					<label>13279</label>
					<width>auto</width>
					<height>120</height>
					<font>FontSmall</font>
					<texturefocus colordiffuse="$INFO[Skin.String(Color.SETItemF)]">common/white.png</texturefocus>
					<texturenofocus colordiffuse="$INFO[Skin.String(Color.SETItemNF)]">common/white.png</texturenofocus>
					<textwidth min="100" max="400">auto</textwidth>
					<textoffsetx>36</textoffsetx>
					<textcolor fallback="FF666666">$INFO[Skin.String(Color.SETTxt2NF)]</textcolor>
					<focusedcolor fallback="FFFFFFFF">$INFO[Skin.String(Color.SETTxt1F)]</focusedcolor>
					<invalidcolor fallback="FFCCCCCC">$INFO[Skin.String(Color.SETTxt2NF)]</invalidcolor>
					<disabledcolor fallback="FFCCCCCC">$INFO[Skin.String(Color.SETTxt2NF)]</disabledcolor>
				</control>					

				<!-- Video -->				
				<control type="button" id="97">
					<label>13280</label>
					<width>auto</width>
					<height>120</height>
					<font>FontSmall</font>
					<texturefocus colordiffuse="$INFO[Skin.String(Color.SETItemF)]">common/white.png</texturefocus>
					<texturenofocus colordiffuse="$INFO[Skin.String(Color.SETItemNF)]">common/white.png</texturenofocus>
					<textwidth min="100" max="400">auto</textwidth>
					<textoffsetx>36</textoffsetx>
					<textcolor fallback="FF666666">$INFO[Skin.String(Color.SETTxt2NF)]</textcolor>
					<focusedcolor fallback="FFFFFFFF">$INFO[Skin.String(Color.SETTxt1F)]</focusedcolor>
					<invalidcolor fallback="FFCCCCCC">$INFO[Skin.String(Color.SETTxt2NF)]</invalidcolor>
					<disabledcolor fallback="FFCCCCCC">$INFO[Skin.String(Color.SETTxt2NF)]</disabledcolor>
				</control>		

				<!-- HardWare -->				
				<control type="button" id="98">
					<label>13281</label>
					<width>auto</width>
					<height>120</height>
					<font>FontSmall</font>
					<texturefocus colordiffuse="$INFO[Skin.String(Color.SETItemF)]">common/white.png</texturefocus>
					<texturenofocus colordiffuse="$INFO[Skin.String(Color.SETItemNF)]">common/white.png</texturenofocus>
					<textwidth min="100" max="400">auto</textwidth>
					<textoffsetx>36</textoffsetx>
					<textcolor fallback="FF666666">$INFO[Skin.String(Color.SETTxt2NF)]</textcolor>
					<focusedcolor fallback="FFFFFFFF">$INFO[Skin.String(Color.SETTxt1F)]</focusedcolor>
					<invalidcolor fallback="FFCCCCCC">$INFO[Skin.String(Color.SETTxt2NF)]</invalidcolor>
					<disabledcolor fallback="FFCCCCCC">$INFO[Skin.String(Color.SETTxt2NF)]</disabledcolor>
				</control>		

				<!-- PVR -->				
				<control type="button" id="99">
					<label>19191</label>
					<width>auto</width>
					<height>120</height>
					<font>FontSmall</font>
					<texturefocus colordiffuse="$INFO[Skin.String(Color.SETItemF)]">common/white.png</texturefocus>
					<texturenofocus colordiffuse="$INFO[Skin.String(Color.SETItemNF)]">common/white.png</texturenofocus>
					<textwidth min="100" max="400">auto</textwidth>
					<textoffsetx>36</textoffsetx>
					<textcolor fallback="FF666666">$INFO[Skin.String(Color.SETTxt2NF)]</textcolor>
					<focusedcolor fallback="FFFFFFFF">$INFO[Skin.String(Color.SETTxt1F)]</focusedcolor>
					<invalidcolor fallback="FFCCCCCC">$INFO[Skin.String(Color.SETTxt2NF)]</invalidcolor>
					<disabledcolor fallback="FFCCCCCC">$INFO[Skin.String(Color.SETTxt2NF)]</disabledcolor>
				</control>						

			</control>

			<!-- Sub list -->
			<control type="grouplist" id="301">
				<left>752</left>
				<top>326</top>
				<width>1086</width>
				<height>676</height>
				<itemgap>1</itemgap>
				<onleft>9003</onleft>
				<onright>noop</onright>
				<onup>3</onup>
				<ondown>noop</ondown>
				<onback>3</onback>
				<orientation>vertical</orientation>
				<visible allowhiddenfocus="true">true</visible>

				<control type="button" id="101">
					<label>$INFO[Control.GetLabel(2)]</label>
					<width>1086</width>
					<height>60</height>
					<font>Font27</font>
					<texturefocus colordiffuse="$INFO[Skin.String(Color.SETItemF)]">common/white.png</texturefocus>
					<texturenofocus colordiffuse="00FFFFFF">common/white.png</texturenofocus>
					<textwidth>auto</textwidth>
					<textoffsetx>24</textoffsetx>
					<textcolor fallback="FF666666">$INFO[Skin.String(Color.SETTxt1NF)]</textcolor>
					<focusedcolor fallback="FFFFFFFF">$INFO[Skin.String(Color.SETTxt1F)]</focusedcolor>
					<invalidcolor fallback="FFCCCCCC">$INFO[Skin.String(Color.SETTxt2NF)]</invalidcolor>
					<disabledcolor fallback="FFCCCCCC">$INFO[Skin.String(Color.SETTxt2NF)]</disabledcolor>
				</control>

				<control type="button" id="102">
					<label>$INFO[Control.GetLabel(3)]</label>
					<width>1086</width>
					<height>60</height>
					<font>Font27</font>
					<texturefocus colordiffuse="$INFO[Skin.String(Color.SETItemF)]">common/white.png</texturefocus>
					<texturenofocus colordiffuse="00FFFFFF">common/white.png</texturenofocus>
					<textwidth>auto</textwidth>
					<textoffsetx>24</textoffsetx>
					<textcolor fallback="FF666666">$INFO[Skin.String(Color.SETTxt1NF)]</textcolor>
					<focusedcolor fallback="FFFFFFFF">$INFO[Skin.String(Color.SETTxt1F)]</focusedcolor>
					<invalidcolor fallback="FFCCCCCC">$INFO[Skin.String(Color.SETTxt2NF)]</invalidcolor>
					<disabledcolor fallback="FFCCCCCC">$INFO[Skin.String(Color.SETTxt2NF)]</disabledcolor>
				</control>

				<control type="button" id="103">
					<label>$INFO[Control.GetLabel(4)]</label>
					<width>1086</width>
					<height>60</height>
					<font>Font27</font>
					<texturefocus colordiffuse="$INFO[Skin.String(Color.SETItemF)]">common/white.png</texturefocus>
					<texturenofocus colordiffuse="00FFFFFF">common/white.png</texturenofocus>
					<textwidth>auto</textwidth>
					<textoffsetx>24</textoffsetx>
					<textcolor fallback="FF666666">$INFO[Skin.String(Color.SETTxt1NF)]</textcolor>
					<focusedcolor fallback="FFFFFFFF">$INFO[Skin.String(Color.SETTxt1F)]</focusedcolor>
					<invalidcolor fallback="FFCCCCCC">$INFO[Skin.String(Color.SETTxt2NF)]</invalidcolor>
					<disabledcolor fallback="FFCCCCCC">$INFO[Skin.String(Color.SETTxt2NF)]</disabledcolor>
				</control>

				<control type="button" id="104">
					<label>$INFO[Control.GetLabel(5)]</label>
					<width>1086</width>
					<height>60</height>
					<font>Font27</font>
					<texturefocus colordiffuse="$INFO[Skin.String(Color.SETItemF)]">common/white.png</texturefocus>
					<texturenofocus colordiffuse="00FFFFFF">common/white.png</texturenofocus>
					<textwidth>auto</textwidth>
					<textoffsetx>24</textoffsetx>
					<textcolor fallback="FF666666">$INFO[Skin.String(Color.SETTxt1NF)]</textcolor>
					<focusedcolor fallback="FFFFFFFF">$INFO[Skin.String(Color.SETTxt1F)]</focusedcolor>
					<invalidcolor fallback="FFCCCCCC">$INFO[Skin.String(Color.SETTxt2NF)]</invalidcolor>
					<disabledcolor fallback="FFCCCCCC">$INFO[Skin.String(Color.SETTxt2NF)]</disabledcolor>
				</control>

				<control type="button" id="105">
					<label>$INFO[Control.GetLabel(6)]</label>
					<width>1086</width>
					<height>60</height>
					<font>Font27</font>
					<texturefocus colordiffuse="$INFO[Skin.String(Color.SETItemF)]">common/white.png</texturefocus>
					<texturenofocus colordiffuse="00FFFFFF">common/white.png</texturenofocus>
					<textwidth>auto</textwidth>
					<textoffsetx>24</textoffsetx>
					<textcolor fallback="FF666666">$INFO[Skin.String(Color.SETTxt1NF)]</textcolor>
					<focusedcolor fallback="FFFFFFFF">$INFO[Skin.String(Color.SETTxt1F)]</focusedcolor>
					<invalidcolor fallback="FFCCCCCC">$INFO[Skin.String(Color.SETTxt2NF)]</invalidcolor>
					<disabledcolor fallback="FFCCCCCC">$INFO[Skin.String(Color.SETTxt2NF)]</disabledcolor>
				</control>

				<control type="button" id="106">
					<label>$INFO[Control.GetLabel(7)]</label>
					<width>1086</width>
					<height>60</height>
					<font>Font27</font>
					<texturefocus colordiffuse="$INFO[Skin.String(Color.SETItemF)]">common/white.png</texturefocus>
					<texturenofocus colordiffuse="00FFFFFF">common/white.png</texturenofocus>
					<textwidth>auto</textwidth>
					<textoffsetx>24</textoffsetx>
					<textcolor fallback="FF666666">$INFO[Skin.String(Color.SETTxt1NF)]</textcolor>
					<focusedcolor fallback="FFFFFFFF">$INFO[Skin.String(Color.SETTxt1F)]</focusedcolor>
					<invalidcolor fallback="FFCCCCCC">$INFO[Skin.String(Color.SETTxt2NF)]</invalidcolor>
					<disabledcolor fallback="FFCCCCCC">$INFO[Skin.String(Color.SETTxt2NF)]</disabledcolor>
				</control>

				<control type="button" id="107">
					<label>$INFO[Control.GetLabel(8)]</label>
					<width>1086</width>
					<height>60</height>
					<font>Font27</font>
					<texturefocus colordiffuse="$INFO[Skin.String(Color.SETItemF)]">common/white.png</texturefocus>
					<texturenofocus colordiffuse="00FFFFFF">common/white.png</texturenofocus>
					<textwidth>auto</textwidth>
					<textoffsetx>24</textoffsetx>
					<textcolor fallback="FF666666">$INFO[Skin.String(Color.SETTxt1NF)]</textcolor>
					<focusedcolor fallback="FFFFFFFF">$INFO[Skin.String(Color.SETTxt1F)]</focusedcolor>
					<invalidcolor fallback="FFCCCCCC">$INFO[Skin.String(Color.SETTxt2NF)]</invalidcolor>
					<disabledcolor fallback="FFCCCCCC">$INFO[Skin.String(Color.SETTxt2NF)]</disabledcolor>
				</control>

				<control type="button" id="108">
					<label>$INFO[Control.GetLabel(9)]</label>
					<width>1086</width>
					<height>60</height>
					<font>Font27</font>
					<texturefocus colordiffuse="$INFO[Skin.String(Color.SETItemF)]">common/white.png</texturefocus>
					<texturenofocus colordiffuse="00FFFFFF">common/white.png</texturenofocus>
					<textwidth>auto</textwidth>
					<textoffsetx>24</textoffsetx>
					<textcolor fallback="FF666666">$INFO[Skin.String(Color.SETTxt1NF)]</textcolor>
					<focusedcolor fallback="FFFFFFFF">$INFO[Skin.String(Color.SETTxt1F)]</focusedcolor>
					<invalidcolor fallback="FFCCCCCC">$INFO[Skin.String(Color.SETTxt2NF)]</invalidcolor>
					<disabledcolor fallback="FFCCCCCC">$INFO[Skin.String(Color.SETTxt2NF)]</disabledcolor>
				</control>

				<control type="button" id="109">
					<label>$INFO[Control.GetLabel(10)]</label>
					<width>1086</width>
					<height>60</height>
					<font>Font27</font>
					<texturefocus colordiffuse="$INFO[Skin.String(Color.SETItemF)]">common/white.png</texturefocus>
					<texturenofocus colordiffuse="00FFFFFF">common/white.png</texturenofocus>
					<textwidth>auto</textwidth>
					<textoffsetx>24</textoffsetx>
					<textcolor fallback="FF666666">$INFO[Skin.String(Color.SETTxt1NF)]</textcolor>
					<focusedcolor fallback="FFFFFFFF">$INFO[Skin.String(Color.SETTxt1F)]</focusedcolor>
					<invalidcolor fallback="FFCCCCCC">$INFO[Skin.String(Color.SETTxt2NF)]</invalidcolor>
					<disabledcolor fallback="FFCCCCCC">$INFO[Skin.String(Color.SETTxt2NF)]</disabledcolor>
				</control>

				<control type="button" id="110">
					<label>$INFO[Control.GetLabel(11)]</label>
					<width>1086</width>
					<height>60</height>
					<font>Font27</font>
					<texturefocus colordiffuse="$INFO[Skin.String(Color.SETItemF)]">common/white.png</texturefocus>
					<texturenofocus colordiffuse="00FFFFFF">common/white.png</texturenofocus>
					<textwidth>auto</textwidth>
					<textoffsetx>24</textoffsetx>
					<textcolor fallback="FF666666">$INFO[Skin.String(Color.SETTxt1NF)]</textcolor>
					<focusedcolor fallback="FFFFFFFF">$INFO[Skin.String(Color.SETTxt1F)]</focusedcolor>
					<invalidcolor fallback="FFCCCCCC">$INFO[Skin.String(Color.SETTxt2NF)]</invalidcolor>
					<disabledcolor fallback="FFCCCCCC">$INFO[Skin.String(Color.SETTxt2NF)]</disabledcolor>
				</control>

			</control>			

		</control>		
		
		<control type="label" id="2">
			<font>-</font>
		</control>
		<control type="label" id="3">
			<font>-</font>
		</control>
		<control type="label" id="4">
			<font>-</font>
		</control>
		<control type="label" id="5">
			<font>-</font>
		</control>
		<control type="label" id="6">
			<font>-</font>
		</control>
		<control type="label" id="7">
			<font>-</font>
		</control>
		<control type="label" id="8">
			<font>-</font>
		</control>
		<control type="label" id="9">
			<font>-</font>
		</control>
		<control type="label" id="10">
			<font>-</font>
		</control>
		<control type="label" id="11">
			<font>-</font>
		</control>
		<control type="label" id="52">
			<font>-</font>
		</control>

	</controls>

</window>