<?xml version="1.0" encoding="utf-8"?>
<window>
	<!-- KOver custom settings -->
	<onload condition="IsEmpty(Skin.String(KOverInit))">Back</onload>	
	<backgroundcolor>0x00000000</backgroundcolor>
	<defaultcontrol always="true">9000</defaultcontrol>
	<onload>SetProperty(SidebarPos,RIGHT,Home)</onload>
	<onload>SetProperty(DialogPos,LEFT,Home)</onload>
	<onload>Skin.SetString(DIA.View1.BBSidebar,RIGHT)</onload>
	<onload>Skin.SetString(DIA.View1.DIAPanel,LEFT)</onload>			
	<onload>Skin.SetString(HOM.View1.Name,Home Layout)</onload>
	<onload>Skin.SetString(TV.View1.Name,EPG - Locked)</onload>
	<onunload>ClearProperty(SidebarPos,Home)</onunload>
	<onunload>ClearProperty(DialogPos,Home)</onunload>
	<onunload>ClearProperty(DialogVisibility,Home)</onunload>

	<controls>

		<!-- Decorative Elements -->
		<control type="group">
			<!-- Background -->
			<include name="Wallpaper">
				<param name="CompPrefix" value="HOM.View1" />
			</include>

			<!-- Background -->
			<control type="image">
				<aspectratio>scale</aspectratio>
				<texture colordiffuse="$INFO[Skin.String(Color.SETBg)]">common/white.png</texture>
			</control>

			<!-- Left Panel Background -->
			<control type="image">
				<top>0</top>
				<left>0</left>
				<width>660</width>
				<height>1080</height>
				<aspectratio>scale</aspectratio>
				<texture colordiffuse="$INFO[Skin.String(Color.DIABg)]">common/white.png</texture>
			</control>				
		
		</control>

		<control type="group">
			<animation effect="fade" start="100" end="0" time="100" delay="100" condition="Window.IsVisible(script-skinshortcuts.xml) | !IsEmpty(Window(Home).Property(DialogVisibility))">Conditional</animation>

			<!-- Bloc 1 -->
			<control type="group">
				<left>12</left>
				<top>0</top>
				<height>356</height>
				<width>636</width>

				<control type="image">
					<left>24</left>
					<top>24</top>
					<width>588</width>
					<height>308</height>
					<aspectratio>keep</aspectratio>
					<texture background="true" colordiffuse="$INFO[Skin.String(Color.DIATxtNF)]">material/Paint.png</texture>
				</control>

			</control>	

			<!-- Bloc 2 -->
			<control type="group">
				<left>12</left>
				<top>368</top>
				<height>356</height>
				<width>636</width>

				<control type="textbox">
					<label>$VAR[SettingsInfos]</label>
					<left>24</left>
					<top>24</top>
					<width>588</width>
					<height>308</height>
					<font>Font27</font>
					<align>center</align>
					<aligny>center</aligny>
					<textcolor>$INFO[Skin.String(Color.DIATxtNF)]</textcolor>
					<animation effect="fade" start="100" end="0" time="0" condition="Window.IsVisible(selectdialog)">Conditional</animation>
				</control>

			</control>		

			<!-- Bloc 3 -->
			<control type="group">
				<left>12</left>
				<top>724</top>
				<height>356</height>
				<width>636</width>

				<!-- Heading -->
				<control type="label">
					<top>24</top>
					<left>24</left>
					<width>588</width>
					<height>48</height>
					<align>center</align>
					<aligny>top</aligny>
					<font>Font48</font>
					<label>20077</label>
					<textcolor>$INFO[Skin.String(Color.DIATitle)]</textcolor>
					<animation effect="fade" start="100" end="0" time="0" condition="Window.IsVisible(selectdialog)">Conditional</animation>
				</control>		

				<!-- Settings level -->
				<control type="button" id="20"> 
					<top>80</top>
					<left>24</left>
					<width>588</width>
					<height>156</height>
					<align>center</align>
					<aligny>top</aligny>
					<font>Font27</font>
					<onright>noop</onright> 
					<onup>noop</onup> 
					<ondown>noop</ondown> 
					<onclick>SettingsLevelChange</onclick> 
					<textcolor>$INFO[Skin.String(Color.DIATxtNF)]</textcolor> 
					<focusedcolor>$INFO[Skin.String(Color.DIATxtNF)]</focusedcolor> 
					<invalidcolor>$INFO[Skin.String(Color.DIATxtNF)]</invalidcolor> 
					<disabledcolor>$INFO[Skin.String(Color.DIATxtNF)]</disabledcolor> 
					<visible allowhiddenfocus="true"></visible> 
				</control> 		

				<!-- Button grouplist -->
				<control type="grouplist" id="9006">
					<right>24</right>
					<top>267</top>
					<width>588</width>
					<height>60</height>
					<itemgap>1</itemgap>
					<align>right</align>
					<onleft>noop</onleft>
					<onright>9000</onright>
					<onup>9000</onup>
					<ondown>noop</ondown>
					<orientation>horizontal</orientation>

					<!-- Close -->
					<control type="button" id="9005">
						<width>auto</width>
						<height>60</height>
						<font>Font27</font>
						<align>center</align>
						<texturefocus colordiffuse="$VAR[CategoryColor3]">common/white.png</texturefocus>
						<texturenofocus colordiffuse="00FFFFFF">common/white.png</texturenofocus>
						<textcolor>$INFO[Skin.String(Color.DIATxtNF)]</textcolor>
						<focusedcolor>$INFO[Skin.String(Color.DIATxtF)]</focusedcolor>
						<disabledcolor>$INFO[Skin.String(Color.DIAInvalid)]</disabledcolor>
						<invalidcolor>$INFO[Skin.String(Color.DIAInvalid)]</invalidcolor>
						<label>15067</label>
						<onclick>Close</onclick>
						<onup>9000</onup>
						<onleft>noop</onleft>
						<onright>9000</onright>
					</control>

				</control>

			</control>							

		</control>				

		<!-- Window Content-->
		<control type="group">

			<control type="label">
				<top>72</top>
				<left>752</left>
				<width>588</width>
				<height>12</height>
				<align>left</align>
				<font>Font36</font>
				<textcolor>$INFO[Skin.String(Color.SETTxt1NF)]</textcolor>
				<label>31125</label>
			</control>			

			<!-- Main list -->
			<control type="list" id="9000">
				<top>123</top>
				<left>752</left>
				<height>258</height>
				<width>1086</width>
				<itemgap>6</itemgap>
				<ondown condition="Control.IsVisible(9100)">9100</ondown>
				<ondown condition="Control.IsVisible(9200)">9200</ondown>
				<ondown condition="Control.IsVisible(9300)">9300</ondown>
				<ondown condition="Control.IsVisible(9400)">9400</ondown>
				<onleft>9006</onleft>
				<orientation>horizontal</orientation>
				<usecontrolcoords>true</usecontrolcoords>
				<visible allowhiddenfocus="true">true</visible>

				<itemlayout width="200" height="120">
					<control type="image">
						<width>194</width>
						<texture colordiffuse="$INFO[Skin.String(Color.SETItemNF)]">common/white.png</texture>
					</control>
					<control type="label">
						<height>120</height>
						<width>194</width>
						<label>$INFO[ListItem.Label]</label>
						<font>FontSmall</font>
						<textcolor>$INFO[Skin.String(Color.SETTxt2NF)]</textcolor>
						<align>center</align>
						<aligny>center</aligny>
					</control>
				</itemlayout>

				<focusedlayout width="200" height="120">
					<control type="image">
						<width>194</width>
						<texture colordiffuse="$INFO[Skin.String(Color.SETItemF)]">common/white.png</texture>
						<animation effect="fade" start="100" end="50" time="0" condition="ControlGroup(9100).HasFocus() | ControlGroup(9200).HasFocus() | ControlGroup(9300).HasFocus()">Conditional</animation>
					</control>
					<control type="label">
						<height>120</height>
						<width>194</width>
						<label>$INFO[ListItem.Label]</label>
						<font>FontSmall</font>
						<textcolor>$INFO[Skin.String(Color.SETTxt1F)]</textcolor>
						<align>center</align>
						<aligny>center</aligny>
					</control>
				</focusedlayout>

				<content>
					<item>
						<label>31007</label>
						<onclick>noop</onclick>
						<label2>31500</label2>
					</item>
					<item>
						<label>31150</label>
						<onclick>noop</onclick>
						<label2>31501</label2>
					</item>
					<item>
						<label>31151</label>
						<onclick>noop</onclick>
						<label2>31502</label2>
					</item>
					<item>
						<label>31200</label>
						<onclick>noop</onclick>
						<label2>31503</label2>
					</item>
				</content>
			</control>					

			<!-- Sub list General -->
			<control type="grouplist" id="9100">
				<left>752</left>
				<top>326</top>
				<width>1086</width>
				<height>660</height>
				<onleft>9006</onleft>
				<onright>Control.Move(9000,1)</onright>
				<onright>Control.SetFocus(9200,0)</onright>
				<onup>9000</onup>
				<ondown>noop</ondown>
				<orientation>vertical</orientation>
				<visible allowhiddenfocus="true">StringCompare(Container(9000).ListItem.Label,$LOCALIZE[31007])</visible>

				<!-- Edit Home Menu -->
				<control type="button" id="9101">
					<label>31149</label>
					<width>1086</width>
					<height>60</height>
					<font>Font27</font>
					<texturefocus colordiffuse="$INFO[Skin.String(Color.SETItemF)]">common/white.png</texturefocus>
					<texturenofocus colordiffuse="00FFFFFF">common/white.png</texturenofocus>
					<textwidth>auto</textwidth>
					<textoffsetx>24</textoffsetx>
					<textcolor fallback="FF666666">$INFO[Skin.String(Color.SETTxt1NF)]</textcolor>
					<focusedcolor fallback="FFFFFFFF">$INFO[Skin.String(Color.SETTxt1F)]</focusedcolor>
					<invalidcolor fallback="FFCCCCCC">$INFO[Skin.String(Color.SETTxt2NF)]</invalidcolor>
					<disabledcolor fallback="FFCCCCCC">$INFO[Skin.String(Color.SETTxt2NF)]</disabledcolor>
					<onclick>RunScript(script.skinshortcuts,type=manage&amp;group=mainmenu)</onclick>
				</control>				

				<!-- Separator -->
				<control type="image" id="9102">
					<width>1086</width>
					<height>60</height>
					<texture colordiffuse="$INFO[Skin.String(Color.SETItemNF)]">common/divider.png</texture>
				</control>				

				<!-- Enable PVR thumbs -->
				<control type="radiobutton" id="9103">
					<label>31152</label>
					<label></label>
					<width>1086</width>
					<height>60</height>
					<font>Font27</font>
					<textwidth>auto</textwidth>
					<textoffsetx>24</textoffsetx>
					<texturefocus colordiffuse="$INFO[Skin.String(Color.SETItemF)]">common/white.png</texturefocus>
					<texturenofocus colordiffuse="00FFFFFF">common/white.png</texturenofocus>
					<textureradioonfocus colordiffuse="$INFO[Skin.String(Color.SETTxt1F)]">material/radioon.png</textureradioonfocus>
					<textureradioonnofocus colordiffuse="$INFO[Skin.String(Color.SETItemF)]">material/radioon.png</textureradioonnofocus>
					<textureradioofffocus colordiffuse="$INFO[Skin.String(Color.SETTxt1F)]">material/radiooff.png</textureradioofffocus>
					<textureradiooffnofocus colordiffuse="$INFO[Skin.String(Color.SETItemF)]">material/radiooff.png</textureradiooffnofocus>
					<radiowidth>30</radiowidth>
					<radioheight>30</radioheight>
					<textcolor fallback="FF666666">$INFO[Skin.String(Color.SETTxt1NF)]</textcolor>
					<focusedcolor fallback="FFFFFFFF">$INFO[Skin.String(Color.SETTxt1F)]</focusedcolor>
					<invalidcolor fallback="FFCCCCCC">$INFO[Skin.String(Color.SETTxt2NF)]</invalidcolor>
					<onclick>Skin.ToggleSetting(SkinHelper.EnablePVRThumbs)</onclick>
					<selected>Skin.HasSetting(SkinHelper.EnablePVRThumbs)</selected>
				</control>		

				<!-- Enable Designer -->
				<control type="radiobutton" id="9104">
					<label>31153</label>
					<width>1086</width>
					<height>60</height>
					<font>Font27</font>
					<textwidth>auto</textwidth>
					<textoffsetx>24</textoffsetx>
					<texturefocus colordiffuse="$INFO[Skin.String(Color.SETItemF)]">common/white.png</texturefocus>
					<texturenofocus colordiffuse="00FFFFFF">common/white.png</texturenofocus>
					<textureradioonfocus colordiffuse="$INFO[Skin.String(Color.SETTxt1F)]">material/radioon.png</textureradioonfocus>
					<textureradioonnofocus colordiffuse="$INFO[Skin.String(Color.SETItemF)]">material/radioon.png</textureradioonnofocus>
					<textureradioofffocus colordiffuse="$INFO[Skin.String(Color.SETTxt1F)]">material/radiooff.png</textureradioofffocus>
					<textureradiooffnofocus colordiffuse="$INFO[Skin.String(Color.SETItemF)]">material/radiooff.png</textureradiooffnofocus>
					<radiowidth>30</radiowidth>
					<radioheight>30</radioheight>
					<textcolor fallback="FF666666">$INFO[Skin.String(Color.SETTxt1NF)]</textcolor>
					<focusedcolor fallback="FFFFFFFF">$INFO[Skin.String(Color.SETTxt1F)]</focusedcolor>
					<invalidcolor fallback="FFCCCCCC">$INFO[Skin.String(Color.SETTxt2NF)]</invalidcolor>
					<onclick>Skin.ToggleSetting(DesignerShow)</onclick>
					<selected>Skin.HasSetting(DesignerShow)</selected>
				</control>		

				<!-- Enable Color Tool -->
				<control type="radiobutton" id="9105">
					<label>31154</label>
					<width>1086</width>
					<height>60</height>
					<font>Font27</font>
					<textwidth>auto</textwidth>
					<textoffsetx>24</textoffsetx>
					<texturefocus colordiffuse="$INFO[Skin.String(Color.SETItemF)]">common/white.png</texturefocus>
					<texturenofocus colordiffuse="00FFFFFF">common/white.png</texturenofocus>
					<textureradioonfocus colordiffuse="$INFO[Skin.String(Color.SETTxt1F)]">material/radioon.png</textureradioonfocus>
					<textureradioonnofocus colordiffuse="$INFO[Skin.String(Color.SETItemF)]">material/radioon.png</textureradioonnofocus>
					<textureradioofffocus colordiffuse="$INFO[Skin.String(Color.SETTxt1F)]">material/radiooff.png</textureradioofffocus>
					<textureradiooffnofocus colordiffuse="$INFO[Skin.String(Color.SETItemF)]">material/radiooff.png</textureradiooffnofocus>
					<radiowidth>30</radiowidth>
					<radioheight>30</radioheight>
					<textcolor fallback="FF666666">$INFO[Skin.String(Color.SETTxt1NF)]</textcolor>
					<focusedcolor fallback="FFFFFFFF">$INFO[Skin.String(Color.SETTxt1F)]</focusedcolor>
					<invalidcolor fallback="FFCCCCCC">$INFO[Skin.String(Color.SETTxt2NF)]</invalidcolor>
					<onclick>Skin.ToggleSetting(ColortoolShow)</onclick>
					<selected>Skin.HasSetting(ColortoolShow)</selected>
				</control>	

				<!-- Enable Watched Flag -->
				<control type="radiobutton" id="9106">
					<label>31194</label>
					<width>1086</width>
					<height>60</height>
					<font>Font27</font>
					<textwidth>auto</textwidth>
					<textoffsetx>24</textoffsetx>
					<texturefocus colordiffuse="$INFO[Skin.String(Color.SETItemF)]">common/white.png</texturefocus>
					<texturenofocus colordiffuse="00FFFFFF">common/white.png</texturenofocus>
					<textureradioonfocus colordiffuse="$INFO[Skin.String(Color.SETTxt1F)]">material/radioon.png</textureradioonfocus>
					<textureradioonnofocus colordiffuse="$INFO[Skin.String(Color.SETItemF)]">material/radioon.png</textureradioonnofocus>
					<textureradioofffocus colordiffuse="$INFO[Skin.String(Color.SETTxt1F)]">material/radiooff.png</textureradioofffocus>
					<textureradiooffnofocus colordiffuse="$INFO[Skin.String(Color.SETItemF)]">material/radiooff.png</textureradiooffnofocus>
					<radiowidth>30</radiowidth>
					<radioheight>30</radioheight>
					<textcolor fallback="FF666666">$INFO[Skin.String(Color.SETTxt1NF)]</textcolor>
					<focusedcolor fallback="FFFFFFFF">$INFO[Skin.String(Color.SETTxt1F)]</focusedcolor>
					<invalidcolor fallback="FFCCCCCC">$INFO[Skin.String(Color.SETTxt2NF)]</invalidcolor>
					<onclick>Skin.ToggleSetting(WatchedFlag)</onclick>
					<selected>Skin.HasSetting(WatchedFlag)</selected>
				</control>	

				<!-- Set IdleFade timer -->
				<control type="button" id="9107">
					<label>31193</label>
					<label2>$INFO[Skin.String(IdleFade),,s]</label2>
					<width>1086</width>
					<height>60</height>
					<font>Font27</font>
					<textwidth>auto</textwidth>
					<textoffsetx>24</textoffsetx>
					<texturefocus colordiffuse="$INFO[Skin.String(Color.SETItemF)]">common/white.png</texturefocus>
					<texturenofocus colordiffuse="00FFFFFF">common/white.png</texturenofocus>
					<textureradioonfocus colordiffuse="$INFO[Skin.String(Color.SETTxt1F)]">material/radioon.png</textureradioonfocus>
					<textureradioonnofocus colordiffuse="$INFO[Skin.String(Color.SETItemF)]">material/radioon.png</textureradioonnofocus>
					<textureradioofffocus colordiffuse="$INFO[Skin.String(Color.SETTxt1F)]">material/radiooff.png</textureradioofffocus>
					<textureradiooffnofocus colordiffuse="$INFO[Skin.String(Color.SETItemF)]">material/radiooff.png</textureradiooffnofocus>
					<radiowidth>30</radiowidth>
					<radioheight>30</radioheight>
					<textcolor fallback="FF666666">$INFO[Skin.String(Color.SETTxt1NF)]</textcolor>
					<focusedcolor fallback="FFFFFFFF">$INFO[Skin.String(Color.SETTxt1F)]</focusedcolor>
					<invalidcolor fallback="FFCCCCCC">$INFO[Skin.String(Color.SETTxt2NF)]</invalidcolor>
					<onclick condition="Skin.String(IdleFade,25)">Skin.SetString(IdleFade,30)</onclick>
					<onclick condition="Skin.String(IdleFade,20)">Skin.SetString(IdleFade,25)</onclick>
					<onclick condition="Skin.String(IdleFade,15)">Skin.SetString(IdleFade,20)</onclick>
					<onclick condition="Skin.String(IdleFade,10)">Skin.SetString(IdleFade,15)</onclick>
					<onclick condition="Skin.String(IdleFade,5)">Skin.SetString(IdleFade,10)</onclick>
					<onclick condition="Skin.String(IdleFade,30) | IsEmpty(Skin.String(IdleFade))">Skin.SetString(IdleFade,5)</onclick>
				</control>	

				<!-- Separator -->
				<control type="image" id="9108">
					<width>1086</width>
					<height>60</height>
					<texture colordiffuse="$INFO[Skin.String(Color.SETItemNF)]">common/divider.png</texture>
					<visible>System.HasAddon(script.artistslideshow)</visible>
				</control>

				<!-- Enable Artist Slideshow -->
				<control type="radiobutton" id="9109">
					<label>31207</label>
					<width>1086</width>
					<height>60</height>
					<font>Font27</font>
					<textwidth>auto</textwidth>
					<textoffsetx>24</textoffsetx>
					<texturefocus colordiffuse="$INFO[Skin.String(Color.SETItemF)]">common/white.png</texturefocus>
					<texturenofocus colordiffuse="00FFFFFF">common/white.png</texturenofocus>
					<textureradioonfocus colordiffuse="$INFO[Skin.String(Color.SETTxt1F)]">material/radioon.png</textureradioonfocus>
					<textureradioonnofocus colordiffuse="$INFO[Skin.String(Color.SETItemF)]">material/radioon.png</textureradioonnofocus>
					<textureradioofffocus colordiffuse="$INFO[Skin.String(Color.SETTxt1F)]">material/radiooff.png</textureradioofffocus>
					<textureradiooffnofocus colordiffuse="$INFO[Skin.String(Color.SETItemF)]">material/radiooff.png</textureradiooffnofocus>
					<radiowidth>30</radiowidth>
					<radioheight>30</radioheight>
					<textcolor fallback="FF666666">$INFO[Skin.String(Color.SETTxt1NF)]</textcolor>
					<focusedcolor fallback="FFFFFFFF">$INFO[Skin.String(Color.SETTxt1F)]</focusedcolor>
					<invalidcolor fallback="FFCCCCCC">$INFO[Skin.String(Color.SETTxt2NF)]</invalidcolor>
					<visible>System.HasAddon(script.artistslideshow)</visible>
					<onclick>Skin.ToggleSetting(ArtistslideShow)</onclick>
					<selected>Skin.HasSetting(ArtistslideShow)</selected>
				</control>	

				<!-- Show visualisation over slideshow -->
				<control type="radiobutton" id="9110">
					<label>31208</label>
					<width>1086</width>
					<height>60</height>
					<font>Font27</font>
					<textwidth>auto</textwidth>
					<textoffsetx>24</textoffsetx>
					<texturefocus colordiffuse="$INFO[Skin.String(Color.SETItemF)]">common/white.png</texturefocus>
					<texturenofocus colordiffuse="00FFFFFF">common/white.png</texturenofocus>
					<textureradioonfocus colordiffuse="$INFO[Skin.String(Color.SETTxt1F)]">material/radioon.png</textureradioonfocus>
					<textureradioonnofocus colordiffuse="$INFO[Skin.String(Color.SETItemF)]">material/radioon.png</textureradioonnofocus>
					<textureradioofffocus colordiffuse="$INFO[Skin.String(Color.SETTxt1F)]">material/radiooff.png</textureradioofffocus>
					<textureradiooffnofocus colordiffuse="$INFO[Skin.String(Color.SETItemF)]">material/radiooff.png</textureradiooffnofocus>
					<radiowidth>30</radiowidth>
					<radioheight>30</radioheight>
					<textcolor fallback="FF666666">$INFO[Skin.String(Color.SETTxt1NF)]</textcolor>
					<focusedcolor fallback="FFFFFFFF">$INFO[Skin.String(Color.SETTxt1F)]</focusedcolor>
					<invalidcolor fallback="FFCCCCCC">$INFO[Skin.String(Color.SETTxt2NF)]</invalidcolor>
					<visible>Skin.HasSetting(ArtistslideShow) + System.HasAddon(script.artistslideshow)</visible>
					<onclick>Skin.ToggleSetting(VisualisationShow)</onclick>
					<selected>Skin.HasSetting(VisualisationShow)</selected>
				</control>	

				<!-- Separator -->
				<control type="image" id="9111">
					<width>1086</width>
					<height>60</height>
					<texture colordiffuse="$INFO[Skin.String(Color.SETItemNF)]">common/divider.png</texture>
				</control>

				<!-- Show debug infos -->
				<control type="radiobutton" id="9112">
					<label>31155</label>
					<width>1086</width>
					<height>60</height>
					<font>Font27</font>
					<textwidth>auto</textwidth>
					<textoffsetx>24</textoffsetx>
					<texturefocus colordiffuse="$INFO[Skin.String(Color.SETItemF)]">common/white.png</texturefocus>
					<texturenofocus colordiffuse="00FFFFFF">common/white.png</texturenofocus>
					<textureradioonfocus colordiffuse="$INFO[Skin.String(Color.SETTxt1F)]">material/radioon.png</textureradioonfocus>
					<textureradioonnofocus colordiffuse="$INFO[Skin.String(Color.SETItemF)]">material/radioon.png</textureradioonnofocus>
					<textureradioofffocus colordiffuse="$INFO[Skin.String(Color.SETTxt1F)]">material/radiooff.png</textureradioofffocus>
					<textureradiooffnofocus colordiffuse="$INFO[Skin.String(Color.SETItemF)]">material/radiooff.png</textureradiooffnofocus>
					<radiowidth>30</radiowidth>
					<radioheight>30</radioheight>
					<textcolor fallback="FF666666">$INFO[Skin.String(Color.SETTxt1NF)]</textcolor>
					<focusedcolor fallback="FFFFFFFF">$INFO[Skin.String(Color.SETTxt1F)]</focusedcolor>
					<invalidcolor fallback="FFCCCCCC">$INFO[Skin.String(Color.SETTxt2NF)]</invalidcolor>
					<onclick>Skin.ToggleSetting(DebugInfo)</onclick>
					<selected>Skin.HasSetting(DebugInfo)</selected>
				</control>	
						
			</control>

			<!-- Sub list Auto build -->
			<control type="grouplist" id="9200">
				<left>752</left>
				<top>326</top>
				<width>1086</width>
				<height>660</height>
				<onleft>Control.Move(9000,-1)</onleft>
				<onleft>Control.SetFocus(9100,0)</onleft>
				<onright>Control.Move(9000,1)</onright>
				<onright>Control.SetFocus(9300,0)</onright>
				<onup>9000</onup>
				<ondown>noop</ondown>
				<orientation>vertical</orientation>
				<visible allowhiddenfocus="true">StringCompare(Container(9000).ListItem.Label,$LOCALIZE[31150])</visible>

				<!-- PVR Horizontal -->
				<control type="button" id="9202">
					<label>$LOCALIZE[31156] : $LOCALIZE[31157]</label>
					<width>1086</width>
					<height>60</height>
					<font>Font27</font>
					<texturefocus colordiffuse="$INFO[Skin.String(Color.SETItemF)]">common/white.png</texturefocus>
					<texturenofocus colordiffuse="00FFFFFF">common/white.png</texturenofocus>
					<textwidth>auto</textwidth>
					<textoffsetx>24</textoffsetx>
					<textcolor fallback="FF666666">$INFO[Skin.String(Color.SETTxt1NF)]</textcolor>
					<focusedcolor fallback="FFFFFFFF">$INFO[Skin.String(Color.SETTxt1F)]</focusedcolor>
					<invalidcolor fallback="FFCCCCCC">$INFO[Skin.String(Color.SETTxt2NF)]</invalidcolor>
					<disabledcolor fallback="FFCCCCCC">$INFO[Skin.String(Color.SETTxt2NF)]</disabledcolor>
					<onclick>RunScript(script.skin.helper.service,action=restore,silent=special://skin/extras/autobuild/defaultpvrh.zip)</onclick>
				</control>

				<!-- PVR Vertical -->
				<control type="button" id="9203">
					<label>$LOCALIZE[31156] : $LOCALIZE[31158]</label>
					<width>1086</width>
					<height>60</height>
					<font>Font27</font>
					<texturefocus colordiffuse="$INFO[Skin.String(Color.SETItemF)]">common/white.png</texturefocus>
					<texturenofocus colordiffuse="00FFFFFF">common/white.png</texturenofocus>
					<textwidth>auto</textwidth>
					<textoffsetx>24</textoffsetx>
					<textcolor fallback="FF666666">$INFO[Skin.String(Color.SETTxt1NF)]</textcolor>
					<focusedcolor fallback="FFFFFFFF">$INFO[Skin.String(Color.SETTxt1F)]</focusedcolor>
					<invalidcolor fallback="FFCCCCCC">$INFO[Skin.String(Color.SETTxt2NF)]</invalidcolor>
					<disabledcolor fallback="FFCCCCCC">$INFO[Skin.String(Color.SETTxt2NF)]</disabledcolor>
					<onclick>RunScript(script.skin.helper.service,action=restore,silent=special://skin/extras/autobuild/defaultpvrv.zip)</onclick>
				</control>

				<!-- Separator -->
				<control type="image" id="9204">
					<width>1086</width>
					<height>60</height>
					<texture colordiffuse="$INFO[Skin.String(Color.SETItemNF)]">common/divider.png</texture>
				</control>

				<!-- Classic -->
				<control type="button" id="9206">
					<label>$LOCALIZE[31159] : $LOCALIZE[31160]</label>
					<width>1086</width>
					<height>60</height>
					<font>Font27</font>
					<texturefocus colordiffuse="$INFO[Skin.String(Color.SETItemF)]">common/white.png</texturefocus>
					<texturenofocus colordiffuse="00FFFFFF">common/white.png</texturenofocus>
					<textwidth>auto</textwidth>
					<textoffsetx>24</textoffsetx>
					<textcolor fallback="FF666666">$INFO[Skin.String(Color.SETTxt1NF)]</textcolor>
					<focusedcolor fallback="FFFFFFFF">$INFO[Skin.String(Color.SETTxt1F)]</focusedcolor>
					<invalidcolor fallback="FFCCCCCC">$INFO[Skin.String(Color.SETTxt2NF)]</invalidcolor>
					<disabledcolor fallback="FFCCCCCC">$INFO[Skin.String(Color.SETTxt2NF)]</disabledcolor>
					<onclick>RunScript(script.skin.helper.service,action=restore,silent=special://skin/extras/autobuild/defaultclassic.zip)</onclick>
				</control>

				<!-- 2/3 -->
				<control type="button" id="9207">
					<label>$LOCALIZE[31159] : $LOCALIZE[31161]</label>
					<width>1086</width>
					<height>60</height>
					<font>Font27</font>
					<texturefocus colordiffuse="$INFO[Skin.String(Color.SETItemF)]">common/white.png</texturefocus>
					<texturenofocus colordiffuse="00FFFFFF">common/white.png</texturenofocus>
					<textwidth>auto</textwidth>
					<textoffsetx>24</textoffsetx>
					<textcolor fallback="FF666666">$INFO[Skin.String(Color.SETTxt1NF)]</textcolor>
					<focusedcolor fallback="FFFFFFFF">$INFO[Skin.String(Color.SETTxt1F)]</focusedcolor>
					<invalidcolor fallback="FFCCCCCC">$INFO[Skin.String(Color.SETTxt2NF)]</invalidcolor>
					<disabledcolor fallback="FFCCCCCC">$INFO[Skin.String(Color.SETTxt2NF)]</disabledcolor>
					<onclick>RunScript(script.skin.helper.service,action=restore,silent=special://skin/extras/autobuild/defaulttwothirds.zip)</onclick>
				</control>

				<!-- Hybrid -->
				<control type="button" id="9208">
					<label>$LOCALIZE[31159] : $LOCALIZE[31162]</label>
					<width>1086</width>
					<height>60</height>
					<font>Font27</font>
					<texturefocus colordiffuse="$INFO[Skin.String(Color.SETItemF)]">common/white.png</texturefocus>
					<texturenofocus colordiffuse="00FFFFFF">common/white.png</texturenofocus>
					<textwidth>auto</textwidth>
					<textoffsetx>24</textoffsetx>
					<textcolor fallback="FF666666">$INFO[Skin.String(Color.SETTxt1NF)]</textcolor>
					<focusedcolor fallback="FFFFFFFF">$INFO[Skin.String(Color.SETTxt1F)]</focusedcolor>
					<invalidcolor fallback="FFCCCCCC">$INFO[Skin.String(Color.SETTxt2NF)]</invalidcolor>
					<disabledcolor fallback="FFCCCCCC">$INFO[Skin.String(Color.SETTxt2NF)]</disabledcolor>
					<onclick>RunScript(script.skin.helper.service,action=restore,silent=special://skin/extras/autobuild/defaulthybrid.zip)</onclick>
				</control>

				<!-- Separator -->
				<control type="image" id="9209">
					<width>1086</width>
					<height>60</height>
					<texture colordiffuse="$INFO[Skin.String(Color.SETItemNF)]">common/divider.png</texture>
				</control>

				<!-- Dark -->
				<control type="button" id="9211">
					<label>$LOCALIZE[31195] : $LOCALIZE[31196]</label>
					<width>1086</width>
					<height>60</height>
					<font>Font27</font>
					<texturefocus colordiffuse="$INFO[Skin.String(Color.SETItemF)]">common/white.png</texturefocus>
					<texturenofocus colordiffuse="00FFFFFF">common/white.png</texturenofocus>
					<textwidth>auto</textwidth>
					<textoffsetx>24</textoffsetx>
					<textcolor fallback="FF666666">$INFO[Skin.String(Color.SETTxt1NF)]</textcolor>
					<focusedcolor fallback="FFFFFFFF">$INFO[Skin.String(Color.SETTxt1F)]</focusedcolor>
					<invalidcolor fallback="FFCCCCCC">$INFO[Skin.String(Color.SETTxt2NF)]</invalidcolor>
					<disabledcolor fallback="FFCCCCCC">$INFO[Skin.String(Color.SETTxt2NF)]</disabledcolor>
					<onclick>RunScript(script.skin.helper.service,action=restore,silent=special://skin/extras/colorschemes/defaultdark.zip)</onclick>
				</control>

				<!-- Light -->
				<control type="button" id="9212">
					<label>$LOCALIZE[31195] : $LOCALIZE[31197]</label>
					<width>1086</width>
					<height>60</height>
					<font>Font27</font>
					<texturefocus colordiffuse="$INFO[Skin.String(Color.SETItemF)]">common/white.png</texturefocus>
					<texturenofocus colordiffuse="00FFFFFF">common/white.png</texturenofocus>
					<textwidth>auto</textwidth>
					<textoffsetx>24</textoffsetx>
					<textcolor fallback="FF666666">$INFO[Skin.String(Color.SETTxt1NF)]</textcolor>
					<focusedcolor fallback="FFFFFFFF">$INFO[Skin.String(Color.SETTxt1F)]</focusedcolor>
					<invalidcolor fallback="FFCCCCCC">$INFO[Skin.String(Color.SETTxt2NF)]</invalidcolor>
					<disabledcolor fallback="FFCCCCCC">$INFO[Skin.String(Color.SETTxt2NF)]</disabledcolor>
					<onclick>RunScript(script.skin.helper.service,action=restore,silent=special://skin/extras/colorschemes/defaultlight.zip)</onclick>
				</control>

				<!-- FTV -->
				<control type="button" id="9213">
					<label>$LOCALIZE[31195] : $LOCALIZE[31198]</label>
					<width>1086</width>
					<height>60</height>
					<font>Font27</font>
					<texturefocus colordiffuse="$INFO[Skin.String(Color.SETItemF)]">common/white.png</texturefocus>
					<texturenofocus colordiffuse="00FFFFFF">common/white.png</texturenofocus>
					<textwidth>auto</textwidth>
					<textoffsetx>24</textoffsetx>
					<textcolor fallback="FF666666">$INFO[Skin.String(Color.SETTxt1NF)]</textcolor>
					<focusedcolor fallback="FFFFFFFF">$INFO[Skin.String(Color.SETTxt1F)]</focusedcolor>
					<invalidcolor fallback="FFCCCCCC">$INFO[Skin.String(Color.SETTxt2NF)]</invalidcolor>
					<disabledcolor fallback="FFCCCCCC">$INFO[Skin.String(Color.SETTxt2NF)]</disabledcolor>
					<onclick>RunScript(script.skin.helper.service,action=restore,silent=special://skin/extras/colorschemes/defaultftv.zip)</onclick>
				</control>

				<!-- Flat Style -->
				<control type="button" id="9214">
					<label>$LOCALIZE[31195] : $LOCALIZE[31199]</label>
					<width>1086</width>
					<height>60</height>
					<font>Font27</font>
					<texturefocus colordiffuse="$INFO[Skin.String(Color.SETItemF)]">common/white.png</texturefocus>
					<texturenofocus colordiffuse="00FFFFFF">common/white.png</texturenofocus>
					<textwidth>auto</textwidth>
					<textoffsetx>24</textoffsetx>
					<textcolor fallback="FF666666">$INFO[Skin.String(Color.SETTxt1NF)]</textcolor>
					<focusedcolor fallback="FFFFFFFF">$INFO[Skin.String(Color.SETTxt1F)]</focusedcolor>
					<invalidcolor fallback="FFCCCCCC">$INFO[Skin.String(Color.SETTxt2NF)]</invalidcolor>
					<disabledcolor fallback="FFCCCCCC">$INFO[Skin.String(Color.SETTxt2NF)]</disabledcolor>
					<onclick>RunScript(script.skin.helper.service,action=restore,silent=special://skin/extras/colorschemes/defaultflat.zip)</onclick>
				</control>
						
			</control>		

			<!-- Sub list Import / Export -->
			<control type="grouplist" id="9300">
				<left>752</left>
				<top>326</top>
				<width>1086</width>
				<height>660</height>
				<onleft>Control.Move(9000,-1)</onleft>
				<onleft>Control.SetFocus(9200,0)</onleft>
				<onright>Control.Move(9000,1)</onright>
				<onright>Control.SetFocus(9400,0)</onright>
				<onup>9000</onup>
				<ondown>noop</ondown>
				<orientation>vertical</orientation>
				<visible allowhiddenfocus="true">StringCompare(Container(9000).ListItem.Label,$LOCALIZE[31151])</visible>

				<!-- Import -->
				<control type="button" id="9301">
					<label>31163</label>
					<width>1086</width>
					<height>60</height>
					<font>Font27</font>
					<texturefocus colordiffuse="$INFO[Skin.String(Color.SETItemF)]">common/white.png</texturefocus>
					<texturenofocus colordiffuse="00FFFFFF">common/white.png</texturenofocus>
					<textwidth>auto</textwidth>
					<textoffsetx>24</textoffsetx>
					<textcolor fallback="FF666666">$INFO[Skin.String(Color.SETTxt1NF)]</textcolor>
					<focusedcolor fallback="FFFFFFFF">$INFO[Skin.String(Color.SETTxt1F)]</focusedcolor>
					<invalidcolor fallback="FFCCCCCC">$INFO[Skin.String(Color.SETTxt2NF)]</invalidcolor>
					<disabledcolor fallback="FFCCCCCC">$INFO[Skin.String(Color.SETTxt2NF)]</disabledcolor>
					<onclick>RunScript(script.skin.helper.service,action=restore)</onclick>
				</control>

				<!-- Separator -->
				<control type="image" id="9302">
					<width>1086</width>
					<height>60</height>
					<texture colordiffuse="$INFO[Skin.String(Color.SETItemNF)]">common/divider.png</texture>
				</control>

				<!-- Backup All viewtypes -->
				<control type="button" id="9303">
					<label>31164</label>
					<width>1086</width>
					<height>60</height>
					<font>Font27</font>
					<texturefocus colordiffuse="$INFO[Skin.String(Color.SETItemF)]">common/white.png</texturefocus>
					<texturenofocus colordiffuse="00FFFFFF">common/white.png</texturenofocus>
					<textwidth>auto</textwidth>
					<textoffsetx>24</textoffsetx>
					<textcolor fallback="FF666666">$INFO[Skin.String(Color.SETTxt1NF)]</textcolor>
					<focusedcolor fallback="FFFFFFFF">$INFO[Skin.String(Color.SETTxt1F)]</focusedcolor>
					<invalidcolor fallback="FFCCCCCC">$INFO[Skin.String(Color.SETTxt2NF)]</invalidcolor>
					<disabledcolor fallback="FFCCCCCC">$INFO[Skin.String(Color.SETTxt2NF)]</disabledcolor>
					<onclick>RunScript(script.skin.helper.service,action=backup,filter=HOM.|VDO.|MUS.|PIC.|TV.|PRO.,promptfilename=true)</onclick>
				</control>

				<!-- Backup Home menu -->
				<control type="button" id="9304">
					<label>31165</label>
					<width>1086</width>
					<height>60</height>
					<font>Font27</font>
					<texturefocus colordiffuse="$INFO[Skin.String(Color.SETItemF)]">common/white.png</texturefocus>
					<texturenofocus colordiffuse="00FFFFFF">common/white.png</texturenofocus>
					<textwidth>auto</textwidth>
					<textoffsetx>24</textoffsetx>
					<textcolor fallback="FF666666">$INFO[Skin.String(Color.SETTxt1NF)]</textcolor>
					<focusedcolor fallback="FFFFFFFF">$INFO[Skin.String(Color.SETTxt1F)]</focusedcolor>
					<invalidcolor fallback="FFCCCCCC">$INFO[Skin.String(Color.SETTxt2NF)]</invalidcolor>
					<disabledcolor fallback="FFCCCCCC">$INFO[Skin.String(Color.SETTxt2NF)]</disabledcolor>
					<onclick>RunScript(script.skin.helper.service,action=backup,promptfilename=true)</onclick>
				</control>

				<!-- Full Backup -->
				<control type="button" id="9305">
					<label>31166</label>
					<width>1086</width>
					<height>60</height>
					<font>Font27</font>
					<texturefocus colordiffuse="$INFO[Skin.String(Color.SETItemF)]">common/white.png</texturefocus>
					<texturenofocus colordiffuse="00FFFFFF">common/white.png</texturenofocus>
					<textwidth>auto</textwidth>
					<textoffsetx>24</textoffsetx>
					<textcolor fallback="FF666666">$INFO[Skin.String(Color.SETTxt1NF)]</textcolor>
					<focusedcolor fallback="FFFFFFFF">$INFO[Skin.String(Color.SETTxt1F)]</focusedcolor>
					<invalidcolor fallback="FFCCCCCC">$INFO[Skin.String(Color.SETTxt2NF)]</invalidcolor>
					<disabledcolor fallback="FFCCCCCC">$INFO[Skin.String(Color.SETTxt2NF)]</disabledcolor>
					<onclick>RunScript(script.skin.helper.service,action=backup,promptfilename=true)</onclick>
				</control>

				<!-- Separator -->
				<control type="image" id="9306">
					<width>1086</width>
					<height>60</height>
					<texture colordiffuse="$INFO[Skin.String(Color.SETItemNF)]">common/divider.png</texture>
					<visible>Skin.HasSetting(ColortoolShow)</visible>
				</control>

				<!-- Export Colors -->
				<control type="button" id="9307">
					<label>31084</label>
					<width>1086</width>
					<height>60</height>
					<font>Font27</font>
					<texturefocus colordiffuse="$INFO[Skin.String(Color.SETItemF)]">common/white.png</texturefocus>
					<texturenofocus colordiffuse="00FFFFFF">common/white.png</texturenofocus>
					<textwidth>auto</textwidth>
					<textoffsetx>24</textoffsetx>
					<textcolor fallback="FF666666">$INFO[Skin.String(Color.SETTxt1NF)]</textcolor>
					<focusedcolor fallback="FFFFFFFF">$INFO[Skin.String(Color.SETTxt1F)]</focusedcolor>
					<invalidcolor fallback="FFCCCCCC">$INFO[Skin.String(Color.SETTxt2NF)]</invalidcolor>
					<disabledcolor fallback="FFCCCCCC">$INFO[Skin.String(Color.SETTxt2NF)]</disabledcolor>
					<onclick>RunScript(script.skin.helper.service,action=backup,filter=Color,promptfilename=true)</onclick>
					<visible>Skin.HasSetting(ColortoolShow)</visible>
				</control>

				<!-- Separator -->
				<control type="image" id="9308">
					<width>1086</width>
					<height>60</height>
					<texture colordiffuse="$INFO[Skin.String(Color.SETItemNF)]">common/divider.png</texture>
					<visible>Skin.HasSetting(DesignerShow)</visible>
				</control>

				<!-- Export Home section -->
				<control type="button" id="9309">
					<label>31167</label>
					<width>1086</width>
					<height>60</height>
					<font>Font27</font>
					<texturefocus colordiffuse="$INFO[Skin.String(Color.SETItemF)]">common/white.png</texturefocus>
					<texturenofocus colordiffuse="00FFFFFF">common/white.png</texturenofocus>
					<textwidth>auto</textwidth>
					<textoffsetx>24</textoffsetx>
					<textcolor fallback="FF666666">$INFO[Skin.String(Color.SETTxt1NF)]</textcolor>
					<focusedcolor fallback="FFFFFFFF">$INFO[Skin.String(Color.SETTxt1F)]</focusedcolor>
					<invalidcolor fallback="FFCCCCCC">$INFO[Skin.String(Color.SETTxt2NF)]</invalidcolor>
					<disabledcolor fallback="FFCCCCCC">$INFO[Skin.String(Color.SETTxt2NF)]</disabledcolor>
					<onclick>RunScript(script.skin.helper.service,action=backup,filter=HOM.,promptfilename=true)</onclick>
					<visible>Skin.HasSetting(DesignerShow)</visible>
				</control>

				<!-- Export Video section -->
				<control type="button" id="9310">
					<label>31168</label>
					<width>1086</width>
					<height>60</height>
					<font>Font27</font>
					<texturefocus colordiffuse="$INFO[Skin.String(Color.SETItemF)]">common/white.png</texturefocus>
					<texturenofocus colordiffuse="00FFFFFF">common/white.png</texturenofocus>
					<textwidth>auto</textwidth>
					<textoffsetx>24</textoffsetx>
					<textcolor fallback="FF666666">$INFO[Skin.String(Color.SETTxt1NF)]</textcolor>
					<focusedcolor fallback="FFFFFFFF">$INFO[Skin.String(Color.SETTxt1F)]</focusedcolor>
					<invalidcolor fallback="FFCCCCCC">$INFO[Skin.String(Color.SETTxt2NF)]</invalidcolor>
					<disabledcolor fallback="FFCCCCCC">$INFO[Skin.String(Color.SETTxt2NF)]</disabledcolor>
					<onclick>RunScript(script.skin.helper.service,action=backup,filter=VDO.,promptfilename=true)</onclick>
					<visible>Skin.HasSetting(DesignerShow)</visible>
				</control>

				<!-- Export Music section -->
				<control type="button" id="9311">
					<label>31169</label>
					<width>1086</width>
					<height>60</height>
					<font>Font27</font>
					<texturefocus colordiffuse="$INFO[Skin.String(Color.SETItemF)]">common/white.png</texturefocus>
					<texturenofocus colordiffuse="00FFFFFF">common/white.png</texturenofocus>
					<textwidth>auto</textwidth>
					<textoffsetx>24</textoffsetx>
					<textcolor fallback="FF666666">$INFO[Skin.String(Color.SETTxt1NF)]</textcolor>
					<focusedcolor fallback="FFFFFFFF">$INFO[Skin.String(Color.SETTxt1F)]</focusedcolor>
					<invalidcolor fallback="FFCCCCCC">$INFO[Skin.String(Color.SETTxt2NF)]</invalidcolor>
					<disabledcolor fallback="FFCCCCCC">$INFO[Skin.String(Color.SETTxt2NF)]</disabledcolor>
					<onclick>RunScript(script.skin.helper.service,action=backup,filter=MUS.,promptfilename=true)</onclick>
					<visible>Skin.HasSetting(DesignerShow)</visible>
				</control>

				<!-- Export Pictures section -->
				<control type="button" id="9312">
					<label>31170</label>
					<width>1086</width>
					<height>60</height>
					<font>Font27</font>
					<texturefocus colordiffuse="$INFO[Skin.String(Color.SETItemF)]">common/white.png</texturefocus>
					<texturenofocus colordiffuse="00FFFFFF">common/white.png</texturenofocus>
					<textwidth>auto</textwidth>
					<textoffsetx>24</textoffsetx>
					<textcolor fallback="FF666666">$INFO[Skin.String(Color.SETTxt1NF)]</textcolor>
					<focusedcolor fallback="FFFFFFFF">$INFO[Skin.String(Color.SETTxt1F)]</focusedcolor>
					<invalidcolor fallback="FFCCCCCC">$INFO[Skin.String(Color.SETTxt2NF)]</invalidcolor>
					<disabledcolor fallback="FFCCCCCC">$INFO[Skin.String(Color.SETTxt2NF)]</disabledcolor>
					<onclick>RunScript(script.skin.helper.service,action=backup,filter=PIC.,promptfilename=true)</onclick>
					<visible>Skin.HasSetting(DesignerShow)</visible>
				</control>

				<!-- Export TV section -->
				<control type="button" id="9313">
					<label>31171</label>
					<width>1086</width>
					<height>60</height>
					<font>Font27</font>
					<texturefocus colordiffuse="$INFO[Skin.String(Color.SETItemF)]">common/white.png</texturefocus>
					<texturenofocus colordiffuse="00FFFFFF">common/white.png</texturenofocus>
					<textwidth>auto</textwidth>
					<textoffsetx>24</textoffsetx>
					<textcolor fallback="FF666666">$INFO[Skin.String(Color.SETTxt1NF)]</textcolor>
					<focusedcolor fallback="FFFFFFFF">$INFO[Skin.String(Color.SETTxt1F)]</focusedcolor>
					<invalidcolor fallback="FFCCCCCC">$INFO[Skin.String(Color.SETTxt2NF)]</invalidcolor>
					<disabledcolor fallback="FFCCCCCC">$INFO[Skin.String(Color.SETTxt2NF)]</disabledcolor>
					<onclick>RunScript(script.skin.helper.service,action=backup,filter=TV.,promptfilename=true)</onclick>
					<visible>Skin.HasSetting(DesignerShow)</visible>
				</control>

				<!-- Export Programs section -->
				<control type="button" id="9314">
					<label>31172</label>
					<width>1086</width>
					<height>60</height>
					<font>Font27</font>
					<texturefocus colordiffuse="$INFO[Skin.String(Color.SETItemF)]">common/white.png</texturefocus>
					<texturenofocus colordiffuse="00FFFFFF">common/white.png</texturenofocus>
					<textwidth>auto</textwidth>
					<textoffsetx>24</textoffsetx>
					<textcolor fallback="FF666666">$INFO[Skin.String(Color.SETTxt1NF)]</textcolor>
					<focusedcolor fallback="FFFFFFFF">$INFO[Skin.String(Color.SETTxt1F)]</focusedcolor>
					<invalidcolor fallback="FFCCCCCC">$INFO[Skin.String(Color.SETTxt2NF)]</invalidcolor>
					<disabledcolor fallback="FFCCCCCC">$INFO[Skin.String(Color.SETTxt2NF)]</disabledcolor>
					<onclick>RunScript(script.skin.helper.service,action=backup,filter=PRO.,promptfilename=true)</onclick>
					<visible>Skin.HasSetting(DesignerShow)</visible>
				</control>	
						
			</control>			

			<!-- Enhancement -->
			<control type="grouplist" id="9400">
				<left>752</left>
				<top>326</top>
				<width>1086</width>
				<height>660</height>
				<onleft>Control.Move(9000,-1)</onleft>
				<onleft>Control.SetFocus(9300,0)</onleft>
				<onright>noop</onright>
				<onup>9000</onup>
				<ondown>noop</ondown>
				<orientation>vertical</orientation>
				<visible allowhiddenfocus="true">StringCompare(Container(9000).ListItem.Label,$LOCALIZE[31200])</visible>	

				<!-- Activate Extended infos -->
				<control type="radiobutton" id="9401">
				    <label>31204</label>
					<width>1086</width>
					<height>60</height>
					<font>Font27</font>
					<textwidth>auto</textwidth>
					<textoffsetx>24</textoffsetx>
					<texturefocus colordiffuse="$INFO[Skin.String(Color.SETItemF)]">common/white.png</texturefocus>
					<texturenofocus colordiffuse="00FFFFFF">common/white.png</texturenofocus>
					<textureradioonfocus colordiffuse="$INFO[Skin.String(Color.SETTxt1F)]">material/radioon.png</textureradioonfocus>
					<textureradioonnofocus colordiffuse="$INFO[Skin.String(Color.SETItemF)]">material/radioon.png</textureradioonnofocus>
					<textureradioofffocus colordiffuse="$INFO[Skin.String(Color.SETTxt1F)]">material/radiooff.png</textureradioofffocus>
					<textureradiooffnofocus colordiffuse="$INFO[Skin.String(Color.SETItemF)]">material/radiooff.png</textureradiooffnofocus>
					<radiowidth>30</radiowidth>
					<radioheight>30</radioheight>
					<textcolor fallback="FF666666">$INFO[Skin.String(Color.SETTxt1NF)]</textcolor>
					<focusedcolor fallback="FFFFFFFF">$INFO[Skin.String(Color.SETTxt1F)]</focusedcolor>
					<invalidcolor fallback="FFCCCCCC">$INFO[Skin.String(Color.SETTxt2NF)]</invalidcolor>
				    <onclick condition="!System.HasAddon(script.extendedinfo)">RunPlugin(plugin://script.extendedinfo)</onclick>
				    <selected>System.HasAddon(script.extendedinfo)</selected>
				</control> 

				<!-- Activate Artwork Downloader -->
				<control type="radiobutton" id="9402">
				    <label>31205</label>
					<width>1086</width>
					<height>60</height>
					<font>Font27</font>
					<textwidth>auto</textwidth>
					<textoffsetx>24</textoffsetx>
					<texturefocus colordiffuse="$INFO[Skin.String(Color.SETItemF)]">common/white.png</texturefocus>
					<texturenofocus colordiffuse="00FFFFFF">common/white.png</texturenofocus>
					<textureradioonfocus colordiffuse="$INFO[Skin.String(Color.SETTxt1F)]">material/radioon.png</textureradioonfocus>
					<textureradioonnofocus colordiffuse="$INFO[Skin.String(Color.SETItemF)]">material/radioon.png</textureradioonnofocus>
					<textureradioofffocus colordiffuse="$INFO[Skin.String(Color.SETTxt1F)]">material/radiooff.png</textureradioofffocus>
					<textureradiooffnofocus colordiffuse="$INFO[Skin.String(Color.SETItemF)]">material/radiooff.png</textureradiooffnofocus>
					<radiowidth>30</radiowidth>
					<radioheight>30</radioheight>
					<textcolor fallback="FF666666">$INFO[Skin.String(Color.SETTxt1NF)]</textcolor>
					<focusedcolor fallback="FFFFFFFF">$INFO[Skin.String(Color.SETTxt1F)]</focusedcolor>
					<invalidcolor fallback="FFCCCCCC">$INFO[Skin.String(Color.SETTxt2NF)]</invalidcolor>
				    <onclick condition="!System.HasAddon(script.artwork.downloader)">RunPlugin(plugin://script.artwork.downloader)</onclick>
				    <selected>System.HasAddon(script.artwork.downloader)</selected>
				</control> 

				<!-- Activate Artist Slideshow -->
				<control type="radiobutton" id="9403">
				    <label>31206</label>
					<width>1086</width>
					<height>60</height>
					<font>Font27</font>
					<textwidth>auto</textwidth>
					<textoffsetx>24</textoffsetx>
					<texturefocus colordiffuse="$INFO[Skin.String(Color.SETItemF)]">common/white.png</texturefocus>
					<texturenofocus colordiffuse="00FFFFFF">common/white.png</texturenofocus>
					<textureradioonfocus colordiffuse="$INFO[Skin.String(Color.SETTxt1F)]">material/radioon.png</textureradioonfocus>
					<textureradioonnofocus colordiffuse="$INFO[Skin.String(Color.SETItemF)]">material/radioon.png</textureradioonnofocus>
					<textureradioofffocus colordiffuse="$INFO[Skin.String(Color.SETTxt1F)]">material/radiooff.png</textureradioofffocus>
					<textureradiooffnofocus colordiffuse="$INFO[Skin.String(Color.SETItemF)]">material/radiooff.png</textureradiooffnofocus>
					<radiowidth>30</radiowidth>
					<radioheight>30</radioheight>
					<textcolor fallback="FF666666">$INFO[Skin.String(Color.SETTxt1NF)]</textcolor>
					<focusedcolor fallback="FFFFFFFF">$INFO[Skin.String(Color.SETTxt1F)]</focusedcolor>
					<invalidcolor fallback="FFCCCCCC">$INFO[Skin.String(Color.SETTxt2NF)]</invalidcolor>
				    <onclick condition="!System.HasAddon(script.artistslideshow)">RunPlugin(plugin://script.artistslideshow)</onclick>
				    <selected>System.HasAddon(script.artistslideshow)</selected>
				</control> 

				<!-- Activate Studios Images -->
				<control type="radiobutton" id="9404">
				    <label>31215</label>
					<width>1086</width>
					<height>60</height>
					<font>Font27</font>
					<textwidth>auto</textwidth>
					<textoffsetx>24</textoffsetx>
					<texturefocus colordiffuse="$INFO[Skin.String(Color.SETItemF)]">common/white.png</texturefocus>
					<texturenofocus colordiffuse="00FFFFFF">common/white.png</texturenofocus>
					<textureradioonfocus colordiffuse="$INFO[Skin.String(Color.SETTxt1F)]">material/radioon.png</textureradioonfocus>
					<textureradioonnofocus colordiffuse="$INFO[Skin.String(Color.SETItemF)]">material/radioon.png</textureradioonnofocus>
					<textureradioofffocus colordiffuse="$INFO[Skin.String(Color.SETTxt1F)]">material/radiooff.png</textureradioofffocus>
					<textureradiooffnofocus colordiffuse="$INFO[Skin.String(Color.SETItemF)]">material/radiooff.png</textureradiooffnofocus>
					<radiowidth>30</radiowidth>
					<radioheight>30</radioheight>
					<textcolor fallback="FF666666">$INFO[Skin.String(Color.SETTxt1NF)]</textcolor>
					<focusedcolor fallback="FFFFFFFF">$INFO[Skin.String(Color.SETTxt1F)]</focusedcolor>
					<invalidcolor fallback="FFCCCCCC">$INFO[Skin.String(Color.SETTxt2NF)]</invalidcolor>
				    <onclick condition="!System.HasAddon(resource.images.studios.white)">RunPlugin(plugin://resource.images.studios.white)</onclick>
				    <selected>System.HasAddon(resource.images.studios.white)</selected>
				</control> 

			</control>

		</control>		

	</controls>

</window>