<?xml version="1.0" encoding="UTF-8"?>
<window>
	<defaultcontrol always="true">5</defaultcontrol>
	<controls>
        <control type="group">
            <top>210</top>
            <height>711</height>
            <centerleft>50%</centerleft>
            <width>800</width>
            <include>Animation_SlideIn</include>
            <include>Animation_FadeOut</include>
            <animation effect="slide" tween="quadratic" easing="out" time="300" start="0,1920" end="0">WindowOpen</animation>
            <animation effect="slide" tween="quadratic" easing="in" time="300" end="0,1920" start="0">WindowClose</animation>
            <include>Dialog_Background</include>
            <control type="group">
                <top>70</top>
                <left>side</left>
                <right>side</right>
                <height>621</height>
                <control type="group">
                    <width>100%</width>
                    <height>621</height>
                    <include name="Object_Line">
                        <param name="width" value="760" />
                        <param name="label" value="$INFO[Control.GetLabel(2)]" />
                    </include>
                    <include name="Dialog_BasicList">
                        <param name="width" value="760" />
                        <param name="height" value="621" />
                        <param name="id" value="5" />
                    </include>
                    <control type="label" id="4">
                        <height>120</height>
                        <left>30</left>
                        <right>30</right>
                        <label>13389</label>
                    </control>
                </control>
            </control>
            <control type="label" id="2"><visible>false</visible><font>-</font></control>
        </control>
	</controls>

</window>