<?xml version="1.0" encoding="utf-8"?>
<window>
	<!-- home -->
	<backgroundcolor>0xff12161b</backgroundcolor>
	<defaultcontrol>99</defaultcontrol>
	<onload>ClearProperty(BounceRight,Home)</onload>
	<onload condition="System.HasAddon(script.skinshortcuts)">RunScript(script.skinshortcuts,type=buildxml&amp;mainmenuID=99&amp;levels=0&amp;group=mainmenu|shutdown)</onload>
	<controls>
		<control type="group">
			<!-- Hidden control to load weather conditions -->
			<control type="label">
				<font>-</font>
				<label>$INFO[Weather.Conditions]</label>
			</control>
			<control id="9001" type="list">
				<include>HiddenHomeList</include>
				<content limit="6">favourites://</content>
			</control>
			<!-- Main list -->
			<control id="99" type="list">
				<left>84</left>
				<top>111</top>
				<width>284</width>
				<height>942</height>
				<onup>noop</onup>
				<onup>SetProperty(Movement,1)</onup>
				<ondown>noop</ondown>
				<ondown>ClearProperty(Movement)</ondown>
				<onleft>noop</onleft>
				<onright>ClearProperty(MainMenuFocus,home)</onright>
				<onfocus>ClearProperty(ForceViewType,home)</onfocus>
				<onfocus>ClearProperty(WidgetHasFocus,Home)</onfocus>
				<onright>SetProperty(WidgetHasFocus,1,Home)</onright>
				<onright condition="StringCompare(Container(99).ListItem.Property(widget),widget1) + IntegerGreaterThan(Container(100).NumItems,1)">SetFocus(100)</onright>
				<onright condition="StringCompare(Container(99).ListItem.Property(widget),widget1) + !IntegerGreaterThan(Container(100).NumItems,1) + StringCompare(Container(100).ListItem.Property(WidgetStyle),$LOCALIZE[31159])">SetProperty(ForceViewType,61,Home)</onright>
				<onright condition="StringCompare(Container(99).ListItem.Property(widget),widget1) + !IntegerGreaterThan(Container(100).NumItems,1) + StringCompare(Container(100).ListItem.Property(WidgetStyle),$LOCALIZE[31160])">SetProperty(ForceViewType,60,Home)</onright>
				<onright condition="StringCompare(Container(99).ListItem.Property(widget),widget1) + !IntegerGreaterThan(Container(100).NumItems,1)">$INFO[Skin.String(1000-WidgetAction-1)]</onright>
				<onright condition="StringCompare(Container(99).ListItem.Property(widget),widget2) + IntegerGreaterThan(Container(200).NumItems,1)">SetFocus(200)</onright>
				<onright condition="StringCompare(Container(99).ListItem.Property(widget),widget2) + !IntegerGreaterThan(Container(200).NumItems,1) + StringCompare(Container(200).ListItem.Property(WidgetStyle),$LOCALIZE[31159])">SetProperty(ForceViewType,61,Home)</onright>
				<onright condition="StringCompare(Container(99).ListItem.Property(widget),widget2) + !IntegerGreaterThan(Container(200).NumItems,1) + StringCompare(Container(200).ListItem.Property(WidgetStyle),$LOCALIZE[31160])">SetProperty(ForceViewType,60,Home)</onright>
				<onright condition="StringCompare(Container(99).ListItem.Property(widget),widget2) + !IntegerGreaterThan(Container(200).NumItems,1)">$INFO[Skin.String(2000-WidgetAction-1)]</onright>
				<onright condition="StringCompare(Container(99).ListItem.Property(widget),widget3) + IntegerGreaterThan(Container(300).NumItems,1)">SetFocus(300)</onright>
				<onright condition="StringCompare(Container(99).ListItem.Property(widget),widget3) + !IntegerGreaterThan(Container(300).NumItems,1) + StringCompare(Container(300).ListItem.Property(WidgetStyle),$LOCALIZE[31159])">SetProperty(ForceViewType,61,Home)</onright>
				<onright condition="StringCompare(Container(99).ListItem.Property(widget),widget3) + !IntegerGreaterThan(Container(300).NumItems,1) + StringCompare(Container(300).ListItem.Property(WidgetStyle),$LOCALIZE[31160])">SetProperty(ForceViewType,60,Home)</onright>
				<onright condition="StringCompare(Container(99).ListItem.Property(widget),widget3) + !IntegerGreaterThan(Container(300).NumItems,1)">$INFO[Skin.String(3000-WidgetAction-1)]</onright>
				<onright condition="StringCompare(Container(99).ListItem.Property(widget),widget4) + IntegerGreaterThan(Container(400).NumItems,1)">SetFocus(400)</onright>
				<onright condition="StringCompare(Container(99).ListItem.Property(widget),widget4) + !IntegerGreaterThan(Container(400).NumItems,1) + StringCompare(Container(400).ListItem.Property(WidgetStyle),$LOCALIZE[31159])">SetProperty(ForceViewType,61,Home)</onright>
				<onright condition="StringCompare(Container(99).ListItem.Property(widget),widget4) + !IntegerGreaterThan(Container(400).NumItems,1) + StringCompare(Container(400).ListItem.Property(WidgetStyle),$LOCALIZE[31160])">SetProperty(ForceViewType,60,Home)</onright>
				<onright condition="StringCompare(Container(99).ListItem.Property(widget),widget4) + !IntegerGreaterThan(Container(400).NumItems,1)">$INFO[Skin.String(4000-WidgetAction-1)]</onright>
				<onright condition="StringCompare(Container(99).ListItem.Property(widget),widget5) + IntegerGreaterThan(Container(500).NumItems,1)">SetFocus(500)</onright>
				<onright condition="StringCompare(Container(99).ListItem.Property(widget),widget5) + !IntegerGreaterThan(Container(500).NumItems,1) + StringCompare(Container(500).ListItem.Property(WidgetStyle),$LOCALIZE[31159])">SetProperty(ForceViewType,61,Home)</onright>
				<onright condition="StringCompare(Container(99).ListItem.Property(widget),widget5) + !IntegerGreaterThan(Container(500).NumItems,1) + StringCompare(Container(500).ListItem.Property(WidgetStyle),$LOCALIZE[31160])">SetProperty(ForceViewType,60,Home)</onright>
				<onright condition="StringCompare(Container(99).ListItem.Property(widget),widget5) + !IntegerGreaterThan(Container(500).NumItems,1)">$INFO[Skin.String(5000-WidgetAction-1)]</onright>
				<onright condition="StringCompare(Container(99).ListItem.Property(widget),widget6) + IntegerGreaterThan(Container(600).NumItems,1)">SetFocus(600)</onright>
				<onright condition="StringCompare(Container(99).ListItem.Property(widget),widget6) + !IntegerGreaterThan(Container(600).NumItems,1) + StringCompare(Container(600).ListItem.Property(WidgetStyle),$LOCALIZE[31159])">SetProperty(ForceViewType,61,Home)</onright>
				<onright condition="StringCompare(Container(99).ListItem.Property(widget),widget6) + !IntegerGreaterThan(Container(600).NumItems,1) + StringCompare(Container(600).ListItem.Property(WidgetStyle),$LOCALIZE[31160])">SetProperty(ForceViewType,60,Home)</onright>
				<onright condition="StringCompare(Container(99).ListItem.Property(widget),widget6) + !IntegerGreaterThan(Container(600).NumItems,1)">$INFO[Skin.String(6000-WidgetAction-1)]</onright>
				<onright condition="StringCompare(Container(99).ListItem.Property(widget),widget7) + IntegerGreaterThan(Container(700).NumItems,1)">SetFocus(700)</onright>
				<onright condition="StringCompare(Container(99).ListItem.Property(widget),widget7) + !IntegerGreaterThan(Container(700).NumItems,1) + StringCompare(Container(700).ListItem.Property(WidgetStyle),$LOCALIZE[31159])">SetProperty(ForceViewType,61,Home)</onright>
				<onright condition="StringCompare(Container(99).ListItem.Property(widget),widget7) + !IntegerGreaterThan(Container(700).NumItems,1) + StringCompare(Container(700).ListItem.Property(WidgetStyle),$LOCALIZE[31160])">SetProperty(ForceViewType,60,Home)</onright>
				<onright condition="StringCompare(Container(99).ListItem.Property(widget),widget7) + !IntegerGreaterThan(Container(700).NumItems,1)">$INFO[Skin.String(7000-WidgetAction-1)]</onright>
				<onright condition="StringCompare(Container(99).ListItem.Property(widget),widget8) + IntegerGreaterThan(Container(800).NumItems,1)">SetFocus(800)</onright>
				<onright condition="StringCompare(Container(99).ListItem.Property(widget),widget8) + !IntegerGreaterThan(Container(800).NumItems,1) + StringCompare(Container(800).ListItem.Property(WidgetStyle),$LOCALIZE[31159])">SetProperty(ForceViewType,61,Home)</onright>
				<onright condition="StringCompare(Container(99).ListItem.Property(widget),widget8) + !IntegerGreaterThan(Container(800).NumItems,1) + StringCompare(Container(800).ListItem.Property(WidgetStyle),$LOCALIZE[31160])">SetProperty(ForceViewType,60,Home)</onright>
				<onright condition="StringCompare(Container(99).ListItem.Property(widget),widget8) + !IntegerGreaterThan(Container(800).NumItems,1)">$INFO[Skin.String(8000-WidgetAction-1)]</onright>
				<onright condition="StringCompare(Container(99).ListItem.Property(widget),weather)">ActivateWindow(weather)</onright>
				<onright condition="StringCompare(Container(99).ListItem.Property(widget),favourites)">ActivateWindow(favourites)</onright>
				<onright condition="StringCompare(Container(99).ListItem.Property(defaultID),settings)">Select</onright>
				<orientation>vertical</orientation>
				<scrolltime easing="out" tween="sine">180</scrolltime>
				<include>WindowHomeFadeAnimation</include>
				<include>HomeMenuSlideAnimation</include>
				<itemlayout height="74" width="284">
					<control type="label">
						<width>284</width>
						<height>74</height>
						<align>right</align>
						<label>$INFO[ListItem.Label]</label>
						<font>LightCap38</font>
						<textcolor>ff5b6064</textcolor>
						<animation condition="!Control.HasFocus(99)" easing="in" effect="fade" end="40" reversible="true" start="100" time="600" tween="linear">Conditional</animation>
					</control>
				</itemlayout>
				<focusedlayout height="128" width="284">
					<control type="button">
						<texturefocus>-</texturefocus>
						<texturenofocus>-</texturenofocus>
						<onfocus>ClearProperty(WidgetHasFocus,Home)</onfocus>
						<onfocus>SetProperty(MainMenuFocus,1,home)</onfocus>
						<onfocus condition="!StringCompare(Container(99).ListItem.Property(defaultID),Window(home).Property(MainFocus))">ClearProperty(MainFocus)</onfocus>
						<onfocus condition="!StringCompare(Container(99).ListItem.Property(defaultID),Window(home).Property(MainFocus))">ClearProperty(FocusRow)</onfocus>
						<onfocus condition="!Control.IsVisible(100) + StringCompare(Container(100).CurrentItem,2)">Control.Move(100,-1)</onfocus>
						<onfocus condition="!Control.IsVisible(100) + StringCompare(Container(100).CurrentItem,3)">Control.Move(100,-2)</onfocus>
						<onfocus condition="!Control.IsVisible(100) + StringCompare(Container(100).CurrentItem,4)">Control.Move(100,-3)</onfocus>
						<onfocus condition="!Control.IsVisible(100) + StringCompare(Container(100).CurrentItem,5)">Control.Move(100,-4)</onfocus>
						<onfocus condition="!Control.IsVisible(100) + StringCompare(Container(100).CurrentItem,6)">Control.Move(100,-5)</onfocus>
						<onfocus condition="!Control.IsVisible(100) + StringCompare(Container(100).CurrentItem,7)">Control.Move(100,-6)</onfocus>
						<onfocus condition="!Control.IsVisible(100) + StringCompare(Container(100).CurrentItem,8)">Control.Move(100,-7)</onfocus>
						<onfocus condition="!Control.IsVisible(200) + StringCompare(Container(200).CurrentItem,2)">Control.Move(200,-1)</onfocus>
						<onfocus condition="!Control.IsVisible(200) + StringCompare(Container(200).CurrentItem,3)">Control.Move(200,-2)</onfocus>
						<onfocus condition="!Control.IsVisible(200) + StringCompare(Container(200).CurrentItem,4)">Control.Move(200,-3)</onfocus>
						<onfocus condition="!Control.IsVisible(200) + StringCompare(Container(200).CurrentItem,5)">Control.Move(200,-4)</onfocus>
						<onfocus condition="!Control.IsVisible(200) + StringCompare(Container(200).CurrentItem,6)">Control.Move(200,-5)</onfocus>
						<onfocus condition="!Control.IsVisible(200) + StringCompare(Container(200).CurrentItem,7)">Control.Move(200,-6)</onfocus>
						<onfocus condition="!Control.IsVisible(200) + StringCompare(Container(200).CurrentItem,8)">Control.Move(200,-7)</onfocus>
						<onfocus condition="!Control.IsVisible(300) + StringCompare(Container(300).CurrentItem,2)">Control.Move(300,-1)</onfocus>
						<onfocus condition="!Control.IsVisible(300) + StringCompare(Container(300).CurrentItem,3)">Control.Move(300,-2)</onfocus>
						<onfocus condition="!Control.IsVisible(300) + StringCompare(Container(300).CurrentItem,4)">Control.Move(300,-3)</onfocus>
						<onfocus condition="!Control.IsVisible(300) + StringCompare(Container(300).CurrentItem,5)">Control.Move(300,-4)</onfocus>
						<onfocus condition="!Control.IsVisible(300) + StringCompare(Container(300).CurrentItem,6)">Control.Move(300,-5)</onfocus>
						<onfocus condition="!Control.IsVisible(300) + StringCompare(Container(300).CurrentItem,7)">Control.Move(300,-6)</onfocus>
						<onfocus condition="!Control.IsVisible(300) + StringCompare(Container(300).CurrentItem,8)">Control.Move(300,-7)</onfocus>
						<onfocus condition="!Control.IsVisible(400) + StringCompare(Container(400).CurrentItem,2)">Control.Move(400,-1)</onfocus>
						<onfocus condition="!Control.IsVisible(400) + StringCompare(Container(400).CurrentItem,3)">Control.Move(400,-2)</onfocus>
						<onfocus condition="!Control.IsVisible(400) + StringCompare(Container(400).CurrentItem,4)">Control.Move(400,-3)</onfocus>
						<onfocus condition="!Control.IsVisible(400) + StringCompare(Container(400).CurrentItem,5)">Control.Move(400,-4)</onfocus>
						<onfocus condition="!Control.IsVisible(400) + StringCompare(Container(400).CurrentItem,6)">Control.Move(400,-5)</onfocus>
						<onfocus condition="!Control.IsVisible(400) + StringCompare(Container(400).CurrentItem,7)">Control.Move(400,-6)</onfocus>
						<onfocus condition="!Control.IsVisible(400) + StringCompare(Container(400).CurrentItem,8)">Control.Move(400,-7)</onfocus>
						<onfocus condition="!Control.IsVisible(500) + StringCompare(Container(500).CurrentItem,2)">Control.Move(500,-1)</onfocus>
						<onfocus condition="!Control.IsVisible(500) + StringCompare(Container(500).CurrentItem,3)">Control.Move(500,-2)</onfocus>
						<onfocus condition="!Control.IsVisible(500) + StringCompare(Container(500).CurrentItem,4)">Control.Move(500,-3)</onfocus>
						<onfocus condition="!Control.IsVisible(500) + StringCompare(Container(500).CurrentItem,5)">Control.Move(500,-4)</onfocus>
						<onfocus condition="!Control.IsVisible(500) + StringCompare(Container(500).CurrentItem,6)">Control.Move(500,-5)</onfocus>
						<onfocus condition="!Control.IsVisible(500) + StringCompare(Container(500).CurrentItem,7)">Control.Move(500,-6)</onfocus>
						<onfocus condition="!Control.IsVisible(500) + StringCompare(Container(500).CurrentItem,8)">Control.Move(500,-7)</onfocus>
						<onfocus condition="!Control.IsVisible(600) + StringCompare(Container(600).CurrentItem,2)">Control.Move(600,-1)</onfocus>
						<onfocus condition="!Control.IsVisible(600) + StringCompare(Container(600).CurrentItem,3)">Control.Move(600,-2)</onfocus>
						<onfocus condition="!Control.IsVisible(600) + StringCompare(Container(600).CurrentItem,4)">Control.Move(600,-3)</onfocus>
						<onfocus condition="!Control.IsVisible(600) + StringCompare(Container(600).CurrentItem,5)">Control.Move(600,-4)</onfocus>
						<onfocus condition="!Control.IsVisible(600) + StringCompare(Container(600).CurrentItem,6)">Control.Move(600,-5)</onfocus>
						<onfocus condition="!Control.IsVisible(600) + StringCompare(Container(600).CurrentItem,7)">Control.Move(600,-6)</onfocus>
						<onfocus condition="!Control.IsVisible(600) + StringCompare(Container(600).CurrentItem,8)">Control.Move(600,-7)</onfocus>
						<onfocus condition="!Control.IsVisible(700) + StringCompare(Container(700).CurrentItem,2)">Control.Move(700,-1)</onfocus>
						<onfocus condition="!Control.IsVisible(700) + StringCompare(Container(700).CurrentItem,3)">Control.Move(700,-2)</onfocus>
						<onfocus condition="!Control.IsVisible(700) + StringCompare(Container(700).CurrentItem,4)">Control.Move(700,-3)</onfocus>
						<onfocus condition="!Control.IsVisible(700) + StringCompare(Container(700).CurrentItem,5)">Control.Move(700,-4)</onfocus>
						<onfocus condition="!Control.IsVisible(700) + StringCompare(Container(700).CurrentItem,6)">Control.Move(700,-5)</onfocus>
						<onfocus condition="!Control.IsVisible(700) + StringCompare(Container(700).CurrentItem,7)">Control.Move(700,-6)</onfocus>
						<onfocus condition="!Control.IsVisible(700) + StringCompare(Container(700).CurrentItem,8)">Control.Move(700,-7)</onfocus>
						<onfocus condition="!Control.IsVisible(800) + StringCompare(Container(800).CurrentItem,2)">Control.Move(800,-1)</onfocus>
						<onfocus condition="!Control.IsVisible(800) + StringCompare(Container(800).CurrentItem,3)">Control.Move(800,-2)</onfocus>
						<onfocus condition="!Control.IsVisible(800) + StringCompare(Container(800).CurrentItem,4)">Control.Move(800,-3)</onfocus>
						<onfocus condition="!Control.IsVisible(800) + StringCompare(Container(800).CurrentItem,5)">Control.Move(800,-4)</onfocus>
						<onfocus condition="!Control.IsVisible(800) + StringCompare(Container(800).CurrentItem,6)">Control.Move(800,-5)</onfocus>
						<onfocus condition="!Control.IsVisible(800) + StringCompare(Container(800).CurrentItem,7)">Control.Move(800,-6)</onfocus>
						<onfocus condition="!Control.IsVisible(800) + StringCompare(Container(800).CurrentItem,8)">Control.Move(800,-7)</onfocus>
					</control>
					<control type="label">
						<width>284</width>
						<height>128</height>
						<align>right</align>
						<label>$INFO[ListItem.Label]</label>
						<font>LightCap38</font>
						<textcolor>ff5b6064</textcolor>
						<animation condition="Container(99).OnNext" reversible="false" type="UnFocus">
							<effect easing="out" end="0,-28" start="0,0" time="200" tween="circle" type="slide" />
							<effect end="100" start="0" time="0" type="fade" />
						</animation>
						<animation condition="Container(99).OnPrevious" reversible="false" type="UnFocus">
							<effect easing="out" end="0,-28" start="0,-56" time="200" tween="circle" type="slide" />
							<effect end="100" start="0" time="0" type="fade" />
						</animation>
						<animation reversible="false" type="Focus">
							<effect end="0" start="0" time="0" type="fade" />
						</animation>
						<visible>Control.HasFocus(99)</visible>
					</control>
					<control type="label">
						<width>284</width>
						<height>128</height>
						<align>right</align>
						<label>$INFO[ListItem.Label]</label>
						<font>LightCap48</font>
						<textcolor>ffffc24b</textcolor>
						<animation reversible="false" type="UnFocus">
							<effect end="0" start="100" time="0" type="fade" />
						</animation>
						<visible>Control.HasFocus(99)</visible>
					</control>
					<control type="label">
						<width>284</width>
						<height>128</height>
						<align>right</align>
						<label>$INFO[ListItem.Label]</label>
						<font>LightCap48</font>
						<textcolor>ffffffff</textcolor>
						<visible>!Control.HasFocus(99)</visible>
					</control>
				</focusedlayout>
				<content>
					<include>skinshortcuts-mainmenu</include>
				</content>
			</control>
			<control type="image">
				<left>0</left>
				<top>-706</top>
				<width>1920</width>
				<height>1858</height>
				<aspectratio>stretch</aspectratio>
				<texture border="2" diffuse="special://skin/extras/backgrounds/diffuse.png">special://skin/extras/backgrounds/default.png</texture>
				<animation condition="Container(99).Row(0)" effect="slide" end="0,0" time="200">Conditional</animation>
				<animation condition="Container(99).Row(1)" effect="slide" end="0,65" time="200">Conditional</animation>
				<animation condition="Container(99).Row(2)" effect="slide" end="0,130" time="200">Conditional</animation>
				<animation condition="Container(99).Row(3)" effect="slide" end="0,195" time="200">Conditional</animation>
				<animation condition="Container(99).Row(4)" effect="slide" end="0,260" time="200">Conditional</animation>
				<animation condition="Container(99).Row(5)" effect="slide" end="0,325" time="200">Conditional</animation>
				<animation condition="Container(99).Row(6)" effect="slide" end="0,390" time="200">Conditional</animation>
				<animation condition="Container(99).Row(7)" effect="slide" end="0,455" time="200">Conditional</animation>
				<animation condition="Container(99).Row(8)" effect="slide" end="0,520" time="200">Conditional</animation>
				<animation condition="Container(99).Row(9)" effect="slide" end="0,585" time="200">Conditional</animation>
				<animation condition="Container(99).Row(10)" effect="slide" end="0,650" time="200">Conditional</animation>
				<animation condition="Container(99).Row(11)" effect="slide" end="0,715" time="200">Conditional</animation>
				<animation condition="StringCompare(Container(99).NumItems,10)" effect="slide" end="0,33" time="0">Conditional</animation>
				<animation condition="StringCompare(Container(99).NumItems,9)" effect="slide" end="0,66" time="0">Conditional</animation>
				<animation condition="StringCompare(Container(99).NumItems,8)" effect="slide" end="0,99" time="0">Conditional</animation>
				<animation condition="StringCompare(Container(99).NumItems,7)" effect="slide" end="0,132" time="0">Conditional</animation>
				<animation condition="StringCompare(Container(99).NumItems,6)" effect="slide" end="0,165" time="0">Conditional</animation>
				<animation condition="StringCompare(Container(99).NumItems,5)" effect="slide" end="0,198" time="0">Conditional</animation>
				<animation condition="StringCompare(Container(99).NumItems,4)" effect="slide" end="0,231" time="0">Conditional</animation>
				<animation condition="StringCompare(Container(99).NumItems,3)" effect="slide" end="0,264" time="0">Conditional</animation>
				<animation condition="StringCompare(Container(99).NumItems,2)" effect="slide" end="0,297" time="0">Conditional</animation>
				<animation condition="StringCompare(Container(99).NumItems,1)" effect="slide" end="0,330" time="0">Conditional</animation>
			</control>
			<!-- List Item #1 sub menu -->
			<include name="ParamWidgetInclude">
				<param name="ID">100</param>
				<param name="widget">widget1</param>
				<param name="content">ListItem1Content</param>
			</include>
			<!-- List Item #2 sub menu -->
			<include name="ParamWidgetInclude">
				<param name="ID">200</param>
				<param name="widget">widget2</param>
				<param name="content">ListItem2Content</param>
			</include>
			<!-- List Item #3 sub menu -->
			<include name="ParamWidgetInclude">
				<param name="ID">300</param>
				<param name="widget">widget3</param>
				<param name="content">ListItem3Content</param>
			</include>
			<!-- List Item #4 sub menu -->
			<include name="ParamWidgetInclude">
				<param name="ID">400</param>
				<param name="widget">widget4</param>
				<param name="content">ListItem4Content</param>
			</include>
			<!-- List Item #5 sub menu -->
			<include name="ParamWidgetInclude">
				<param name="ID">500</param>
				<param name="widget">widget5</param>
				<param name="content">ListItem5Content</param>
			</include>
			<!-- List Item #6 sub menu -->
			<include name="ParamWidgetInclude">
				<param name="ID">600</param>
				<param name="widget">widget6</param>
				<param name="content">ListItem6Content</param>
			</include>
			<!-- List Item #7 sub menu -->
			<include name="ParamWidgetInclude">
				<param name="ID">700</param>
				<param name="widget">widget7</param>
				<param name="content">ListItem7Content</param>
			</include>
			<!-- List Item #8 sub menu -->
			<include name="ParamWidgetInclude">
				<param name="ID">800</param>
				<param name="widget">widget8</param>
				<param name="content">ListItem8Content</param>
			</include>
			<!-- Favourites widget -->
			<control id="9000" type="fixedlist">
				<left>419</left>
				<top>-367</top>
				<width>2100</width>
				<height>1500</height>
				<onup condition="!Window.IsVisible(1101)">SetProperty(BounceUp,1,Home)</onup>
				<onup>noop</onup>
				<ondown condition="!Window.IsVisible(1101)">SetProperty(BounceDown,1,Home)</ondown>
				<ondown>noop</ondown>
				<onleft>99</onleft>
				<onright>Select</onright>
				<onback>99</onback>
				<movement>1</movement>
				<preloaditems>2</preloaditems>
				<focusposition>2</focusposition>
				<viewtype label="">list</viewtype>
				<orientation>vertical</orientation>
				<defaultcontrol>0</defaultcontrol>
				<scrolltime easing="inout" tween="sine">300</scrolltime>
				<include>HomeWidgetsAnimation</include>
				<include>WindowHomeFadeAnimation</include>
				<visible>StringCompare(Container(99).ListItem.Property(widget),favourites)</visible>
				<animation condition="true" effect="slide" end="-304,0">Conditional</animation>
				<itemlayout height="370" width="2000">
					<include>HomeSquareInfoItemlayout</include>
				</itemlayout>
				<focusedlayout height="370" width="2000">
					<control type="group">
						<animation center="142,167" condition="true" effect="zoom" end="132" start="100" time="0">Conditional</animation>
						<include>HomeSquareInfoFocusedlayout</include>
					</control>
				</focusedlayout>
				<include>FavouritesContent</include>
			</control>
			<!-- Weather widget -->
			<control type="fixedlist">
				<left>433</left>
				<top>83</top>
				<width>2000</width>
				<height>914</height>
				<viewtype label="">list</viewtype>
				<orientation>horizontal</orientation>
				<include>WindowHomeFadeAnimation</include>
				<include>HomeWidgetsAnimation</include>
				<visible>StringCompare(Container(99).ListItem.Property(widget),weather)</visible>
				<itemlayout height="914" width="297">
					<control type="image">
						<width>297</width>
						<height>914</height>
						<aspectratio align="center">scale</aspectratio>
						<texture background="true">$INFO[ListItem.Property(Fanart)]</texture>
					</control>
					<control type="image">
						<top>321</top>
						<width>297</width>
						<height>272</height>
						<texture background="true">views/OverlayNF.png</texture>
					</control>
					<control type="label">
						<left>23</left>
						<top>334</top>
						<width>300</width>
						<height>38</height>
						<font>Light28</font>
						<label>$INFO[ListItem.Label]</label>
						<textcolor>ffffffff</textcolor>
					</control>
					<control type="label">
						<left>23</left>
						<top>380</top>
						<width>300</width>
						<height>30</height>
						<font>Med20</font>
						<label>$INFO[ListItem.Property(Outlook)]</label>
						<textcolor>ffdadada</textcolor>
					</control>
					<control type="image">
						<left>23</left>
						<top>408</top>
						<width>140</width>
						<height>140</height>
						<texture background="true">$INFO[ListItem.Icon]</texture>
						<aspectratio>keep</aspectratio>
					</control>
					<control type="label">
						<left>23</left>
						<top>548</top>
						<width>300</width>
						<height>30</height>
						<font>Med20</font>
						<textcolor>ffffffff</textcolor>
						<label>$INFO[ListItem.Label2]</label>
					</control>
				</itemlayout>
				<focusedlayout height="914" width="297">
					<control type="image">
						<width>297</width>
						<height>914</height>
						<aspectratio align="center">scale</aspectratio>
						<texture background="true">$INFO[ListItem.Property(Fanart)]</texture>
					</control>
					<control type="image">
						<top>321</top>
						<width>297</width>
						<height>272</height>
						<texture background="true">views/OverlayNF.png</texture>
					</control>
					<control type="label">
						<left>23</left>
						<top>334</top>
						<width>300</width>
						<height>38</height>
						<font>Light28</font>
						<label>$INFO[ListItem.Label]</label>
						<textcolor>ffffffff</textcolor>
					</control>
					<control type="label">
						<left>23</left>
						<top>380</top>
						<width>300</width>
						<height>30</height>
						<font>Med20</font>
						<label>$INFO[ListItem.Property(Outlook)]</label>
						<textcolor>ffdadada</textcolor>
					</control>
					<control type="image">
						<left>23</left>
						<top>408</top>
						<width>140</width>
						<height>140</height>
						<texture background="true">$INFO[ListItem.Icon]</texture>
						<aspectratio>keep</aspectratio>
					</control>
					<control type="label">
						<left>23</left>
						<top>548</top>
						<width>300</width>
						<height>30</height>
						<font>Med20</font>
						<textcolor>ffffffff</textcolor>
						<label>$INFO[ListItem.Label2]</label>
					</control>
				</focusedlayout>
				<content>
					<item>
						<onclick>noop</onclick>
						<label>$INFO[Window(Weather).Property(Day0.Title)]</label>
						<label2>$INFO[Window(Weather).Property(Day0.LowTemp),$LOCALIZE[391] ,°]    $INFO[Window(Weather).Property(Day0.HighTemp),$LOCALIZE[393] ,°]</label2>
						<icon>$INFO[Window(Weather).Property(Day0.FanartCode),weather/icons/,.png]</icon>
						<property name="Fanart">$INFO[Window(Weather).Property(Day0.FanartCode),weather/home/,.jpg]</property>
						<property name="Outlook">$INFO[Window(Weather).Property(Day0.Outlook)]</property>
						<visible>!IsEmpty(Window(Weather).Property(Day0.Outlook))</visible>
					</item>
					<item>
						<onclick>noop</onclick>
						<label>$INFO[Window(Weather).Property(Day1.Title)]</label>
						<label2>$INFO[Window(Weather).Property(Day1.LowTemp),$LOCALIZE[391] ,°]    $INFO[Window(Weather).Property(Day1.HighTemp),$LOCALIZE[393] ,°]</label2>
						<icon>$INFO[Window(Weather).Property(Day1.FanartCode),weather/icons/,.png]</icon>
						<property name="Fanart">$INFO[Window(Weather).Property(Day1.FanartCode),weather/home/,.jpg]</property>
						<property name="Outlook">$INFO[Window(Weather).Property(Day1.Outlook)]</property>
						<visible>!IsEmpty(Window(Weather).Property(Day1.Outlook))</visible>
					</item>
					<item>
						<onclick>noop</onclick>
						<label>$INFO[Window(Weather).Property(Day2.Title)]</label>
						<label2>$INFO[Window(Weather).Property(Day2.LowTemp),$LOCALIZE[391] ,°]    $INFO[Window(Weather).Property(Day2.HighTemp),$LOCALIZE[393] ,°]</label2>
						<icon>$INFO[Window(Weather).Property(Day2.FanartCode),weather/icons/,.png]</icon>
						<property name="Fanart">$INFO[Window(Weather).Property(Day2.FanartCode),weather/home/,.jpg]</property>
						<property name="Outlook">$INFO[Window(Weather).Property(Day2.Outlook)]</property>
						<visible>!IsEmpty(Window(Weather).Property(Day2.Outlook))</visible>
					</item>
					<item>
						<onclick>noop</onclick>
						<label>$INFO[Window(Weather).Property(Day3.Title)]</label>
						<label2>$INFO[Window(Weather).Property(Day3.LowTemp),$LOCALIZE[391] ,°]    $INFO[Window(Weather).Property(Day3.HighTemp),$LOCALIZE[393] ,°]</label2>
						<icon>$INFO[Window(Weather).Property(Day3.FanartCode),weather/icons/,.png]</icon>
						<property name="Fanart">$INFO[Window(Weather).Property(Day3.FanartCode),weather/home/,.jpg]</property>
						<property name="Outlook">$INFO[Window(Weather).Property(Day3.Outlook)]</property>
						<visible>!IsEmpty(Window(Weather).Property(Day3.Outlook))</visible>
					</item>
					<item>
						<onclick>noop</onclick>
						<label>$INFO[Window(Weather).Property(Day4.Title)]</label>
						<label2>$INFO[Window(Weather).Property(Day4.LowTemp),$LOCALIZE[391] ,°]    $INFO[Window(Weather).Property(Day4.HighTemp),$LOCALIZE[393] ,°]</label2>
						<icon>$INFO[Window(Weather).Property(Day4.FanartCode),weather/icons/,.png]</icon>
						<property name="Fanart">$INFO[Window(Weather).Property(Day4.FanartCode),weather/home/,.jpg]</property>
						<property name="Outlook">$INFO[Window(Weather).Property(Day4.Outlook)]</property>
						<visible>!IsEmpty(Window(Weather).Property(Day4.Outlook))</visible>
					</item>
				</content>
			</control>
			<!-- Settings widget -->
			<control id="900" type="fixedlist">
				<left>133</left>
				<top>289</top>
				<width>2200</width>
				<height>497</height>
				<focusposition>1</focusposition>
				<viewtype label="">list</viewtype>
				<orientation>horizontal</orientation>
				<include>WindowHomeFadeAnimation</include>
				<include>HomeWidgetsAnimation</include>
				<visible>StringCompare(Container(99).ListItem.Property(defaultID),settings)</visible>
				<itemlayout height="497" width="300">
					<control type="group">
						<animation center="134,240" condition="True" effect="zoom" end="84.5" start="84.5">Conditional</animation>
						<control type="image">
							<left>-24</left>
							<width>333</width>
							<height>497</height>
							<texture border="1,1,14,18">settings/settings_tile.png</texture>
						</control>
						<control type="label">
							<left>-10</left>
							<top>28</top>
							<width>276</width>
							<height>32</height>
							<font>Bold34</font>
							<textcolor>ffdadada</textcolor>
							<label>$INFO[ListItem.Label]</label>
						</control>
						<control type="image">
							<left>-13</left>
							<top>123</top>
							<width>300</width>
							<height>300</height>
							<aspectratio align="center" aligny="center">keep</aspectratio>
							<texture background="true">$INFO[ListItem.Icon]</texture>
						</control>
					</control>
				</itemlayout>
				<focusedlayout height="497" width="300">
					<control type="group">
						<animation center="134,240" condition="True" effect="zoom" end="84.5" start="84.5">Conditional</animation>
						<control type="image">
							<left>-24</left>
							<width>333</width>
							<height>497</height>
							<texture border="1,1,14,18">settings/settings_tile.png</texture>
						</control>
						<control type="label">
							<left>-10</left>
							<top>28</top>
							<width>276</width>
							<height>32</height>
							<font>Bold34</font>
							<textcolor>ffdadada</textcolor>
							<label>$INFO[ListItem.Label]</label>
						</control>
						<control type="image">
							<left>-13</left>
							<top>123</top>
							<width>300</width>
							<height>300</height>
							<aspectratio align="center" aligny="center">keep</aspectratio>
							<texture background="true">$INFO[ListItem.Icon]</texture>
						</control>
					</control>
				</focusedlayout>
				<content>
					<item>
						<onclick>noop</onclick>
						<label>480</label>
						<icon>settings/icon_appearance.png</icon>
					</item>
					<item>
						<onclick>noop</onclick>
						<label>24001</label>
						<icon>settings/icon_addons.png</icon>
					</item>
					<item>
						<onclick>noop</onclick>
						<label>3</label>
						<icon>settings/icon_videos.png</icon>
					</item>
					<item>
						<onclick>noop</onclick>
						<label>2</label>
						<icon>settings/icon_music.png</icon>
					</item>
					<item>
						<onclick>noop</onclick>
						<label>8</label>
						<icon>settings/icon_weather.png</icon>
					</item>
				</content>
			</control>
		</control>
	</controls>
</window>