<?xml version="1.0" encoding="utf-8"?>
<includes>
	<!-- Search keyboard -->
	<include name="SearchKeyboard">
		<controls>
			<!-- Background -->
			<include>BackgroundImage</include>
			<!-- Dialog group -->
			<control type="group">
				<left>491</left>
				<animation easing="inout" effect="slide" end="0,0" start="0,-329" time="120" tween="sine">WindowOpen</animation>
				<animation easing="inout" effect="slide" end="0,-329" start="0,0" time="120" tween="sine">WindowClose</animation>
				<control type="group">
					<animation effect="slide" end="0,0" start="0,-1000" time="0" delay="800">WindowOpen</animation>
					<visible>!IsEmpty(Control.GetLabel(312).Index(1))</visible>
					<!-- Background -->
					<control type="image">
						<top>329</top>
						<width>938</width>
						<height>751</height>
						<texture border="4">dialogs/notification_back.png</texture>
						<visible/>
					</control>
					<control type="group">
						<animation effect="slide" end="0,-109" start="0,0" time="0" condition="IntegerGreaterThan(Container(9000).NumItems,3) + [Control.HasFocus(9000) + [Container(9000).Row(3) | Container(9000).Row(4) | Container(9000).Row(5) | Container(9000).Row(6)]]">Conditional</animation>
						<animation effect="slide" end="0,-109" start="0,0" time="0" condition="IntegerGreaterThan(Container(9000).NumItems,3) + Container(9000).Row(6)">Conditional</animation>
						<!-- Done -->
						<control id="300" type="button">
							<left>45</left>
							<top>329</top>
							<width>848</width>
							<height>109</height>
							<onup>999</onup>
							<ondown>Control.SetFocus(9000,0)</ondown>
							<onleft>noop</onleft>
							<onright>noop</onright>
							<onfocus condition="IsEmpty(Control.GetLabel(312).Index(1))">SetFocus(1000)</onfocus>
							<font>-</font>
							<texturefocus>-</texturefocus>
							<texturenofocus>-</texturenofocus>
						</control>
						<!-- Edit -->
						<control id="312" type="edit">
							<left>45</left>
							<top>329</top>
							<width>848</width>
							<height>109</height>
							<font>Light49</font>
							<textcolor>$VAR[SearchEditColor]</textcolor>
							<hinttext>[COLOR 00ffffff].[/COLOR]</hinttext>
						</control>
						<!-- Auto-complete list -->
						<control type="fixedlist" id="9000">
							<left>45</left>
							<top>438</top>
							<content>plugin://script.extendedinfo?info=autocomplete&amp;&amp;id=$INFO[Control.GetLabel(312).Index(1)]</content>
							<!--content>plugin://plugin.program.autocompletion?info=autocomplete&amp;&amp;id=$INFO[Control.GetLabel(312).Index(1)]</content-->
							<width>848</width>
							<height>763</height>
							<onup>300</onup>
							<ondown>noop</ondown>
							<onleft>noop</onleft>
							<onright>noop</onright>
							<onback>SetFocus(1000)</onback>
							<movement>3</movement>
							<focusposition>3</focusposition>
							<orientation>vertical</orientation>
							<scrolltime>0</scrolltime>
							<animation effect="slide" end="0,-327" start="0,0" time="0" condition="StringCompare(Container(9000).NumItems,1)">Conditional</animation>
							<itemlayout height="109" width="848">
								<control type="label">
									<width>848</width>
									<height>109</height>
									<font>Light49</font>
									<textcolor>ffdadada</textcolor>
									<label>$INFO[ListItem.Label]</label>
								</control>
							</itemlayout>
							<focusedlayout height="109" width="848">
								<control type="label">
									<width>848</width>
									<height>109</height>
									<font>Light49</font>
									<textcolor>ffffc24b</textcolor>
									<label>$INFO[ListItem.Label]</label>
									<visible>Control.HasFocus(9000)</visible>
								</control>
								<control type="label">
									<width>848</width>
									<height>109</height>
									<font>Light49</font>
									<textcolor>ffdadada</textcolor>
									<label>$INFO[ListItem.Label]</label>
									<visible>!Control.HasFocus(9000)</visible>
								</control>
							</focusedlayout>
						</control>
					</control>
				</control>
				<!-- Background -->
				<control type="image">
					<width>938</width>
					<height>329</height>
					<texture border="4">dialogs/notification_back.png</texture>
				</control>
				<!-- Icon -->
				<control type="image">
					<left>28</left>
					<top>57</top>
					<width>111</width>
					<height>111</height>
					<texture border="4">dialogs/keyboard_search_icon.png</texture>
				</control>
				<control type="label">
					<left>160</left>
					<top>68</top>
					<width>200</width>
					<height>54</height>
					<font>Light30</font>
					<textcolor>fff4f4f4</textcolor>
					<label>31102</label>
				</control>
				<control type="label">
					<left>160</left>
					<top>108</top>
					<width>600</width>
					<height>54</height>
					<font>Reg27</font>
					<textcolor>ff7f7f7f</textcolor>
					<label>$VAR[SearchKeyboard]</label>
				</control>
				<control type="fixedlist" id="999">
					<top>235</top>
					<width>936</width>
					<height>54</height>
					<onup>Close</onup>
					<ondown condition="!IsEmpty(Control.GetLabel(312).Index(1))">300</ondown>
					<onleft>999</onleft>
					<onright>999</onright>
					<focusposition>1</focusposition>
					<orientation>horizontal</orientation>
					<viewtype label="535">list</viewtype>
					<scrolltime easing="inout" tween="sine">340</scrolltime>
					<itemlayout height="54" width="58">
						<control type="label">
							<left>-24</left>
							<width>58</width>
							<height>54</height>
							<font>Light49</font>
							<align>center</align>
							<textcolor>ff808080</textcolor>
							<label>[UPPERCASE]$INFO[ListItem.Label][/UPPERCASE]</label>
						</control>
						<control type="image">
							<left>-20</left>
							<width>58</width>
							<height>54</height>
							<texture>$INFO[ListItem.ActualIcon]</texture>
						</control>
					</itemlayout>
					<focusedlayout height="54" width="58">
						<control type="label">
							<left>-24</left>
							<width>58</width>
							<height>54</height>
							<font>Light49</font>
							<align>center</align>
							<textcolor>ffffc24b</textcolor>
							<selectedcolor>ffffc24b</selectedcolor>
							<label>[UPPERCASE]$INFO[ListItem.Label][/UPPERCASE]</label>
							<visible>Control.HasFocus(999)</visible>
						</control>
						<control type="label">
							<left>-24</left>
							<width>58</width>
							<height>54</height>
							<font>Light49</font>
							<align>center</align>
							<textcolor>ff808080</textcolor>
							<selectedcolor>ff808080</selectedcolor>
							<label>[UPPERCASE]$INFO[ListItem.Label][/UPPERCASE]</label>
							<visible>!Control.HasFocus(999)</visible>
						</control>
						<control type="image">
							<left>-20</left>
							<width>58</width>
							<height>54</height>
							<texture>$INFO[ListItem.Thumb]</texture>
							<visible>Control.HasFocus(999)</visible>
						</control>
						<control type="image">
							<left>-20</left>
							<width>58</width>
							<height>54</height>
							<texture>$INFO[ListItem.ActualIcon]</texture>
							<visible>!Control.HasFocus(999)</visible>
						</control>
					</focusedlayout>
					<include condition="StringCompare(Skin.String(KeyboardLayout),English QWERTY)">SearchKeyboardQWERTY</include>
					<include condition="StringCompare(Skin.String(KeyboardLayout),English AZERTY)">SearchKeyboardAZERTY</include>
					<include condition="StringCompare(Skin.String(KeyboardLayout),English ABC)">SearchKeyboardABC</include>
				</control>
				<!-- List mask -->
				<control type="image">
					<top>235</top>
					<width>938</width>
					<height>54</height>
					<texture border="1">dialogs/keyboard_mask.png</texture>
				</control>
			</control>
			<!-- Hidden controls -->
			<control id="100" type="button">
				<include>HiddenControl</include>
				<visible>Control.IsEnabled(100)</visible>
			</control>
			<control id="101" type="button">
				<include>HiddenControl</include>
				<visible>Control.IsEnabled(101)</visible>
			</control>
			<control id="102" type="button">
				<include>HiddenControl</include>
				<visible>Control.IsEnabled(102)</visible>
			</control>
			<control id="103" type="button">
				<include>HiddenControl</include>
				<visible>Control.IsEnabled(103)</visible>
			</control>
			<control id="104" type="button">
				<include>HiddenControl</include>
				<visible>Control.IsEnabled(104)</visible>
			</control>
			<control id="105" type="button">
				<include>HiddenControl</include>
				<visible>Control.IsEnabled(105)</visible>
			</control>
			<control id="106" type="button">
				<include>HiddenControl</include>
				<visible>Control.IsEnabled(106)</visible>
			</control>
			<control id="107" type="button">
				<include>HiddenControl</include>
				<visible>Control.IsEnabled(107)</visible>
			</control>
			<control id="108" type="button">
				<include>HiddenControl</include>
				<visible>Control.IsEnabled(108)</visible>
			</control>
			<control id="109" type="button">
				<include>HiddenControl</include>
				<visible>Control.IsEnabled(109)</visible>
			</control>
			<control id="110" type="button">
				<include>HiddenControl</include>
				<visible>Control.IsEnabled(110)</visible>
			</control>
			<control id="111" type="button">
				<include>HiddenControl</include>
				<visible>Control.IsEnabled(111)</visible>
			</control>
			<control id="120" type="button">
				<include>HiddenControl</include>
				<visible>Control.IsEnabled(120)</visible>
			</control>
			<control id="121" type="button">
				<include>HiddenControl</include>
				<visible>Control.IsEnabled(121)</visible>
			</control>
			<control id="122" type="button">
				<include>HiddenControl</include>
				<visible>Control.IsEnabled(122)</visible>
			</control>
			<control id="123" type="button">
				<include>HiddenControl</include>
				<visible>Control.IsEnabled(123)</visible>
			</control>
			<control id="124" type="button">
				<include>HiddenControl</include>
				<visible>Control.IsEnabled(124)</visible>
			</control>
			<control id="125" type="button">
				<include>HiddenControl</include>
				<visible>Control.IsEnabled(125)</visible>
			</control>
			<control id="126" type="button">
				<include>HiddenControl</include>
				<visible>Control.IsEnabled(126)</visible>
			</control>
			<control id="127" type="button">
				<include>HiddenControl</include>
				<visible>Control.IsEnabled(127)</visible>
			</control>
			<control id="128" type="button">
				<include>HiddenControl</include>
				<visible>Control.IsEnabled(128)</visible>
			</control>
			<control id="129" type="button">
				<include>HiddenControl</include>
				<visible>Control.IsEnabled(129)</visible>
			</control>
			<control id="130" type="button">
				<include>HiddenControl</include>
				<visible>Control.IsEnabled(130)</visible>
			</control>
			<control id="131" type="button">
				<include>HiddenControl</include>
				<visible>Control.IsEnabled(131)</visible>
			</control>
			<control id="140" type="button">
				<include>HiddenControl</include>
				<visible>Control.IsEnabled(140)</visible>
			</control>
			<control id="141" type="button">
				<include>HiddenControl</include>
				<visible>Control.IsEnabled(141)</visible>
			</control>
			<control id="142" type="button">
				<include>HiddenControl</include>
				<visible>Control.IsEnabled(142)</visible>
			</control>
			<control id="143" type="button">
				<include>HiddenControl</include>
				<visible>Control.IsEnabled(143)</visible>
			</control>
			<control id="144" type="button">
				<include>HiddenControl</include>
				<visible>Control.IsEnabled(144)</visible>
			</control>
			<control id="145" type="button">
				<include>HiddenControl</include>
				<visible>Control.IsEnabled(145)</visible>
			</control>
			<control id="146" type="button">
				<include>HiddenControl</include>
				<visible>Control.IsEnabled(146)</visible>
			</control>
			<control id="147" type="button">
				<include>HiddenControl</include>
				<visible>Control.IsEnabled(147)</visible>
			</control>
			<control id="148" type="button">
				<include>HiddenControl</include>
				<visible>Control.IsEnabled(148)</visible>
			</control>
			<control id="149" type="button">
				<include>HiddenControl</include>
				<visible>Control.IsEnabled(149)</visible>
			</control>
			<control id="150" type="button">
				<include>HiddenControl</include>
				<visible>Control.IsEnabled(150)</visible>
			</control>
			<control id="151" type="button">
				<include>HiddenControl</include>
				<visible>Control.IsEnabled(151)</visible>
			</control>
			<control id="160" type="button">
				<include>HiddenControl</include>
				<visible>Control.IsEnabled(160)</visible>
			</control>
			<control id="161" type="button">
				<include>HiddenControl</include>
				<visible>Control.IsEnabled(161)</visible>
			</control>
			<control id="162" type="button">
				<include>HiddenControl</include>
				<visible>Control.IsEnabled(162)</visible>
			</control>
			<control id="163" type="button">
				<include>HiddenControl</include>
				<visible>Control.IsEnabled(163)</visible>
			</control>
			<control id="164" type="button">
				<include>HiddenControl</include>
				<visible>Control.IsEnabled(164)</visible>
			</control>
			<control id="165" type="button">
				<include>HiddenControl</include>
				<visible>Control.IsEnabled(165)</visible>
			</control>
			<control id="166" type="button">
				<include>HiddenControl</include>
				<visible>Control.IsEnabled(166)</visible>
			</control>
			<control id="167" type="button">
				<include>HiddenControl</include>
				<visible>Control.IsEnabled(167)</visible>
			</control>
			<control id="168" type="button">
				<include>HiddenControl</include>
				<visible>Control.IsEnabled(168)</visible>
			</control>
			<control id="169" type="button">
				<include>HiddenControl</include>
				<visible>Control.IsEnabled(169)</visible>
			</control>
			<control id="170" type="button">
				<include>HiddenControl</include>
				<visible>Control.IsEnabled(170)</visible>
			</control>
			<control id="171" type="button">
				<include>HiddenControl</include>
				<visible>Control.IsEnabled(171)</visible>
			</control>
			<control id="32" type="button">
				<include>HiddenControl</include>
				<visible>Control.IsEnabled(32)</visible>
			</control>
			<control id="8" type="button">
				<include>HiddenControl</include>
				<visible>Control.IsEnabled(8)</visible>
			</control>
			<control id="305" type="button">
				<include>HiddenControl</include>
				<visible>Control.IsEnabled(305)</visible>
			</control>
			<control id="306" type="button">
				<include>HiddenControl</include>
				<visible>Control.IsEnabled(306)</visible>
			</control>
			<control id="302" type="radiobutton">
				<include>HiddenControl</include>
				<visible>Control.IsEnabled(302)</visible>
			</control>
			<control id="303" type="radiobutton">
				<include>HiddenControl</include>
				<visible>Control.IsEnabled(303)</visible>
			</control>
			<control id="304" type="radiobutton">
				<include>HiddenControl</include>
				<visible>Control.IsEnabled(304)</visible>
			</control>
			<control id="307" type="button">
				<include>HiddenControl</include>
				<visible>Control.IsEnabled(307)</visible>
			</control>
			<control id="309" type="button">
				<include>HiddenControl</include>
				<visible>Control.IsEnabled(309)</visible>
			</control>
			<control id="301" type="button">
				<include>HiddenControl</include>
				<visible>Control.IsEnabled(301)</visible>
			</control>
		</controls>
	</include>
	<!-- Default keyboard -->
	<include name="DefaultKeyboard">
		<controls>
			<!-- Background -->
			<include>DialogBackgroundImage</include>
			<!-- Dialog group -->
			<control type="group">
				<left>455</left>
				<top>102</top>
				<include>DialogZoomAnimation</include>
				<animation condition="Window.IsVisible(numericinput)" easing="inout" effect="fade" end="0" start="100" time="120" tween="sine">Conditional</animation>
				<!-- Background -->
				<control type="image">
					<width>1180</width>
					<height>879</height>
					<texture border="32">dialogs/DialogMessageBackground.png</texture>
					<visible>Control.IsVisible(111) | Control.IsVisible(131) | Control.IsVisible(151) | Control.IsVisible(171)</visible>
				</control>
				<control type="image">
					<width>1100</width>
					<height>879</height>
					<texture border="32">dialogs/DialogMessageBackground.png</texture>
					<visible>[Control.IsVisible(110) | Control.IsVisible(130) | Control.IsVisible(150) | Control.IsVisible(170)] + [!Control.IsVisible(111) + !Control.IsVisible(131) + !Control.IsVisible(151) + !Control.IsVisible(171)]</visible>
				</control>
				<control type="image">
					<width>1010</width>
					<height>879</height>
					<texture border="32">dialogs/DialogMessageBackground.png</texture>
					<visible>!Control.IsVisible(110) + !Control.IsVisible(130) + !Control.IsVisible(150) + !Control.IsVisible(170) + !Control.IsVisible(111) + !Control.IsVisible(131) + !Control.IsVisible(151) + !Control.IsVisible(171)</visible>
				</control>
				<!-- Control group -->
				<control type="group">
					<left>61</left>
					<top>48</top>
					<!-- Heading -->
					<control id="311" type="label">
						<width>888</width>
						<height>36</height>
						<font>LightCap36</font>
						<label>13406</label>
						<textcolor>ffdadada</textcolor>
					</control>
					<!-- Edit -->
					<control id="312" type="edit">
						<top>70</top>
						<width>888</width>
						<height>48</height>
						<ondown>1000</ondown>
						<font>Light39</font>
						<textcolor>ffdadada</textcolor>
						<focusedcolor>ffdadada</focusedcolor>
						<hinttext>[COLOR ff414141]Joe Bloggs[/COLOR]</hinttext>
					</control>
					<!-- Edit Text line -->
					<control type="image">
						<top>126</top>
						<width>888</width>
						<height>2</height>
						<texture border="1">dialogs/KeyboardEditLine.png</texture>
					</control>
					<!-- Keys -->
					<control type="group">
						<top>152</top>
						<!-- First row -->
						<control id="1000" type="grouplist">
							<width>1080</width>
							<height>78</height>
							<itemgap>12</itemgap>
							<onup>312</onup>
							<onleft>1000</onleft>
							<onright>1000</onright>
							<orientation>horizontal</orientation>
							<control id="100" type="button">
								<!-- (0,0) key button -->
								<ondown>120</ondown>
								<include>KeyboardButtons</include>
							</control>
							<control id="101" type="button">
								<!-- (0,1) key button -->
								<ondown>121</ondown>
								<include>KeyboardButtons</include>
							</control>
							<control id="102" type="button">
								<!-- (0,2) key button -->
								<ondown>122</ondown>
								<include>KeyboardButtons</include>
							</control>
							<control id="103" type="button">
								<!-- (0,3) key button -->
								<ondown>123</ondown>
								<include>KeyboardButtons</include>
							</control>
							<control id="104" type="button">
								<!-- (0,4) key button -->
								<ondown>124</ondown>
								<include>KeyboardButtons</include>
							</control>
							<control id="105" type="button">
								<!-- (0,5) key button -->
								<ondown>125</ondown>
								<include>KeyboardButtons</include>
							</control>
							<control id="106" type="button">
								<!-- (0,6) key button -->
								<ondown>126</ondown>
								<include>KeyboardButtons</include>
							</control>
							<control id="107" type="button">
								<!-- (0,7) key button -->
								<ondown>127</ondown>
								<include>KeyboardButtons</include>
							</control>
							<control id="108" type="button">
								<!-- (0,8) key button -->
								<ondown>128</ondown>
								<include>KeyboardButtons</include>
							</control>
							<control id="109" type="button">
								<!-- (0,9) key button -->
								<ondown>129</ondown>
								<include>KeyboardButtons</include>
							</control>
							<control id="110" type="button">
								<!-- (0,10) key button -->
								<ondown>130</ondown>
								<include>KeyboardButtons</include>
							</control>
							<control id="111" type="button">
								<!-- (0,11) key button -->
								<ondown>131</ondown>
								<include>KeyboardButtons</include>
							</control>
						</control>
						<!-- Second row -->
						<control id="2000" type="grouplist">
							<top>90</top>
							<width>1080</width>
							<height>78</height>
							<itemgap>12</itemgap>
							<onleft>2000</onleft>
							<onright>2000</onright>
							<orientation>horizontal</orientation>
							<control id="120" type="button">
								<!-- (1,0) key button -->
								<onup>100</onup>
								<ondown>140</ondown>
								<include>KeyboardButtons</include>
							</control>
							<control id="121" type="button">
								<!-- (1,1) key button -->
								<onup>101</onup>
								<ondown>141</ondown>
								<include>KeyboardButtons</include>
							</control>
							<control id="122" type="button">
								<!-- (1,2) key button -->
								<onup>102</onup>
								<ondown>142</ondown>
								<include>KeyboardButtons</include>
							</control>
							<control id="123" type="button">
								<!-- (1,3) key button -->
								<onup>103</onup>
								<ondown>143</ondown>
								<include>KeyboardButtons</include>
							</control>
							<control id="124" type="button">
								<!-- (1,4) key button -->
								<onup>104</onup>
								<ondown>144</ondown>
								<include>KeyboardButtons</include>
							</control>
							<control id="125" type="button">
								<!-- (1,5) key button -->
								<onup>105</onup>
								<ondown>145</ondown>
								<include>KeyboardButtons</include>
							</control>
							<control id="126" type="button">
								<!-- (1,6) key button -->
								<onup>106</onup>
								<ondown>146</ondown>
								<include>KeyboardButtons</include>
							</control>
							<control id="127" type="button">
								<!-- (1,7) key button -->
								<onup>107</onup>
								<ondown>147</ondown>
								<include>KeyboardButtons</include>
							</control>
							<control id="128" type="button">
								<!-- (1,8) key button -->
								<onup>108</onup>
								<ondown>148</ondown>
								<include>KeyboardButtons</include>
							</control>
							<control id="129" type="button">
								<!-- (1,9) key button -->
								<onup>109</onup>
								<ondown>149</ondown>
								<include>KeyboardButtons</include>
							</control>
							<control id="130" type="button">
								<!-- (1,10) key button -->
								<onup>110</onup>
								<ondown>150</ondown>
								<include>KeyboardButtons</include>
							</control>
							<control id="131" type="button">
								<!-- (1,11) key button -->
								<onup>111</onup>
								<ondown>151</ondown>
								<include>KeyboardButtons</include>
							</control>
						</control>
						<!-- Third row -->
						<control id="3000" type="grouplist">
							<top>180</top>
							<width>1080</width>
							<height>78</height>
							<itemgap>12</itemgap>
							<onleft>3000</onleft>
							<onright>3000</onright>
							<orientation>horizontal</orientation>
							<control id="140" type="button">
								<!-- (2,0) key button -->
								<onup>120</onup>
								<ondown>160</ondown>
								<include>KeyboardButtons</include>
							</control>
							<control id="141" type="button">
								<!-- (2,1) key button -->
								<onup>121</onup>
								<ondown>161</ondown>
								<include>KeyboardButtons</include>
							</control>
							<control id="142" type="button">
								<!-- (2,2) key button -->
								<onup>122</onup>
								<ondown>162</ondown>
								<include>KeyboardButtons</include>
							</control>
							<control id="143" type="button">
								<!-- (2,3) key button -->
								<onup>123</onup>
								<ondown>163</ondown>
								<include>KeyboardButtons</include>
							</control>
							<control id="144" type="button">
								<!-- (2,4) key button -->
								<onup>124</onup>
								<ondown>164</ondown>
								<include>KeyboardButtons</include>
							</control>
							<control id="145" type="button">
								<!-- (2,5) key button -->
								<onup>125</onup>
								<ondown>165</ondown>
								<include>KeyboardButtons</include>
							</control>
							<control id="146" type="button">
								<!-- (2,6) key button -->
								<onup>126</onup>
								<ondown>166</ondown>
								<include>KeyboardButtons</include>
							</control>
							<control id="147" type="button">
								<!-- (2,7) key button -->
								<onup>127</onup>
								<ondown>167</ondown>
								<include>KeyboardButtons</include>
							</control>
							<control id="148" type="button">
								<!-- (2,8) key button -->
								<onup>128</onup>
								<ondown>168</ondown>
								<include>KeyboardButtons</include>
							</control>
							<control id="149" type="button">
								<!-- (2,9) key button -->
								<onup>129</onup>
								<ondown>169</ondown>
								<include>KeyboardButtons</include>
							</control>
							<control id="150" type="button">
								<!-- (2,10) key button -->
								<onup>130</onup>
								<ondown>170</ondown>
								<include>KeyboardButtons</include>
							</control>
							<control id="151" type="button">
								<!-- (2,11) key button -->
								<onup>131</onup>
								<ondown>171</ondown>
								<include>KeyboardButtons</include>
							</control>
						</control>
						<!-- Forth row -->
						<control id="4000" type="grouplist">
							<top>270</top>
							<width>1080</width>
							<height>78</height>
							<itemgap>12</itemgap>
							<onleft>4000</onleft>
							<onright>4000</onright>
							<orientation>horizontal</orientation>
							<control id="160" type="button">
								<!-- (3,0) key button -->
								<onup>140</onup>
								<ondown>32</ondown>
								<include>KeyboardButtons</include>
							</control>
							<control id="161" type="button">
								<!-- (3,1) key button -->
								<onup>141</onup>
								<ondown>32</ondown>
								<include>KeyboardButtons</include>
							</control>
							<control id="162" type="button">
								<!-- (3,2) key button -->
								<onup>142</onup>
								<ondown>32</ondown>
								<include>KeyboardButtons</include>
							</control>
							<control id="163" type="button">
								<!-- (3,3) key button -->
								<onup>143</onup>
								<ondown>32</ondown>
								<include>KeyboardButtons</include>
							</control>
							<control id="164" type="button">
								<!-- (3,4) key button -->
								<onup>144</onup>
								<ondown>32</ondown>
								<include>KeyboardButtons</include>
							</control>
							<control id="165" type="button">
								<!-- (3,5) key button -->
								<onup>145</onup>
								<ondown>8</ondown>
								<include>KeyboardButtons</include>
							</control>
							<control id="166" type="button">
								<!-- (3,6) key button -->
								<onup>146</onup>
								<ondown>8</ondown>
								<include>KeyboardButtons</include>
							</control>
							<control id="167" type="button">
								<!-- (3,7) key button -->
								<onup>147</onup>
								<ondown>8</ondown>
								<include>KeyboardButtons</include>
							</control>
							<control id="168" type="button">
								<!-- (3,8) key button -->
								<onup>148</onup>
								<ondown>305</ondown>
								<include>KeyboardButtons</include>
							</control>
							<control id="169" type="button">
								<!-- (3,9) key button -->
								<onup>149</onup>
								<ondown>306</ondown>
								<include>KeyboardButtons</include>
							</control>
							<control id="170" type="button">
								<!-- (3,10) key button -->
								<onup>150</onup>
								<ondown>306</ondown>
								<include>KeyboardButtons</include>
							</control>
							<control id="171" type="button">
								<!-- (3,11) key button -->
								<onup>151</onup>
								<ondown>306</ondown>
								<include>KeyboardButtons</include>
							</control>
						</control>
						<!-- Fifth row -->
						<control id="5000" type="grouplist">
							<top>360</top>
							<width>1080</width>
							<height>78</height>
							<itemgap>12</itemgap>
							<onleft>5000</onleft>
							<onright>5000</onright>
							<orientation>horizontal</orientation>
							<!-- SPACE -->
							<control id="32" type="button">
								<onup>160</onup>
								<ondown>302</ondown>
								<width>438</width>
								<label>20182</label>
								<include>KeyboardButtons</include>
							</control>
							<!-- BACKSPACE -->
							<control id="8" type="button">
								<onup>165</onup>
								<ondown>303</ondown>
								<width>258</width>
								<label>20181</label>
								<include>KeyboardButtons</include>
							</control>
							<!-- Previous -->
							<control id="305" type="button">
								<onup>168</onup>
								<ondown>304</ondown>
								<label>&lt;</label>
								<include>KeyboardButtons</include>
							</control>
							<!-- Next -->
							<control id="306" type="button">
								<onup>169</onup>
								<ondown>307</ondown>
								<label>&gt;</label>
								<include>KeyboardButtons</include>
							</control>
						</control>
						<!-- Dummy Sixth row -->
						<control id="6000" type="grouplist">
							<top>450</top>
							<width>1080</width>
							<height>78</height>
							<itemgap>12</itemgap>
							<onleft>6000</onleft>
							<onright>6000</onright>
							<orientation>horizontal</orientation>
							<!-- Shift on -->
							<control type="image">
								<width>348</width>
								<height>78</height>
								<texture border="3">dialogs/KeyboardButtonToggleOn.png</texture>
								<visible>SubString(Control.GetLabel(302),*)</visible>
							</control>
							<!-- Shift off -->
							<control type="image">
								<width>348</width>
								<height>78</height>
								<texture border="3">dialogs/KeyboardButtonToggleOff.png</texture>
								<visible>!SubString(Control.GetLabel(302),*)</visible>
							</control>
							<!-- Caps lock on-->
							<control type="image">
								<width>348</width>
								<height>78</height>
								<texture border="3">dialogs/KeyboardButtonToggleOn.png</texture>
								<visible>SubString(Control.GetLabel(303),*)</visible>
							</control>
							<!-- Caps lock off-->
							<control type="image">
								<width>348</width>
								<height>78</height>
								<texture border="3">dialogs/KeyboardButtonToggleOff.png</texture>
								<visible>!SubString(Control.GetLabel(303),*)</visible>
							</control>
							<!-- Symbols on -->
							<control type="image">
								<width>78</width>
								<height>78</height>
								<texture border="3">dialogs/KeyboardButtonToggleOn.png</texture>
								<visible>SubString(Control.GetLabel(304),*)</visible>
							</control>
							<!-- Symbols off -->
							<control type="image">
								<width>78</width>
								<height>78</height>
								<texture border="3">dialogs/KeyboardButtonToggleOff.png</texture>
								<visible>!SubString(Control.GetLabel(304),*)</visible>
							</control>
						</control>
						<!-- Sixth row -->
						<control id="6000" type="grouplist">
							<top>450</top>
							<width>1080</width>
							<height>78</height>
							<itemgap>12</itemgap>
							<onleft>6000</onleft>
							<onright>6000</onright>
							<orientation>horizontal</orientation>
							<!-- Shift -->
							<control id="302" type="radiobutton">
								<width>348</width>
								<onup>32</onup>
								<ondown>309</ondown>
								<label>20178</label>
								<texturenofocus>-</texturenofocus>
								<textureradioonfocus>-</textureradioonfocus>
								<textureradioonnofocus>-</textureradioonnofocus>
								<textureradioofffocus>-</textureradioofffocus>
								<textureradiooffnofocus>-</textureradiooffnofocus>
								<include>KeyboardButtons</include>
							</control>
							<!-- Caps lock -->
							<control id="303" type="radiobutton">
								<width>348</width>
								<onup>8</onup>
								<ondown>301</ondown>
								<label>20179</label>
								<texturenofocus>-</texturenofocus>
								<textureradioonfocus>-</textureradioonfocus>
								<textureradioonnofocus>-</textureradioonnofocus>
								<textureradioofffocus>-</textureradioofffocus>
								<textureradiooffnofocus>-</textureradiooffnofocus>
								<include>KeyboardButtons</include>
							</control>
							<!-- Symbols -->
							<control id="304" type="radiobutton">
								<width>78</width>
								<onup>306</onup>
								<ondown>300</ondown>
								<label>#$</label>
								<texturenofocus>-</texturenofocus>
								<textureradioonfocus>-</textureradioonfocus>
								<textureradioonnofocus>-</textureradioonnofocus>
								<textureradioofffocus>-</textureradioofffocus>
								<textureradiooffnofocus>-</textureradiooffnofocus>
								<include>KeyboardButtons</include>
							</control>
							<!-- IP address -->
							<control id="307" type="button">
								<width>78</width>
								<onup>306</onup>
								<ondown>300</ondown>
								<include>KeyboardButtons</include>
								<label>$LOCALIZE[31068]</label>
							</control>
						</control>
						<!-- Seventh row -->
						<control id="7000" type="grouplist">
							<top>540</top>
							<width>1080</width>
							<height>78</height>
							<itemgap>12</itemgap>
							<onleft>7000</onleft>
							<onright>7000</onright>
							<orientation>horizontal</orientation>
							<!-- Layout -->
							<control id="309" type="button">
								<width>438</width>
								<onup>302</onup>
								<include>KeyboardButtons</include>
								<label>20177</label>
							</control>
							<!-- Cancel Button -->
							<control id="301" type="button">
								<width>258</width>
								<onup>303</onup>
								<include>KeyboardButtons</include>
								<label>222</label>
							</control>
							<!-- Done -->
							<control id="300" type="button">
								<width>168</width>
								<onup>307</onup>
								<include>KeyboardButtons</include>
								<label>20177</label>
							</control>
						</control>
					</control>
				</control>
			</control>
		</controls>
	</include>
	<include name="SearchKeyboardQWERTY">
		<content>
			<item>
				<!-- A -->
				<onclick>SendClick(140)</onclick>
				<label>A</label>
				<visible>Control.IsVisible(140)</visible>
			</item>
			<item>
				<!-- B -->
				<onclick>SendClick(164)</onclick>
				<label>B</label>
				<visible>Control.IsVisible(164)</visible>
			</item>
			<item>
				<!-- C -->
				<onclick>SendClick(162)</onclick>
				<label>C</label>
				<visible>Control.IsVisible(162)</visible>
			</item>
			<item>
				<!-- D -->
				<onclick>SendClick(142)</onclick>
				<label>D</label>
				<visible>Control.IsVisible(142)</visible>
			</item>
			<item>
				<!-- E -->
				<onclick>SendClick(122)</onclick>
				<label>E</label>
				<visible>Control.IsVisible(122)</visible>
			</item>
			<item>
				<!-- F -->
				<onclick>SendClick(143)</onclick>
				<label>F</label>
				<visible>Control.IsVisible(143)</visible>
			</item>
			<item>
				<!-- G -->
				<onclick>SendClick(144)</onclick>
				<label>G</label>
				<visible>Control.IsVisible(144)</visible>
			</item>
			<item>
				<!-- H -->
				<onclick>SendClick(145)</onclick>
				<label>H</label>
				<visible>Control.IsVisible(145)</visible>
			</item>
			<item>
				<!-- I -->
				<onclick>SendClick(127)</onclick>
				<label>I</label>
				<visible>Control.IsVisible(127)</visible>
			</item>
			<item>
				<!-- J -->
				<onclick>SendClick(146)</onclick>
				<label>J</label>
				<visible>Control.IsVisible(129)</visible>
			</item>
			<item>
				<!-- K -->
				<onclick>SendClick(147)</onclick>
				<label>K</label>
				<visible>Control.IsVisible(140)</visible>
			</item>
			<item>
				<!-- L -->
				<onclick>SendClick(148)</onclick>
				<label>L</label>
				<visible>Control.IsVisible(141)</visible>
			</item>
			<item>
				<!-- M -->
				<onclick>SendClick(166)</onclick>
				<label>M</label>
				<visible>Control.IsVisible(166)</visible>
			</item>
			<item>
				<!-- N -->
				<onclick>SendClick(165)</onclick>
				<label>N</label>
				<visible>Control.IsVisible(165)</visible>
			</item>
			<item>
				<!-- O -->
				<onclick>SendClick(128)</onclick>
				<label>O</label>
				<visible>Control.IsVisible(128)</visible>
			</item>
			<item>
				<!-- P -->
				<onclick>SendClick(129)</onclick>
				<label>P</label>
				<visible>Control.IsVisible(129)</visible>
			</item>
			<item>
				<!-- Q -->
				<onclick>SendClick(120)</onclick>
				<label>Q</label>
				<visible>Control.IsVisible(146)</visible>
			</item>
			<item>
				<!-- R -->
				<onclick>SendClick(123)</onclick>
				<label>R</label>
				<visible>Control.IsVisible(123)</visible>
			</item>
			<item>
				<!-- S -->
				<onclick>SendClick(141)</onclick>
				<label>S</label>
				<visible>Control.IsVisible(141)</visible>
			</item>
			<item>
				<!-- T -->
				<onclick>SendClick(124)</onclick>
				<label>T</label>
				<visible>Control.IsVisible(124)</visible>
			</item>
			<item>
				<!-- U -->
				<onclick>SendClick(126)</onclick>
				<label>U</label>
				<visible>Control.IsVisible(126)</visible>
			</item>
			<item>
				<!-- V -->
				<onclick>SendClick(163)</onclick>
				<label>V</label>
				<visible>Control.IsVisible(163)</visible>
			</item>
			<item>
				<!-- W -->
				<onclick>SendClick(121)</onclick>
				<label>W</label>
				<visible>Control.IsVisible(121)</visible>
			</item>
			<item>
				<!-- X -->
				<onclick>SendClick(161)</onclick>
				<label>X</label>
				<visible>Control.IsVisible(163)</visible>
			</item>
			<item>
				<!-- Y -->
				<onclick>SendClick(125)</onclick>
				<label>Y</label>
				<visible>Control.IsVisible(128)</visible>
			</item>
			<item>
				<!-- Z -->
				<onclick>SendClick(160)</onclick>
				<label>Z</label>
				<visible>Control.IsVisible(160)</visible>
			</item>
			<item>
				<!-- 1 -->
				<onclick>SendClick(100)</onclick>
				<label>$NUMBER[1]</label>
				<visible>Control.IsVisible(100)</visible>
			</item>
			<item>
				<!-- 2 -->
				<onclick>SendClick(101)</onclick>
				<label>$NUMBER[2]</label>
				<visible>Control.IsVisible(101)</visible>
			</item>
			<item>
				<!-- 3 -->
				<onclick>SendClick(102)</onclick>
				<label>$NUMBER[3]</label>
				<visible>Control.IsVisible(102)</visible>
			</item>
			<item>
				<!-- 4 -->
				<onclick>SendClick(103)</onclick>
				<label>$NUMBER[4]</label>
				<visible>Control.IsVisible(103)</visible>
			</item>
			<item>
				<!-- 5 -->
				<onclick>SendClick(104)</onclick>
				<label>$NUMBER[5]</label>
				<visible>Control.IsVisible(104)</visible>
			</item>
			<item>
				<!-- 6 -->
				<onclick>SendClick(105)</onclick>
				<label>$NUMBER[6]</label>
				<visible>Control.IsVisible(105)</visible>
			</item>
			<item>
				<!-- 7 -->
				<onclick>SendClick(106)</onclick>
				<label>$NUMBER[7]</label>
				<visible>Control.IsVisible(106)</visible>
			</item>
			<item>
				<!-- 8 -->
				<onclick>SendClick(107)</onclick>
				<label>$NUMBER[8]</label>
				<visible>Control.IsVisible(107)</visible>
			</item>
			<item>
				<!-- 9 -->
				<onclick>SendClick(108)</onclick>
				<label>$NUMBER[9]</label>
				<visible>Control.IsVisible(108)</visible>
			</item>
			<item>
				<!-- 0 -->
				<onclick>SendClick(109)</onclick>
				<label>$NUMBER[0]</label>
				<visible>Control.IsVisible(109)</visible>
			</item>
		</content>
	</include>
	<include name="SearchKeyboardAZERTY">
		<content>
			<item>
				<!-- A -->
				<onclick>SendClick(120)</onclick>
				<label>A</label>
				<visible>Control.IsVisible(120)</visible>
			</item>
			<item>
				<!-- B -->
				<onclick>SendClick(164)</onclick>
				<label>B</label>
				<visible>Control.IsVisible(164)</visible>
			</item>
			<item>
				<!-- C -->
				<onclick>SendClick(162)</onclick>
				<label>C</label>
				<visible>Control.IsVisible(162)</visible>
			</item>
			<item>
				<!-- D -->
				<onclick>SendClick(142)</onclick>
				<label>D</label>
				<visible>Control.IsVisible(142)</visible>
			</item>
			<item>
				<!-- E -->
				<onclick>SendClick(122)</onclick>
				<label>E</label>
				<visible>Control.IsVisible(122)</visible>
			</item>
			<item>
				<!-- F -->
				<onclick>SendClick(143)</onclick>
				<label>F</label>
				<visible>Control.IsVisible(143)</visible>
			</item>
			<item>
				<!-- G -->
				<onclick>SendClick(144)</onclick>
				<label>G</label>
				<visible>Control.IsVisible(144)</visible>
			</item>
			<item>
				<!-- H -->
				<onclick>SendClick(145)</onclick>
				<label>H</label>
				<visible>Control.IsVisible(145)</visible>
			</item>
			<item>
				<!-- I -->
				<onclick>SendClick(127)</onclick>
				<label>I</label>
				<visible>Control.IsVisible(127)</visible>
			</item>
			<item>
				<!-- J -->
				<onclick>SendClick(146)</onclick>
				<label>J</label>
				<visible>Control.IsVisible(129)</visible>
			</item>
			<item>
				<!-- K -->
				<onclick>SendClick(147)</onclick>
				<label>K</label>
				<visible>Control.IsVisible(140)</visible>
			</item>
			<item>
				<!-- L -->
				<onclick>SendClick(148)</onclick>
				<label>L</label>
				<visible>Control.IsVisible(141)</visible>
			</item>
			<item>
				<!-- M -->
				<onclick>SendClick(149)</onclick>
				<label>M</label>
				<visible>Control.IsVisible(149)</visible>
			</item>
			<item>
				<!-- N -->
				<onclick>SendClick(165)</onclick>
				<label>N</label>
				<visible>Control.IsVisible(165)</visible>
			</item>
			<item>
				<!-- O -->
				<onclick>SendClick(128)</onclick>
				<label>O</label>
				<visible>Control.IsVisible(128)</visible>
			</item>
			<item>
				<!-- P -->
				<onclick>SendClick(129)</onclick>
				<label>P</label>
				<visible>Control.IsVisible(129)</visible>
			</item>
			<item>
				<!-- Q -->
				<onclick>SendClick(140)</onclick>
				<label>Q</label>
				<visible>Control.IsVisible(140)</visible>
			</item>
			<item>
				<!-- R -->
				<onclick>SendClick(123)</onclick>
				<label>R</label>
				<visible>Control.IsVisible(123)</visible>
			</item>
			<item>
				<!-- S -->
				<onclick>SendClick(141)</onclick>
				<label>S</label>
				<visible>Control.IsVisible(141)</visible>
			</item>
			<item>
				<!-- T -->
				<onclick>SendClick(124)</onclick>
				<label>T</label>
				<visible>Control.IsVisible(124)</visible>
			</item>
			<item>
				<!-- U -->
				<onclick>SendClick(126)</onclick>
				<label>U</label>
				<visible>Control.IsVisible(126)</visible>
			</item>
			<item>
				<!-- V -->
				<onclick>SendClick(163)</onclick>
				<label>V</label>
				<visible>Control.IsVisible(163)</visible>
			</item>
			<item>
				<!-- W -->
				<onclick>SendClick(160)</onclick>
				<label>W</label>
				<visible>Control.IsVisible(160)</visible>
			</item>
			<item>
				<!-- X -->
				<onclick>SendClick(161)</onclick>
				<label>X</label>
				<visible>Control.IsVisible(163)</visible>
			</item>
			<item>
				<!-- Y -->
				<onclick>SendClick(125)</onclick>
				<label>Y</label>
				<visible>Control.IsVisible(128)</visible>
			</item>
			<item>
				<!-- Z -->
				<onclick>SendClick(121)</onclick>
				<label>Z</label>
				<visible>Control.IsVisible(121)</visible>
			</item>
			<item>
				<!-- 1 -->
				<onclick>SendClick(100)</onclick>
				<label>$NUMBER[1]</label>
				<visible>Control.IsVisible(100)</visible>
			</item>
			<item>
				<!-- 2 -->
				<onclick>SendClick(101)</onclick>
				<label>$NUMBER[2]</label>
				<visible>Control.IsVisible(101)</visible>
			</item>
			<item>
				<!-- 3 -->
				<onclick>SendClick(102)</onclick>
				<label>$NUMBER[3]</label>
				<visible>Control.IsVisible(102)</visible>
			</item>
			<item>
				<!-- 4 -->
				<onclick>SendClick(103)</onclick>
				<label>$NUMBER[4]</label>
				<visible>Control.IsVisible(103)</visible>
			</item>
			<item>
				<!-- 5 -->
				<onclick>SendClick(104)</onclick>
				<label>$NUMBER[5]</label>
				<visible>Control.IsVisible(104)</visible>
			</item>
			<item>
				<!-- 6 -->
				<onclick>SendClick(105)</onclick>
				<label>$NUMBER[6]</label>
				<visible>Control.IsVisible(105)</visible>
			</item>
			<item>
				<!-- 7 -->
				<onclick>SendClick(106)</onclick>
				<label>$NUMBER[7]</label>
				<visible>Control.IsVisible(106)</visible>
			</item>
			<item>
				<!-- 8 -->
				<onclick>SendClick(107)</onclick>
				<label>$NUMBER[8]</label>
				<visible>Control.IsVisible(107)</visible>
			</item>
			<item>
				<!-- 9 -->
				<onclick>SendClick(108)</onclick>
				<label>$NUMBER[9]</label>
				<visible>Control.IsVisible(108)</visible>
			</item>
			<item>
				<!-- 0 -->
				<onclick>SendClick(109)</onclick>
				<label>$NUMBER[0]</label>
				<visible>Control.IsVisible(109)</visible>
			</item>
		</content>
	</include>
	<include name="SearchKeyboardABC">
		<content>
			<item>
				<!-- A -->
				<onclick>SendClick(120)</onclick>
				<label>A</label>
				<visible>Control.IsVisible(120)</visible>
			</item>
			<item>
				<!-- B -->
				<onclick>SendClick(121)</onclick>
				<label>B</label>
				<visible>Control.IsVisible(121)</visible>
			</item>
			<item>
				<!-- C -->
				<onclick>SendClick(122)</onclick>
				<label>C</label>
				<visible>Control.IsVisible(122)</visible>
			</item>
			<item>
				<!-- D -->
				<onclick>SendClick(123)</onclick>
				<label>D</label>
				<visible>Control.IsVisible(123)</visible>
			</item>
			<item>
				<!-- E -->
				<onclick>SendClick(124)</onclick>
				<label>E</label>
				<visible>Control.IsVisible(124)</visible>
			</item>
			<item>
				<!-- F -->
				<onclick>SendClick(125)</onclick>
				<label>F</label>
				<visible>Control.IsVisible(125)</visible>
			</item>
			<item>
				<!-- G -->
				<onclick>SendClick(126)</onclick>
				<label>G</label>
				<visible>Control.IsVisible(126)</visible>
			</item>
			<item>
				<!-- H -->
				<onclick>SendClick(127)</onclick>
				<label>H</label>
				<visible>Control.IsVisible(127)</visible>
			</item>
			<item>
				<!-- I -->
				<onclick>SendClick(128)</onclick>
				<label>I</label>
				<visible>Control.IsVisible(128)</visible>
			</item>
			<item>
				<!-- J -->
				<onclick>SendClick(129)</onclick>
				<label>J</label>
				<visible>Control.IsVisible(129)</visible>
			</item>
			<item>
				<!-- K -->
				<onclick>SendClick(140)</onclick>
				<label>K</label>
				<visible>Control.IsVisible(140)</visible>
			</item>
			<item>
				<!-- L -->
				<onclick>SendClick(141)</onclick>
				<label>L</label>
				<visible>Control.IsVisible(141)</visible>
			</item>
			<item>
				<!-- M -->
				<onclick>SendClick(142)</onclick>
				<label>M</label>
				<visible>Control.IsVisible(142)</visible>
			</item>
			<item>
				<!-- N -->
				<onclick>SendClick(143)</onclick>
				<label>N</label>
				<visible>Control.IsVisible(143)</visible>
			</item>
			<item>
				<!-- O -->
				<onclick>SendClick(144)</onclick>
				<label>O</label>
				<visible>Control.IsVisible(144)</visible>
			</item>
			<item>
				<!-- P -->
				<onclick>SendClick(145)</onclick>
				<label>P</label>
				<visible>Control.IsVisible(145)</visible>
			</item>
			<item>
				<!-- Q -->
				<onclick>SendClick(146)</onclick>
				<label>Q</label>
				<visible>Control.IsVisible(146)</visible>
			</item>
			<item>
				<!-- R -->
				<onclick>SendClick(147)</onclick>
				<label>R</label>
				<visible>Control.IsVisible(147)</visible>
			</item>
			<item>
				<!-- S -->
				<onclick>SendClick(148)</onclick>
				<label>S</label>
				<visible>Control.IsVisible(148)</visible>
			</item>
			<item>
				<!-- T -->
				<onclick>SendClick(149)</onclick>
				<label>T</label>
				<visible>Control.IsVisible(149)</visible>
			</item>
			<item>
				<!-- U -->
				<onclick>SendClick(160)</onclick>
				<label>U</label>
				<visible>Control.IsVisible(160)</visible>
			</item>
			<item>
				<!-- V -->
				<onclick>SendClick(161)</onclick>
				<label>V</label>
				<visible>Control.IsVisible(161)</visible>
			</item>
			<item>
				<!-- W -->
				<onclick>SendClick(162)</onclick>
				<label>W</label>
				<visible>Control.IsVisible(162)</visible>
			</item>
			<item>
				<!-- X -->
				<onclick>SendClick(163)</onclick>
				<label>X</label>
				<visible>Control.IsVisible(163)</visible>
			</item>
			<item>
				<!-- Y -->
				<onclick>SendClick(164)</onclick>
				<label>Y</label>
				<visible>Control.IsVisible(164)</visible>
			</item>
			<item>
				<!-- Z -->
				<onclick>SendClick(165)</onclick>
				<label>Z</label>
				<visible>Control.IsVisible(165)</visible>
			</item>
			<item>
				<!-- 1 -->
				<onclick>SendClick(101)</onclick>
				<label>$NUMBER[1]</label>
				<visible>Control.IsVisible(101)</visible>
			</item>
			<item>
				<!-- 2 -->
				<onclick>SendClick(102)</onclick>
				<label>$NUMBER[2]</label>
				<visible>Control.IsVisible(102)</visible>
			</item>
			<item>
				<!-- 3 -->
				<onclick>SendClick(103)</onclick>
				<label>$NUMBER[3]</label>
				<visible>Control.IsVisible(103)</visible>
			</item>
			<item>
				<!-- 4 -->
				<onclick>SendClick(104)</onclick>
				<label>$NUMBER[4]</label>
				<visible>Control.IsVisible(104)</visible>
			</item>
			<item>
				<!-- 5 -->
				<onclick>SendClick(105)</onclick>
				<label>$NUMBER[5]</label>
				<visible>Control.IsVisible(105)</visible>
			</item>
			<item>
				<!-- 6 -->
				<onclick>SendClick(106)</onclick>
				<label>$NUMBER[6]</label>
				<visible>Control.IsVisible(106)</visible>
			</item>
			<item>
				<!-- 7 -->
				<onclick>SendClick(107)</onclick>
				<label>$NUMBER[7]</label>
				<visible>Control.IsVisible(107)</visible>
			</item>
			<item>
				<!-- 8 -->
				<onclick>SendClick(108)</onclick>
				<label>$NUMBER[8]</label>
				<visible>Control.IsVisible(108)</visible>
			</item>
			<item>
				<!-- 9 -->
				<onclick>SendClick(109)</onclick>
				<label>$NUMBER[9]</label>
				<visible>Control.IsVisible(109)</visible>
			</item>
			<item>
				<!-- 0 -->
				<onclick>SendClick(100)</onclick>
				<label>$NUMBER[0]</label>
				<visible>Control.IsVisible(100)</visible>
			</item>
			<item>
				<!-- Backspace -->
				<onclick>SendClick(8)</onclick>
				<label>-</label>
				<icon>dialogs/keyboard_backspace_nf.png</icon>
				<thumb>dialogs/keyboard_backspace_fo.png</thumb>
				<visible>Control.IsVisible(8)</visible>
			</item>
			<item>
				<!-- Space -->
				<onclick>SendClick(32)</onclick>
				<label>-</label>
				<icon>dialogs/keyboard_space_nf.png</icon>
				<thumb>dialogs/keyboard_space_fo.png</thumb>
				<visible>Control.IsVisible(32)</visible>
			</item>
		</content>
	</include>
</includes>