<includes>
	<include name="NextAiredItems">
		<item id="1$PARAM[ItemID]">
			<onclick>SetFocus($PARAM[ItemID])</onclick>
			<label>$INFO[Window(home).Property(NextAired.$PARAM[ItemID].Weekday)]</label>
			<property name="OnDown">SetFocus($PARAM[ItemID])</property>
			<visible>!StringCompare(Window(Home).Property(NextAired.$PARAM[ItemID].Weekday),) + !IsEmpty(Container($PARAM[ItemID]).ListItem.Label)</visible>
		</item>
	</include>
	<include name="NextAiredLists">
		<control type="fixedlist" id="$PARAM[ListID]">
			<left>-102</left>
			<top>242</top>
			<width>2036</width>
			<height>576</height>
			<onup>999</onup>
			<ondown>1000</ondown>
			<onleft>Back</onleft>
			<onright>noop</onright>
			<onright condition="!Window.IsVisible(1103)">SetProperty(BounceRight,1,Home)</onright>
			<onfocus>SetProperty(Category,$PARAM[ListID],home)</onfocus>
			<oninfo>ActivateWindow(1104)</oninfo>
			<preloaditems>2</preloaditems>
			<focusposition>1</focusposition>
			<viewtype label="">list</viewtype>
			<orientation>horizontal</orientation>
			<scrolltime easing="inout" tween="sine">300</scrolltime>
			<visible allowhiddenfocus="true">Container(999).HasFocus(1$PARAM[ListID])</visible>
			<animation reversible="false" type="Hidden">
				<effect center="357,540" easing="out" end="98" start="100" time="180" tween="linear" type="zoom" />
				<effect easing="out" end="0" start="100" time="180" tween="linear" type="fade" />
			</animation>
			<animation condition="Window.IsVisible(1103)" reversible="false" type="Conditional">
				<effect easing="out" end="-20,0" start="0,0" time="60" tween="sine" type="slide" />
				<effect delay="80" easing="out" end="20,0" start="0,0" time="120" tween="sine" type="slide" />
			</animation>
			<animation reversible="false" type="Visible">
				<effect center="357,540" delay="280" easing="in" end="100" start="98" time="180" tween="sine" type="zoom" />
				<effect delay="280" easing="in" end="100" start="0" time="180" tween="sine" type="fade" />
			</animation>
			<itemlayout height="576" width="300">
				<control type="group">
					<animation center="150,288" condition="true" effect="zoom" end="85" start="85">Conditional</animation>
					<control type="image">
						<top>48</top>
						<width>320</width>
						<height>480</height>
						<aspectratio align="center">scale</aspectratio>
						<texture background="true" fallback="views/movie_fallback.png">$INFO[ListItem.Icon]</texture>
					</control>
					<control type="image">
						<left>-48</left>
						<centertop>288</centertop>
						<width>416</width>
						<height>576</height>
						<texture border="66,66,51,51">views/shadow_nf.png</texture>
					</control>
					<control type="image">
						<top>48</top>
						<width>320</width>
						<height>480</height>
						<texture>views/OverlayNF.png</texture>
						<visible>!Control.HasFocus(999)</visible>
						<animation center="auto" easing="inout" effect="fade" end="0" start="100" time="300" tween="sine">Hidden</animation>
						<animation center="auto" easing="inout" effect="fade" end="100" start="0" time="300" tween="sine">Visible</animation>
					</control>
				</control>
			</itemlayout>
			<focusedlayout height="576" width="300">
				<control type="group">
					<animation center="150,288" easing="inout" effect="zoom" end="100" start="85" time="300" tween="sine">Focus</animation>
					<animation center="150,288" condition="Container($PARAM[ListID]).OnNext | Container($PARAM[ListID]).OnPrevious" easing="inout" effect="zoom" end="85" start="100" time="300" tween="sine">UnFocus</animation>
					<animation center="150,288" condition="Window.IsVisible(textviewer)" easing="inout" effect="zoom" end="85" start="100" time="300" tween="sine">Conditional</animation>
					<control type="image">
						<top>48</top>
						<width>320</width>
						<height>480</height>
						<aspectratio align="center">scale</aspectratio>
						<texture background="true" fallback="views/movie_fallback.png">$INFO[ListItem.Icon]</texture>
					</control>
					<control type="image">
						<left>-48</left>
						<centertop>288</centertop>
						<width>416</width>
						<height>576</height>
						<texture border="51">views/shadow_fo.png</texture>
						<animation center="auto" condition="Control.HasFocus($PARAM[ListID]) | Container($PARAM[ListID]).OnNext | Container($PARAM[ListID]).OnPrevious" easing="inout" effect="fade" end="100" start="0" time="300" tween="sine">Focus</animation>
						<animation center="auto" condition="Container($PARAM[ListID]).OnNext | Container($PARAM[ListID]).OnPrevious" easing="inout" effect="fade" end="0" start="100" time="300" tween="sine">UnFocus</animation>
					</control>
					<control type="image">
						<left>-48</left>
						<centertop>288</centertop>
						<width>416</width>
						<height>576</height>
						<texture border="66,66,51,51">views/shadow_nf.png</texture>
						<animation center="auto" condition="Control.HasFocus($PARAM[ListID])" easing="inout" effect="fade" end="0" start="100" time="300" tween="sine">Focus</animation>
						<animation center="auto" condition="Control.HasFocus($PARAM[ListID])" easing="inout" effect="fade" end="100" start="0" time="300" tween="sine">UnFocus</animation>
					</control>
					<control type="image">
						<top>48</top>
						<width>320</width>
						<height>480</height>
						<texture>views/OverlayNF.png</texture>
						<visible>!Control.HasFocus(999)</visible>
						<animation center="auto" condition="Control.HasFocus($PARAM[ListID])" easing="inout" effect="fade" end="0" start="100" time="300" tween="sine">Focus</animation>
						<animation center="auto" condition="Control.HasFocus($PARAM[ListID])" easing="inout" effect="fade" end="100" start="0" time="300" tween="sine">UnFocus</animation>
					</control>
				</control>
			</focusedlayout>
		</control>
	</include>
	<!-- Home Widget Param Include -->
	<include name="ParamWidgetInclude">
		<control id="$PARAM[ID]1" type="list">
			<include>HiddenHomeList</include>
			<content sortby="$VAR[$PARAM[ID]0-SortBy-1]" limit="6">$INFO[Skin.String($PARAM[ID]0-WidgetList-1)]</content>
		</control>
		<control id="$PARAM[ID]2" type="list">
			<include>HiddenHomeList</include>
			<content sortby="$VAR[$PARAM[ID]0-SortBy-2]" limit="6">$INFO[Skin.String($PARAM[ID]0-WidgetList-2)]</content>
		</control>
		<control id="$PARAM[ID]3" type="list">
			<include>HiddenHomeList</include>
			<content sortby="$VAR[$PARAM[ID]0-SortBy-3]" limit="6">$INFO[Skin.String($PARAM[ID]0-WidgetList-3)]</content>
		</control>
		<control id="$PARAM[ID]4" type="list">
			<include>HiddenHomeList</include>
			<content sortby="$VAR[$PARAM[ID]0-SortBy-4]" limit="6">$INFO[Skin.String($PARAM[ID]0-WidgetList-4)]</content>
		</control>
		<control id="$PARAM[ID]5" type="list">
			<include>HiddenHomeList</include>
			<content sortby="$VAR[$PARAM[ID]0-SortBy-5]" limit="6">$INFO[Skin.String($PARAM[ID]0-WidgetList-5)]</content>
		</control>
		<control id="$PARAM[ID]6" type="list">
			<include>HiddenHomeList</include>
			<content sortby="$VAR[$PARAM[ID]0-SortBy-6]" limit="6">$INFO[Skin.String($PARAM[ID]0-WidgetList-6)]</content>
		</control>
		<control id="$PARAM[ID]7" type="list">
			<include>HiddenHomeList</include>
			<content sortby="$VAR[$PARAM[ID]0-SortBy-7]" limit="6">$INFO[Skin.String($PARAM[ID]0-WidgetList-7)]</content>
		</control>
		<control id="$PARAM[ID]8" type="list">
			<include>HiddenHomeList</include>
			<content sortby="$VAR[$PARAM[ID]0-SortBy-8]" limit="6">$INFO[Skin.String($PARAM[ID]0-WidgetList-8)]</content>
		</control>
		<control id="$PARAM[ID]" type="fixedlist">
			<left>419</left>
			<top>-367</top>
			<width>2100</width>
			<height>1500</height>
			<onup condition="!Window.IsVisible(1101)">SetProperty(BounceUp,1,Home)</onup>
			<onup>noop</onup>
			<ondown condition="!Window.IsVisible(1101)">SetProperty(BounceDown,1,Home)</ondown>
			<ondown>noop</ondown>
			<onleft>99</onleft>
			<onright>Select</onright>
			<onback>99</onback>
			<movement>1</movement>
			<preloaditems>2</preloaditems>
			<focusposition>2</focusposition>
			<viewtype label="">list</viewtype>
			<orientation>vertical</orientation>
			<defaultcontrol>0</defaultcontrol>
			<scrolltime easing="inout" tween="sine">300</scrolltime>
			<include>HomeWidgetsAnimation</include>
			<include>WindowHomeFadeAnimation</include>
			<visible>StringCompare(Container(99).ListItem.Property(widget),$PARAM[widget])</visible>
			<animation condition="StringCompare(Container($PARAM[ID]).NumItems,1)" effect="slide" end="-304,0">Conditional</animation>
			<animation condition="StringCompare(Container($PARAM[ID]).NumItems,2)" effect="slide" end="0,-185">Conditional</animation>
			<animation condition="IntegerGreaterThan(Container($PARAM[ID]).NumItems,2) + Container($PARAM[ID]).Row(1)" easing="inout" effect="slide" end="0,114" time="220" tween="sine">Conditional</animation>
			<animation condition="IntegerGreaterThan(Container($PARAM[ID]).NumItems,2) + Container($PARAM[ID]).Row(3)" easing="inout" effect="slide" end="0,-212" time="220" tween="sine">Conditional</animation>
			<itemlayout height="370" width="2000">
				<control type="group">
					<left>33</left>
					<control type="image">
						<width>227</width>
						<height>334</height>
						<texture border="0,14,11,14">home/home_button_nf.png</texture>
					</control>
					<control type="textbox">
						<left>14</left>
						<top>22</top>
						<width>191</width>
						<height>152</height>
						<font>Bold26</font>
						<align>left</align>
						<textcolor>ffdadada</textcolor>
						<label>$INFO[ListItem.Label]</label>
					</control>
				</control>
				<include>HomePosterItemlayout</include>
				<include>HomeWideItemlayout</include>
				<include>HomeSquareItemlayout</include>
				<include>HomeSquareInfoItemlayout</include>
			</itemlayout>
			<focusedlayout height="370" width="2000" condition="IntegerGreaterThan(Container($PARAM[ID]).NumItems,1)">
				<control type="button">
					<include>HiddenControl</include>
					<onfocus condition="StringCompare(Container($PARAM[ID]).NumItems,2) + Container($PARAM[ID]).Row(2)">SetProperty(FocusRow,1_2)</onfocus>
					<onfocus condition="StringCompare(Container($PARAM[ID]).NumItems,2) + Container($PARAM[ID]).Row(3)">SetProperty(FocusRow,2_2)</onfocus>
					<onfocus condition="IntegerGreaterThan(Container($PARAM[ID]).NumItems,2) + Container($PARAM[ID]).Row(1)">SetProperty(FocusRow,1_3)</onfocus>
					<onfocus condition="IntegerGreaterThan(Container($PARAM[ID]).NumItems,2) + Container($PARAM[ID]).Row(2)">SetProperty(FocusRow,2_3)</onfocus>
					<onfocus condition="IntegerGreaterThan(Container($PARAM[ID]).NumItems,2) + Container($PARAM[ID]).Row(3)">SetProperty(FocusRow,3_3)</onfocus>					
					<onfocus condition="StringCompare(Container($PARAM[ID]).ListItem.Property(WidgetStyle),$LOCALIZE[31159])">SetProperty(ForceViewType,61,Home)</onfocus>
					<onfocus condition="StringCompare(Container($PARAM[ID]).ListItem.Property(WidgetStyle),$LOCALIZE[31160])">SetProperty(ForceViewType,60,Home)</onfocus>
					<onfocus condition="!StringCompare(Container($PARAM[ID]).ListItem.Property(WidgetStyle),$LOCALIZE[31159]) + !StringCompare(Container($PARAM[ID]).ListItem.Property(WidgetStyle),$LOCALIZE[31160])">ClearProperty(ForceViewType,Home)</onfocus>					
				</control>
				<control type="group">
					<animation center="142,167" easing="inout" effect="zoom" end="132" start="100" time="220" tween="sine">Focus</animation>
					<animation center="142,167" easing="inout" effect="zoom" end="100" start="132" time="220" tween="sine">UnFocus</animation>
					<control type="group">
						<left>33</left>
						<control type="image">
							<width>227</width>
							<height>334</height>
							<texture border="0,14,11,14">home/home_button_nf.png</texture>
						</control>
						<control type="textbox">
							<top>2</top>
							<width>254</width>
							<height>200</height>
							<font>Bold34</font>
							<align>left</align>
							<textcolor>ffdadada</textcolor>
							<label>$INFO[ListItem.Label]</label>
							<animation effect="fade" end="0" start="100" time="0">Focus</animation>
							<animation condition="true" effect="slide" end="-18,-26" time="0">Conditional</animation>
							<animation center="135,201" condition="true" effect="zoom" end="76" start="76" time="0">Conditional</animation>
						</control>
						<control type="image">
							<width>227</width>
							<height>334</height>
							<texture border="0,14,11,14">home/home_button_fo.png</texture>
							<visible>!IsEmpty(Window(Home).Property(WidgetHasFocus))</visible>
							<animation effect="fade" end="100" start="0" time="0" condition="!IsEmpty(Window(Home).Property(WidgetHasFocus))">Conditional</animation>
							<animation effect="fade" end="0" start="100" time="0" condition="IsEmpty(Window(Home).Property(WidgetHasFocus))">Conditional</animation>
							<animation effect="fade" end="100" start="0" time="0">Focus</animation>
							<animation effect="fade" end="0" start="100" time="0">UnFocus</animation>
						</control>
						<control type="textbox">
							<top>2</top>
							<width>254</width>
							<height>200</height>
							<font>Bold34</font>
							<align>left</align>
							<textcolor>ff453a18</textcolor>
							<label>$INFO[ListItem.Label]</label>
							<visible>!IsEmpty(Window(Home).Property(WidgetHasFocus))</visible>
							<animation effect="fade" end="100" start="0" time="0" condition="!IsEmpty(Window(Home).Property(WidgetHasFocus))">Conditional</animation>
							<animation effect="fade" end="0" start="100" time="0" condition="IsEmpty(Window(Home).Property(WidgetHasFocus))">Conditional</animation>
							<animation effect="fade" end="100" start="0" time="0">Focus</animation>
							<animation effect="fade" end="0" start="100" time="0">UnFocus</animation>
							<animation condition="true" effect="slide" end="-18,-26" time="0">Conditional</animation>
							<animation center="135,201" condition="true" effect="zoom" end="76" start="76" time="0">Conditional</animation>
						</control>
					</control>
					<include>HomePosterFocusedlayout</include>
					<include>HomeWideFocusedlayout</include>
					<include>HomeSquareFocusedlayout</include>
					<include>HomeSquareInfoFocusedlayout</include>
				</control>
			</focusedlayout>
			<focusedlayout height="370" width="2000" condition="!IntegerGreaterThan(Container($PARAM[ID]).NumItems,1)">
				<control type="group">
					<animation center="142,167" condition="true" effect="zoom" end="132" start="100" time="0">Conditional</animation>
					<include>HomePosterFocusedlayout</include>
					<include>HomeWideFocusedlayout</include>
					<include>HomeSquareFocusedlayout</include>
					<include>HomeSquareInfoFocusedlayout</include>
				</control>
			</focusedlayout>
			<include>$PARAM[content]</include>
		</control>
	</include>
</includes>