<?xml version="1.0" encoding="UTF-8"?>
<window>
	<onload>ClearProperty(Category,home)</onload>
	<animation effect="fade" end="100" start="100" time="200">WindowClose</animation>
	<controls>
		<control type="button" id="8">
			<onup>Close</onup>
			<ondown>Close</ondown>
			<onleft>Close</onleft>
			<onright>Close</onright>
			<onclick>Close</onclick>
			<include>HiddenControl</include>
		</control>
		<control type="group">
			<!-- Background -->
			<include>BackgroundImage</include>
			<!-- Fanart -->
			<control type="image">
				<include>FullscreenDimensions</include>
				<fadetime>400</fadetime>
				<colordiffuse>26ffffff</colordiffuse>
				<texture background="true">$VAR[NextAiredFanart]</texture>
				<visible>!IsEmpty(Window(Home).Property(TVGuide.BackgroundFanart))</visible>
			</control>
		</control>
		<control type="group">
			<animation type="WindowOpen">
				<effect end="0,-1080" start="0,-1080" time="800" type="slide" />
				<effect delay="800" end="0,1080" start="0,0" time="0" type="slide" />
				<effect delay="800" end="100" start="0" time="120" type="fade" />
			</animation>
			<!-- Show / Time -->
			<control type="grouplist">
				<left>196</left>
				<top>134</top>
				<height>80</height>
				<itemgap>10</itemgap>
				<orientation>horizontal</orientation>
				<usecontrolcoords>true</usecontrolcoords>
				<include>VisibleDelayFadeAnimation</include>
				<control type="label">
					<width>auto</width>
					<height>60</height>
					<font>Med48</font>
					<aligny>bottom</aligny>
					<textcolor>ffdadada</textcolor>
					<label>$VAR[NextAiredShow]  </label>
				</control>
				<control type="label">
					<top>15</top>
					<width>auto</width>
					<height>60</height>
					<font>Med32</font>
					<aligny>bottom</aligny>
					<textcolor>ffdadada</textcolor>
					<label>$VAR[NextAiredNextDay]</label>
				</control>
			</control>
			<control type="fixedlist" id="999">
				<left>196</left>
				<top>212</top>
				<height>40</height>
				<onup>Back</onup>
				<ondown>$INFO[Container(999).ListItem.Property(OnDown)]</ondown>
				<onleft>noop</onleft>
				<onright>noop</onright>
				<focusposition>0</focusposition>
				<orientation>horizontal</orientation>
				<include>VisibleDelayFadeAnimation</include>
				<itemlayout width="247" height="40">
					<control type="label">
						<width>247</width>
						<height>40</height>
						<font>Light32</font>
						<aligny>bottom</aligny>
						<textcolor>ff8e8b90</textcolor>
						<label>$INFO[ListItem.Label]</label>
						<visible>Control.HasFocus(999)</visible>
					</control>
					<control type="label">
						<width>247</width>
						<height>40</height>
						<font>Light32</font>
						<aligny>bottom</aligny>
						<textcolor>ff505559</textcolor>
						<label>$INFO[ListItem.Label]</label>
						<visible>!Control.HasFocus(999)</visible>
					</control>
				</itemlayout>
				<focusedlayout width="247" height="40">
					<control type="label">
						<width>247</width>
						<height>40</height>
						<font>Light32</font>
						<aligny>bottom</aligny>
						<textcolor>ffffc24b</textcolor>
						<label>$INFO[ListItem.Label]</label>
						<visible>Control.HasFocus(999)</visible>
					</control>
					<control type="label">
						<width>247</width>
						<height>40</height>
						<font>Light32</font>
						<aligny>bottom</aligny>
						<textcolor>ffd7d7d7</textcolor>
						<label>$INFO[ListItem.Label]</label>
						<visible>!Control.HasFocus(999)</visible>
					</control>
				</focusedlayout>
				<content>
					<include name="NextAiredItems">
						<param name="ItemID" value="200" />
					</include>
					<include name="NextAiredItems">
						<param name="ItemID" value="201" />
					</include>
					<include name="NextAiredItems">
						<param name="ItemID" value="202" />
					</include>
					<include name="NextAiredItems">
						<param name="ItemID" value="203" />
					</include>
					<include name="NextAiredItems">
						<param name="ItemID" value="204" />
					</include>
					<include name="NextAiredItems">
						<param name="ItemID" value="205" />
					</include>
					<include name="NextAiredItems">
						<param name="ItemID" value="206" />
					</include>
				</content>
			</control>
			<!-- Lower group -->
			<control type="group">
				<left>196</left>
				<top>782</top>
				<visible>!Control.HasFocus(999)</visible>
				<include>VisibleFadeAnimation</include>
				<!-- Details -->
				<control type="grouplist">
					<height>26</height>
					<itemgap>20</itemgap>
					<orientation>horizontal</orientation>
					<usecontrolcoords>true</usecontrolcoords>
					<control type="label">
						<width>auto</width>
						<height>24</height>
						<font>Med24Num</font>
						<aligny>bottom</aligny>
						<textcolor>ffbebebe</textcolor>
						<label>$VAR[NextAiredRuntime,, $LOCALIZE[31147]]</label>
					</control>
					<control type="label">
						<width>auto</width>
						<height>24</height>
						<font>Med24</font>
						<aligny>bottom</aligny>
						<textcolor>ffbebebe</textcolor>
						<label>[COLOR ff707070]$LOCALIZE[31227]: [/COLOR]$VAR[NextAiredShortTime]</label>
					</control>
				</control>
				<control type="group">
					<control type="textbox">
						<top>35</top>
						<width>1192</width>
						<height>88</height>
						<align>left</align>
						<font>Reg30Spaced</font>
						<pagecontrol>96</pagecontrol>
						<autoscroll>false</autoscroll>
						<textcolor>ffbcbcbc</textcolor>
						<label>[B]$VAR[NextAiredNextSeasonNumber]$VAR[NextAiredNextEpisodeNumber][/B] [LIGHT]$VAR[NextAiredNextTitle][/LIGHT]</label>
					</control>
				</control>
			</control>
		</control>
		<!-- Lists group -->
		<control type="group" id="9999">
			<include name="NextAiredLists">
				<param name="ListID" value="200" />
			</include>
			<include name="NextAiredLists">
				<param name="ListID" value="201" />
			</include>
			<include name="NextAiredLists">
				<param name="ListID" value="202" />
			</include>
			<include name="NextAiredLists">
				<param name="ListID" value="203" />
			</include>
			<include name="NextAiredLists">
				<param name="ListID" value="204" />
			</include>
			<include name="NextAiredLists">
				<param name="ListID" value="205" />
			</include>
			<include name="NextAiredLists">
				<param name="ListID" value="206" />
			</include>
		</control>
	</controls>
</window>