<?xml version="1.0" encoding="UTF-8"?>
<window>
	<!-- profiles -->
	<backgroundcolor>0xff12161b</backgroundcolor>
	<defaultcontrol always="true">101</defaultcontrol>
	<controls>
		<!-- Heading / Current item / Total items -->
		<control type="grouplist">
			<left>198</left>
			<top>134</top>
			<height>80</height>
			<itemgap>10</itemgap>
			<orientation>horizontal</orientation>
			<usecontrolcoords>true</usecontrolcoords>
			<control type="label">
				<width>auto</width>
				<height>60</height>
				<font>Med48</font>
				<aligny>bottom</aligny>
				<textcolor>ffdadada</textcolor>
				<label>$LOCALIZE[5]  </label>
			</control>
			<control type="label">
				<top>15</top>
				<width>auto</width>
				<height>60</height>
				<font>Med32</font>
				<aligny>bottom</aligny>
				<textcolor>ffdadada</textcolor>
				<label>$NUMBER[9]</label>
			</control>
			<control type="label">
				<top>14</top>
				<width>auto</width>
				<height>60</height>
				<font>Light36</font>
				<aligny>bottom</aligny>
				<textcolor>ff505050</textcolor>
				<label>|</label>
			</control>
			<control type="label">
				<top>15</top>
				<width>auto</width>
				<height>60</height>
				<font>Light32</font>
				<aligny>bottom</aligny>
				<textcolor>ff505050</textcolor>
				<label>$NUMBER[9]</label>
			</control>
		</control>
		<control type="group">
			<left>-28</left>
			<top>289</top>
			<control type="group">
				<width>333</width>
				<height>497</height>
				<animation center="134,240" condition="True" effect="zoom" end="84.5" start="84.5">Conditional</animation>
				<control type="image">
					<left>-24</left>
					<width>333</width>
					<height>497</height>
					<texture border="1,1,14,18">settings/settings_tile.png</texture>
				</control>
				<control type="label">
					<left>-10</left>
					<top>28</top>
					<width>276</width>
					<height>32</height>
					<font>Bold34</font>
					<textcolor>ffdadada</textcolor>
					<label>14036</label>
				</control>
				<control type="image">
					<left>-13</left>
					<top>123</top>
					<width>300</width>
					<height>300</height>
					<aspectratio align="center" aligny="center">keep</aspectratio>
					<texture>settings/icon_service.png</texture>
				</control>
				<control type="image">
					<left>-24</left>
					<width>320</width>
					<height>480</height>
					<texture>views/OverlayNF.png</texture>
				</control>
			</control>
		</control>
		<control type="group">
			<left>223</left>
			<top>289</top>
			<control type="image">
				<left>-24</left>
				<width>333</width>
				<height>497</height>
				<texture border="1,1,14,18">settings/settings_tile.png</texture>
			</control>
			<control type="label">
				<left>-10</left>
				<top>28</top>
				<width>276</width>
				<height>32</height>
				<font>Bold34</font>
				<textcolor>ffdadada</textcolor>
				<label>22082</label>
			</control>
			<control type="image">
				<left>-13</left>
				<top>123</top>
				<width>300</width>
				<height>300</height>
				<aspectratio align="center" aligny="center">keep</aspectratio>
				<texture>settings/icon_more.png</texture>
			</control>
		</control>
		<control type="group">
			<left>518</left>
			<top>289</top>
			<width>678</width>
			<height>520</height>
			<control type="image">
				<left>-359</left>
				<width>40</width>
				<height>480</height>
				<texture flipx="true">settings/shadow.png</texture>
			</control>
			<control type="group">
				<control type="image">
					<width>678</width>
					<height>520</height>
					<texture>settings/back.png</texture>
				</control>
			</control>
			<control type="group">
				<control type="grouplist">
					<width>638</width>
					<height>480</height>
					<itemgap>0</itemgap>
					<scrolltime>0</scrolltime>
				</control>
				<control type="button">
					<height>120</height>
					<width>638</width>
					<textoffsetx>40</textoffsetx>
					<textwidth>576</textwidth>
					<aligny>center</aligny>
					<font>Light30Spaced</font>
					<textcolor>ff505153</textcolor>
					<focusedcolor>ffffaf37</focusedcolor>
					<texturefocus border="3">settings/button_focus.png</texturefocus>
					<texturenofocus border="3">settings/button_no_focus.png</texturenofocus>
					<pulseonselect>false</pulseonselect>
				</control>
				<control type="image">
					<width>40</width>
					<height>480</height>
					<texture>settings/shadow.png</texture>
				</control>
			</control>
			<control type="group">
				<control type="grouplist">
					<width>638</width>
					<height>480</height>
					<itemgap>0</itemgap>
					<scrolltime>0</scrolltime>
					<control type="button">
						<height>120</height>
						<width>638</width>
						<textoffsetx>40</textoffsetx>
						<textwidth>576</textwidth>
						<aligny>center</aligny>
						<font>Light30Spaced</font>
						<label>7</label>
						<textcolor>ff505153</textcolor>
						<focusedcolor>ffffaf37</focusedcolor>
						<texturefocus border="3">settings/button_focus.png</texturefocus>
						<texturenofocus border="3">settings/button_no_focus.png</texturenofocus>
					</control>
					<control type="button">
						<height>120</height>
						<width>638</width>
						<textoffsetx>40</textoffsetx>
						<textwidth>576</textwidth>
						<aligny>center</aligny>
						<font>Light30Spaced</font>
						<label>13200</label>
						<textcolor>ffffaf37</textcolor>
						<focusedcolor>ffffaf37</focusedcolor>
						<texturefocus border="3">settings/button_focus.png</texturefocus>
						<texturenofocus border="3">settings/button_focus.png</texturenofocus>
					</control>
					<control type="button">
						<height>120</height>
						<width>638</width>
						<textoffsetx>40</textoffsetx>
						<textwidth>576</textwidth>
						<aligny>center</aligny>
						<font>Light30Spaced</font>
						<label>138</label>
						<textcolor>ff505153</textcolor>
						<focusedcolor>ffffaf37</focusedcolor>
						<texturefocus border="3">settings/button_focus.png</texturefocus>
						<texturenofocus border="3">settings/button_no_focus.png</texturenofocus>
					</control>
					<control type="button">
						<height>120</height>
						<width>638</width>
						<textoffsetx>40</textoffsetx>
						<textwidth>576</textwidth>
						<aligny>center</aligny>
						<font>Light30Spaced</font>
						<align>right</align>
						<label>$INFO[Window(home).Property(SettingsLevel)]</label>
						<textcolor>ff505153</textcolor>
						<focusedcolor>ffdadada</focusedcolor>
						<texturefocus border="3">settings/button_focus.png</texturefocus>
						<texturenofocus border="3">settings/button_no_focus.png</texturenofocus>
					</control>
				</control>
				<control type="label">
					<left>40</left>
					<top>360</top>
					<height>120</height>
					<width>558</width>
					<aligny>center</aligny>
					<font>Light30Spaced</font>
					<label>$LOCALIZE[31016]</label>
					<textcolor>ff505153</textcolor>
				</control>
				<control type="image">
					<width>40</width>
					<height>480</height>
					<texture>settings/shadow.png</texture>
				</control>
			</control>
		</control>
		<control type="label">
			<left>198</left>
			<top>786</top>
			<width>1160</width>
			<height>64</height>
			<font>Light32</font>
			<aligny>bottom</aligny>
			<textcolor>ffdadada</textcolor>
			<label>$LOCALIZE[31124]</label>
			<wrapmultiline>true</wrapmultiline>
		</control>
		<control type="image">
			<include>FullscreenDimensions</include>
			<texture>dialogs/DialogBackground.png</texture>
			<animation delay="125" effect="fade" end="100" start="0" time="200">WindowOpen</animation>
			<animation delay="100" effect="fade" end="0" start="100" time="200">WindowClose</animation>
		</control>
		<control type="group">
			<left>198</left>
			<top>289</top>
			<width>958</width>
			<height>480</height>
			<animation reversible="false" type="WindowOpen">
				<effect end="100" start="0" time="200" type="fade" />
				<effect easing="inout" end="0,0" start="500,0" time="200" tween="sine" type="slide" />
			</animation>
			<animation reversible="false" type="WindowClose">
				<effect end="0" start="100" time="100" type="fade" />
				<effect easing="inout" end="500,0" start="0,0" time="200" tween="sine" type="slide" />
			</animation>
			<control type="image">
				<width>1361</width>
				<height>480</height>
				<texture>settings/profile_settings_back.png</texture>
			</control>
			<control type="label">
				<left>40</left>
				<top>14</top>
				<height>30</height>
				<width>419</width>
				<aligny>center</aligny>
				<font>Bold30</font>
				<label>10130</label>
				<textcolor>ffdadada</textcolor>
			</control>
			<!-- Default list -->
			<control type="grouplist" id="100">
				<top>60</top>
				<width>422</width>
				<height>480</height>
				<itemgap>0</itemgap>
				<onleft>Close</onleft>
				<onright condition="ControlGroup(100).HasFocus(101)">200</onright>
				<onright condition="ControlGroup(100).HasFocus(102)">2</onright>
				<onup>noop</onup>
				<ondown>noop</ondown>
				<scrolltime>0</scrolltime>
				<!-- Login button -->
				<control id="101" type="button">
					<height>126</height>
					<width>422</width>
					<textoffsetx>40</textoffsetx>
					<textwidth>576</textwidth>
					<aligny>center</aligny>
					<font>Light30Spaced</font>
					<onright>200</onright>
					<onclick>SetFocus(200)</onclick>
					<label>$LOCALIZE[31125]</label>
					<textcolor>$VAR[ProfileSettingsLoginButton]</textcolor>
					<focusedcolor>ffffaf37</focusedcolor>
					<texturefocus border="3">settings/button_focus.png</texturefocus>
					<texturenofocus border="3">settings/button_no_focus.png</texturenofocus>
					<pulseonselect>false</pulseonselect>
				</control>
				<!-- Profiles button -->
				<control id="102" type="button">
					<height>126</height>
					<width>422</width>
					<textoffsetx>40</textoffsetx>
					<textwidth>576</textwidth>
					<aligny>center</aligny>
					<font>Light30Spaced</font>
					<onright>2</onright>
					<onclick>SetFocus(2)</onclick>
					<label>13200</label>
					<textcolor>$VAR[ProfileSettingsProfileButton]</textcolor>
					<focusedcolor>ffffaf37</focusedcolor>
					<texturefocus border="3">settings/button_focus.png</texturefocus>
					<texturenofocus border="3">settings/button_no_focus.png</texturenofocus>
					<pulseonselect>false</pulseonselect>
				</control>
			</control>
			<!-- Middle grouplist -->
			<control type="grouplist" id="200">
				<left>422</left>
				<top>60</top>
				<width>579</width>
				<height>480</height>
				<itemgap>0</itemgap>
				<onleft>101</onleft>
				<onright>9000</onright>
				<onup>noop</onup>
				<ondown>noop</ondown>
				<onback>101</onback>
				<scrolltime>0</scrolltime>
				<visible>ControlGroup(100).HasFocus(101)</visible>
				<!-- Enable login screen -->
				<control type="radiobutton" id="4">
					<width>579</width>
					<height>84</height>
					<font>Light32</font>
					<textwidth>738</textwidth>
					<textoffsetx>40</textoffsetx>
					<textcolor>ff505153</textcolor>
					<focusedcolor>ffffaf37</focusedcolor>
					<texturefocus border="3">settings/button_focus.png</texturefocus>
					<texturenofocus border="3">settings/button_no_focus.png</texturenofocus>
					<radioposx>447</radioposx>
					<radioposy>13</radioposy>
					<radiowidth />
					<radioheight />
					<textureradioonfocus>-</textureradioonfocus>
					<textureradioonnofocus>-</textureradioonnofocus>
					<textureradioofffocus>-</textureradioofffocus>
					<textureradiooffnofocus>-</textureradiooffnofocus>
					<label>20096</label>
				</control>
				<!-- Auto login -->
				<control type="button" id="5">
					<width>579</width>
					<height>84</height>
					<font>Light32</font>
					<textwidth>738</textwidth>
					<textoffsetx>40</textoffsetx>
					<textcolor>ff505153</textcolor>
					<focusedcolor>ffffaf37</focusedcolor>
					<texturefocus border="3">settings/button_focus.png</texturefocus>
					<texturenofocus border="3">settings/button_no_focus.png</texturenofocus>
					<label>33084</label>
					<label2>$INFO[System.ProfileAutoLogin]</label2>
					<enable>!System.HasLoginScreen</enable>
				</control>
			</control>
			<control type="fixedlist" id="2">
				<left>422</left>
				<top>60</top>
				<width>579</width>
				<height>420</height>
				<onleft>102</onleft>
				<onright>noop</onright>
				<onup>noop</onup>
				<ondown>noop</ondown>
				<movement>2</movement>
				<scrolltime>0</scrolltime>
				<focusposition>2</focusposition>
				<orientation>vertical</orientation>
				<visible>ControlGroup(100).HasFocus(102)</visible>
				<animation condition="StringCompare(Container(2).NumItems,0) | StringCompare(Container(2).NumItems,1) | [StringCompare(Container(2).NumItems,2) + !Container(2).HasParent]" effect="slide" end="0,-168">Conditional</animation>
				<animation condition="[StringCompare(Container(2).NumItems,2) + Container(2).HasParent] | StringCompare(Container(2).NumItems,3) | [StringCompare(Container(2).NumItems,4) + !Container(2).HasParent]" effect="slide" end="0,-84">Conditional</animation>
				<itemlayout height="84" width="958">
					<control type="image">
						<width>958</width>
						<height>84</height>
						<texture border="3">settings/button_no_focus.png</texture>
					</control>
					<control type="label">
						<left>40</left>
						<width>878</width>
						<height>84</height>
						<font>Light32</font>
						<textcolor>ff505153</textcolor>
						<label>$INFO[ListItem.Label]</label>
					</control>
				</itemlayout>
				<focusedlayout height="84" width="958">
					<control type="image">
						<width>958</width>
						<height>84</height>
						<texture border="3">settings/button_focus.png</texture>
						<visible>Control.HasFocus(2)</visible>
					</control>
					<control type="image">
						<width>958</width>
						<height>84</height>
						<texture border="3">settings/button_no_focus.png</texture>
						<visible>!Control.HasFocus(2)</visible>
					</control>
					<control type="label">
						<left>40</left>
						<width>878</width>
						<height>84</height>
						<font>Light32</font>
						<textcolor>ffffaf37</textcolor>
						<label>$INFO[ListItem.Label]</label>
						<visible>Control.HasFocus(2)</visible>
					</control>
					<control type="label">
						<left>40</left>
						<width>878</width>
						<height>84</height>
						<font>Light32</font>
						<textcolor>ff505153</textcolor>
						<label>$INFO[ListItem.Label]</label>
						<visible>!Control.HasFocus(2)</visible>
					</control>
				</focusedlayout>
			</control>
			<control type="image">
				<left>422</left>
				<top>60</top>
				<width>579</width>
				<height>84</height>
				<visible>ControlGroup(100).HasFocus(102) + Container(2).HasPrevious</visible>
				<texture border="2" diffuse="settings/mask.png" flipy="true">settings/mask_back.png</texture>
			</control>
			<control type="image">
				<left>422</left>
				<top>396</top>
				<width>579</width>
				<height>84</height>
				<visible>ControlGroup(100).HasFocus(102) + Container(2).HasNext</visible>
				<texture border="2" diffuse="settings/mask.png">settings/mask_back.png</texture>
			</control>
			<control type="image">
				<left>981</left>
				<top>40</top>
				<width>413</width>
				<height>315</height>
				<aspectratio>keep</aspectratio>
				<bordersize>0,0,13,17</bordersize>
				<texture fallback="unknown-user.png">$INFO[Container(2).ListItem.Icon]</texture>
				<bordertexture border="14,18,14,18">dialogs/shadow.png</bordertexture>
			</control>
			<control type="label">
				<left>1033</left>
				<top>352</top>
				<width>298</width>
				<height>76</height>
				<font>Med24</font>
				<align>center</align>
				<label>$LOCALIZE[31126]:</label>
			</control>
			<control type="label">
				<left>1033</left>
				<top>400</top>
				<width>298</width>
				<height>76</height>
				<font>Light24</font>
				<align>center</align>
				<label fallback="13170">$INFO[Container(2).ListItem.Label2]</label>
			</control>
		</control>
	</controls>
</window>