<?xml version="1.0" encoding="UTF-8"?>
<window>
	<!-- addonsettings -->
	<defaultcontrol always="true">9</defaultcontrol>
	<onload condition="IsEmpty(Window(Home).Property(DialogVisibility))">SetProperty(DialogVisibility,$INFO[Window.Property(xmlfile)],Home)</onload>
	<onload condition="!IsEmpty(Window(Home).Property(DialogVisibility)) + IsEmpty(Window(Home).Property(DialogVisibility2))">SetProperty(DialogVisibility2,$INFO[Window.Property(xmlfile)],Home)</onload>
	<onload condition="!IsEmpty(Window(Home).Property(DialogVisibility2)) + IsEmpty(Window(Home).Property(DialogVisibility3))">SetProperty(DialogVisibility3,$INFO[Window.Property(xmlfile)],Home)</onload>
	<onload condition="!IsEmpty(Window(Home).Property(DialogVisibility3)) + IsEmpty(Window(Home).Property(DialogVisibility4))">SetProperty(DialogVisibility4,$INFO[Window.Property(xmlfile)],Home)</onload>
	<onload condition="!IsEmpty(Window(Home).Property(DialogVisibility4)) + IsEmpty(Window(Home).Property(DialogVisibility5))">SetProperty(DialogVisibility5,$INFO[Window.Property(xmlfile)],Home)</onload>
	<onunload condition="IsEmpty(Window(Home).Property(DialogVisibility2))">ClearProperty(DialogVisibility,Home)</onunload>
	<onunload condition="IsEmpty(Window(Home).Property(DialogVisibility3))">ClearProperty(DialogVisibility2,Home)</onunload>
	<onunload condition="IsEmpty(Window(Home).Property(DialogVisibility4))">ClearProperty(DialogVisibility3,Home)</onunload>
	<onunload condition="IsEmpty(Window(Home).Property(DialogVisibility5))">ClearProperty(DialogVisibility4,Home)</onunload>
	<onunload>ClearProperty(DialogVisibility5,Home)</onunload>
	
	<controls>
		
		<control type="group">
			<visible>[StringCompare(Window(Home).Property(DialogVisibility),Window.Property(xmlfile)) + IsEmpty(Window(Home).Property(DialogVisibility2))] | 
					[StringCompare(Window(Home).Property(DialogVisibility2),Window.Property(xmlfile)) + IsEmpty(Window(Home).Property(DialogVisibility3))] |
					[StringCompare(Window(Home).Property(DialogVisibility3),Window.Property(xmlfile)) + IsEmpty(Window(Home).Property(DialogVisibility4))] |
					[StringCompare(Window(Home).Property(DialogVisibility4),Window.Property(xmlfile)) + IsEmpty(Window(Home).Property(DialogVisibility5))] |
					StringCompare(Window(Home).Property(DialogVisibility5),Window.Property(xmlfile))</visible>
			
			<include name="DialogPOS">
				<param name="DialogName" value="DiaAddonSettings" />
			</include>

		</control>

		<control type="button" id="3">
			<width>588</width>
			<height>60</height>
			<font>Font27</font>
			<textwidth>540</textwidth>
			<textoffsetx>12</textoffsetx>
			<texturefocus colordiffuse="$VAR[CategoryColor3]">common/white.png</texturefocus>
			<texturenofocus colordiffuse="00FFFFFF">common/white.png</texturenofocus>
			<textcolor>$INFO[Skin.String(Color.DIATxtNF)]</textcolor>
			<focusedcolor>$INFO[Skin.String(Color.DIATxtF)]</focusedcolor>
			<disabledcolor>$INFO[Skin.String(Color.DIAInvalid)]</disabledcolor>
			<invalidcolor>$INFO[Skin.String(Color.DIAInvalid)]</invalidcolor>
			<onleft condition="ControlGroup(2).HasFocus()">9</onleft>
			<onright condition="ControlGroup(9).HasFocus()">2</onright>
			<onright condition="ControlGroup(2).HasFocus()">9000</onright>
			<visible>Control.IsEnabled(3)</visible>
		</control>

		<control type="radiobutton" id="4">
			<width>588</width>
			<height>60</height>
			<font>Font27</font>
			<textwidth>500</textwidth>
			<textoffsetx>12</textoffsetx>
			<texturefocus colordiffuse="$VAR[CategoryColor3]">common/white.png</texturefocus>
			<texturenofocus colordiffuse="00FFFFFF">common/white.png</texturenofocus>
			<textureradioonfocus colordiffuse="$INFO[Skin.String(Color.DIATxtF)]">material/radioon.png</textureradioonfocus>
			<textureradioonnofocus colordiffuse="$VAR[CategoryColor3]">material/radioon.png</textureradioonnofocus>
			<textureradioofffocus colordiffuse="$INFO[Skin.String(Color.DIATxtF)]">material/radiooff.png</textureradioofffocus>
			<textureradiooffnofocus colordiffuse="$VAR[CategoryColor3]">material/radiooff.png</textureradiooffnofocus>
			<radiowidth>30</radiowidth>
			<radioheight>30</radioheight>
			<radioposx>546</radioposx>
			<textcolor>$INFO[Skin.String(Color.DIATxtNF)]</textcolor>
			<focusedcolor>$INFO[Skin.String(Color.DIATxtF)]</focusedcolor>
			<disabledcolor>$INFO[Skin.String(Color.DIAInvalid)]</disabledcolor>
			<label>19124</label>
			<onleft condition="ControlGroup(2).HasFocus()">9</onleft>
			<onright condition="ControlGroup(9).HasFocus()">2</onright>
			<onright condition="ControlGroup(2).HasFocus()">9000</onright>
			<visible>Control.IsEnabled(4)</visible>
		</control>		
		
		<control type="spincontrolex" id="5">
			<width>588</width>
			<height>60</height>
			<font>Font27</font>
			<textwidth>200</textwidth>
			<textoffsetx>12</textoffsetx>
			<texturefocus colordiffuse="$VAR[CategoryColor3]">common/white.png</texturefocus>
			<texturenofocus colordiffuse="00FFFFFF">common/white.png</texturenofocus>
			<textureup colordiffuse="$INFO[Skin.String(Color.DIATxtNF)]">common/arrowupfo.png</textureup>
			<textureupfocus colordiffuse="$INFO[Skin.String(Color.DIATxtF)]">common/arrowupfo.png</textureupfocus>
			<texturedown colordiffuse="$INFO[Skin.String(Color.DIATxtNF)]">common/arrowdownfo.png</texturedown>
			<texturedownfocus colordiffuse="$INFO[Skin.String(Color.DIATxtF)]">common/arrowdownfo.png</texturedownfocus>
			<spinwidth>24</spinwidth>
			<spinheight>60</spinheight>
			<textcolor>$INFO[Skin.String(Color.DIATxtNF)]</textcolor>
			<focusedcolor>$INFO[Skin.String(Color.DIATxtF)]</focusedcolor>
			<disabledcolor>$INFO[Skin.String(Color.DIAInvalid)]</disabledcolor>
			<invalidcolor>$INFO[Skin.String(Color.DIAInvalid)]</invalidcolor>
			<label>19130</label>
			<onleft condition="ControlGroup(2).HasFocus()">9</onleft>
			<onright condition="ControlGroup(9).HasFocus()">2</onright>
			<onright condition="ControlGroup(2).HasFocus()">9000</onright>
			<visible>Control.IsEnabled(5)</visible>
		</control>		
		
		<control type="image" id="6">
			<width>588</width>
			<height>1</height>
			<texture border="2" colordiffuse="$INFO[Skin.String(Color.DIATxtNF)]">common/Divider.png</texture>
		</control>
		
		<control type="label" id="7">
			<width>588</width>
			<height>60</height>
			<font>Font27</font>
			<textcolor>$INFO[Skin.String(Color.DIATxtNF)]</textcolor>
			<label>-</label>
		</control>
		
		<control type="sliderex" id="8">
			<width>588</width>
			<height>60</height>
			<font>Font27</font>
			<textwidth>400</textwidth>
			<textoffsetx>12</textoffsetx>
			<sliderwidth>100</sliderwidth>
			<sliderheight>4</sliderheight>
			<textcolor>$INFO[Skin.String(Color.DIATxtNF)]</textcolor>
			<focusedcolor>$INFO[Skin.String(Color.DIATxtF)]</focusedcolor>
			<disabledcolor>$INFO[Skin.String(Color.DIAInvalid)]</disabledcolor>
			<texturefocus colordiffuse="$VAR[CategoryColor3]">common/white.png</texturefocus>
			<texturenofocus colordiffuse="00FFFFFF">common/white.png</texturenofocus>
			<texturesliderbar colordiffuse="55000000">common/white.png</texturesliderbar>
			<textureslidernib colordiffuse="$VAR[CategoryColor3]">common/white.png</textureslidernib>
			<textureslidernibfocus colordiffuse="$INFO[Skin.String(Color.DIATxtF)]">common/white.png</textureslidernibfocus>
			<controloffsetx></controloffsetx>
			<controloffsety></controloffsety>
			<visible>Control.IsEnabled(8)</visible>
		</control>	

		<control type="button" id="13">
			<width>588</width>
			<height>60</height>
			<font>Font27</font>
			<textwidth>540</textwidth>
			<textoffsetx>12</textoffsetx>
			<texturefocus colordiffuse="$VAR[CategoryColor3]">common/white.png</texturefocus>
			<texturenofocus colordiffuse="00FFFFFF">common/white.png</texturenofocus>
			<textcolor>$INFO[Skin.String(Color.DIATxtNF)]</textcolor>
			<focusedcolor>$INFO[Skin.String(Color.DIATxtF)]</focusedcolor>
			<disabledcolor>$INFO[Skin.String(Color.DIAInvalid)]</disabledcolor>
			<invalidcolor>$INFO[Skin.String(Color.DIAInvalid)]</invalidcolor>
			<onleft condition="ControlGroup(2).HasFocus()">9</onleft>
			<onright condition="ControlGroup(9).HasFocus()">2</onright>
			<onright condition="ControlGroup(2).HasFocus()">9000</onright>
			<visible>Control.IsEnabled(13)</visible>
		</control>
		
	</controls>

</window>