<?xml version="1.0" encoding="UTF-8"?>
<window>
	<backgroundcolor>0x00000000</backgroundcolor>
	<defaultcontrol always="true">9000</defaultcontrol>
	<onload>RunScript(script.skinshortcuts,type=buildxml&amp;mainmenuID=9000&amp;levels=0)</onload>
	<onload condition="System.HasAddon(script.favourites)">RunScript(script.favourites)</onload>
	<onload>SetProperty(SidebarPos,$INFO[Skin.String(HOM.View1.BBSidebar)],Home)</onload>
	<onload>SetProperty(DialogPos,$INFO[Skin.String(HOM.View1.DIAPanel)],Home)</onload>	
	<onload>SetProperty(CompPrefix,HOM.View1,Home)</onload>
	<!--onload>Skin.ToggleSetting(DebugInfo)</onload-->
	<onunload>SetProperty(BackgroundMEM,$INFO[Container(9000).ListItem.Property(background)],Home)</onunload>

	<controls>
		<!-- Background -->
		<include name="Wallpaper">
			<param name="CompPrefix" value="HOM.View1" />
		</include>

		<control type="group">
			<animation effect="slide" start="0,0" end="0,120" time="200" condition="StringCompare(Skin.String(HOM.View1.BBSidebar),BOTTOM) + StringCompare(Skin.String(HOM.View1.BBCoordY),C) + Control.HasFocus(9000)">Conditional</animation>
			<animation effect="slide" start="0,0" end="0,-120" time="200" condition="StringCompare(Skin.String(HOM.View1.BBSidebar),TOP) + StringCompare(Skin.String(HOM.View1.BBCoordY),A) + Control.HasFocus(9000)">Conditional</animation>
			<animation effect="slide" start="0,0" end="-120,0" time="200" condition="StringCompare(Skin.String(HOM.View1.BBSidebar),LEFT) + StringCompare(Skin.String(HOM.View1.BBCoordX),A) + Control.HasFocus(9000)">Conditional</animation>
			<animation effect="slide" start="0,0" end="120,0" time="200" condition="StringCompare(Skin.String(HOM.View1.BBSidebar),RIGHT) + StringCompare(Skin.String(HOM.View1.BBCoordX),C) + Control.HasFocus(9000)">Conditional</animation>
			
			<control type="image">
				<include name="BgPosition">
					<param name="Prefix" value="HOM.View1" />
				</include>
				<texture colordiffuse="$INFO[Skin.String(Color.BBBg)]">common/white.png</texture>
				<visible>Skin.String(HOM.View1.BBShow,VISIBLE)</visible>
			</control>		

			<!-- Submenu for non media items -->
			<control type="group">

				<!-- Bloc 2-->
				<control type="group">
					<include name="BlocPosition">
						<param name="Prefix" value="HOM.View1" />
						<param name="BlocID" value="B2" />
					</include>

					
					<control type="image">
						<!-- Configuring Horizontal Size -->
						<include condition="Skin.String(HOM.View1.BBLay,VERTICAL)">SizeX636</include>
						<include condition="Skin.String(HOM.View1.BBLay,HORIZONTAL)">SizeX1272</include>
						<!-- Configuring Vertical Size -->
						<include condition="Skin.String(HOM.View1.BBLay,HORIZONTAL)">SizeY357</include>
						<include condition="Skin.String(HOM.View1.BBLay,VERTICAL)">SizeY713</include>
						<texture colordiffuse="$INFO[Skin.String(Color.B1Bg)]">common/white.png</texture>
					</control>	
				
					<control type="panel" id="9012">
						<left>0</left>
						<top>0</top>
						<!-- Configuring Horizontal Size -->
						<include condition="Skin.String(HOM.View1.BBLay,VERTICAL)">SizeX636</include>
						<include condition="Skin.String(HOM.View1.BBLay,HORIZONTAL)">SizeX1272</include>
						<!-- Configuring Vertical Size -->
						<include condition="Skin.String(HOM.View1.BBLay,HORIZONTAL)">SizeY357</include>
						<include condition="Skin.String(HOM.View1.BBLay,VERTICAL)">SizeY713</include>
						<onleft condition="!Control.IsVisible(9011)">9000</onleft>
						<onleft condition="Control.IsVisible(9011)">9011</onleft>
						<onup>noop</onup>
						<ondown>noop</ondown>
						<onback>9000</onback>
						<onright>noop</onright>
						<scrolltime>200</scrolltime>
						<pagecontrol>61</pagecontrol>
						<viewtype label="535">icon</viewtype>
						<visible>IsEmpty(Container(9000).ListItem.Property(widget))</visible>	


						<itemlayout width="636" height="119">
							<control type="image">
								<left>0</left>
								<top>0</top>
								<width>635</width>
								<height>118</height>
								<aspectratio>scale</aspectratio>
								<texture colordiffuse="$INFO[Skin.String(Color.B1ItemNF)]">common/white.png</texture>
							</control>
							<control type="image">
								<left>20</left>
								<top>20</top>
								<width>80</width>
								<height>80</height>
								<align>center</align>
								<aspectratio>keep</aspectratio>
								<texture colordiffuse="$INFO[Skin.String(Color.B1Txt1NF)]">$INFO[ListItem.Icon]</texture>
							</control>
							<control type="label">
								<left>130</left>
								<top>20</top>
								<width>499</width>
								<height>50</height>
								<align>left</align>
								<aligny>center</aligny>
								<font>Font27</font>
								<textcolor>$INFO[Skin.String(Color.B1Txt1NF)]</textcolor>
								<label>$INFO[ListItem.Label]</label>
							</control>
							<control type="label">
								<left>130</left>
								<top>50</top>
								<width>499</width>
								<height>50</height>
								<align>left</align>
								<aligny>center</aligny>
								<font>FontSmallR</font>
								<textcolor>$INFO[Skin.String(Color.B1Txt2NF)]</textcolor>
								<label>$INFO[ListItem.Label2]</label>
							</control>
						</itemlayout>

						<focusedlayout width="637" height="118">
							<control type="button">
								<texturefocus></texturefocus>
								<texturenofocus></texturenofocus>
								<onfocus condition="Container.Content(tvshows)">SetProperty(DBIdent,$INFO[ListItem.DBID],Home)</onfocus>
							</control>	
							<control type="image">
								<left>0</left>
								<top>0</top>
								<width>636</width>
								<height>118</height>
								<aspectratio>scale</aspectratio>
								<texture colordiffuse="$INFO[Skin.String(Color.B1ItemNF)]">common/white.png</texture>
							</control>
							<control type="image">
								<left>0</left>
								<top>0</top>
								<width>636</width>
								<height>118</height>
								<aspectratio>scale</aspectratio>
								<texture colordiffuse="$VAR[CategoryColor]">common/white.png</texture>
							</control>
							<control type="image">
								<left>0</left>
								<top>0</top>
								<width>118</width>
								<height>118</height>
								<aspectratio>scale</aspectratio>
								<texture colordiffuse="$INFO[Skin.String(Color.B1IconBg)]">common/white.png</texture>
							</control>
							<control type="image">
								<left>20</left>
								<top>20</top>
								<width>80</width>
								<height>80</height>
								<align>center</align>
								<aspectratio>keep</aspectratio>
								<texture colordiffuse="$INFO[Skin.String(Color.B1Txt1F)]">$INFO[ListItem.Icon]</texture>
							</control>
							<control type="label">
								<left>130</left>
								<top>20</top>
								<width>499</width>
								<height>50</height>
								<align>left</align>
								<aligny>center</aligny>
								<font>Font27</font>
								<textcolor>$INFO[Skin.String(Color.B1Txt1F)]</textcolor>
								<label>$INFO[ListItem.Label]</label>
							</control>
							<control type="label">
								<left>130</left>
								<top>50</top>
								<width>499</width>
								<height>50</height>
								<align>left</align>
								<aligny>center</aligny>
								<font>FontSmallR</font>
								<textcolor>$INFO[Skin.String(Color.B1Txt2F)]</textcolor>
								<label>$INFO[ListItem.Label2]</label>
							</control>
						</focusedlayout>
						<content>
						<include>skinshortcuts-submenu</include>
						</content>
					</control>			

					<control type="panel" id="9014">
						<left>0</left>
						<top>0</top>
						<!-- Configuring Horizontal Size -->
						<include condition="Skin.String(HOM.View1.BBLay,VERTICAL)">SizeX636</include>
						<include condition="Skin.String(HOM.View1.BBLay,HORIZONTAL)">SizeX1272</include>
						<!-- Configuring Vertical Size -->
						<include condition="Skin.String(HOM.View1.BBLay,HORIZONTAL)">SizeY357</include>
						<include condition="Skin.String(HOM.View1.BBLay,VERTICAL)">SizeY713</include>
						<onleft condition="!Control.IsVisible(9011)">9000</onleft>
						<onleft condition="Control.IsVisible(9011)">9011</onleft>
						<onup>noop</onup>
						<ondown>noop</ondown>
						<onback>9000</onback>
						<onright>noop</onright>
						<scrolltime>200</scrolltime>
						<pagecontrol>61</pagecontrol>
						<viewtype label="535">icon</viewtype>
						<visible allowhiddenfocus="true">Control.HasFocus(9014) + !IsEmpty(Container(9000).ListItem.Property(widget))</visible>
						<animation effect="fade" start="0" end="100" time="400">VisibleChange</animation>

						<itemlayout width="636" height="119">
							<control type="image">
								<left>0</left>
								<top>0</top>
								<width>635</width>
								<height>118</height>
								<aspectratio>scale</aspectratio>
								<texture colordiffuse="$INFO[Skin.String(Color.B1ItemNF)]">common/white.png</texture>
							</control>
							<control type="image">
								<left>20</left>
								<top>20</top>
								<width>80</width>
								<height>80</height>
								<align>center</align>
								<aspectratio>keep</aspectratio>
								<texture colordiffuse="$INFO[Skin.String(Color.B1Txt1NF)]">$INFO[ListItem.Icon]</texture>
							</control>
							<control type="label">
								<left>130</left>
								<top>20</top>
								<width>499</width>
								<height>50</height>
								<align>left</align>
								<aligny>center</aligny>
								<font>Font27</font>
								<textcolor>$INFO[Skin.String(Color.B1Txt1NF)]</textcolor>
								<label>$INFO[ListItem.Label]</label>
							</control>
							<control type="label">
								<left>130</left>
								<top>50</top>
								<width>499</width>
								<height>50</height>
								<align>left</align>
								<aligny>center</aligny>
								<font>FontSmallR</font>
								<textcolor>$INFO[Skin.String(Color.B1Txt2NF)]</textcolor>
								<label>$INFO[ListItem.Label2]</label>
							</control>
						</itemlayout>

						<focusedlayout width="637" height="118">
							<control type="button">
								<texturefocus></texturefocus>
								<texturenofocus></texturenofocus>
								<onfocus condition="Container.Content(tvshows)">SetProperty(DBIdent,$INFO[ListItem.DBID],Home)</onfocus>
							</control>	
							<control type="image">
								<left>0</left>
								<top>0</top>
								<width>636</width>
								<height>118</height>
								<aspectratio>scale</aspectratio>
								<texture colordiffuse="$INFO[Skin.String(Color.B1ItemNF)]">common/white.png</texture>
							</control>
							<control type="image">
								<left>0</left>
								<top>0</top>
								<width>636</width>
								<height>118</height>
								<aspectratio>scale</aspectratio>
								<texture colordiffuse="$VAR[CategoryColor]">common/white.png</texture>
							</control>
							<control type="image">
								<left>0</left>
								<top>0</top>
								<width>118</width>
								<height>118</height>
								<aspectratio>scale</aspectratio>
								<texture colordiffuse="$INFO[Skin.String(Color.B1IconBg)]">common/white.png</texture>
							</control>
							<control type="image">
								<left>20</left>
								<top>20</top>
								<width>80</width>
								<height>80</height>
								<align>center</align>
								<aspectratio>keep</aspectratio>
								<texture colordiffuse="$INFO[Skin.String(Color.B1Txt1F)]">$INFO[ListItem.Icon]</texture>
							</control>
							<control type="label">
								<left>130</left>
								<top>20</top>
								<width>499</width>
								<height>50</height>
								<align>left</align>
								<aligny>center</aligny>
								<font>Font27</font>
								<textcolor>$INFO[Skin.String(Color.B1Txt1F)]</textcolor>
								<label>$INFO[ListItem.Label]</label>
							</control>
							<control type="label">
								<left>130</left>
								<top>50</top>
								<width>499</width>
								<height>50</height>
								<align>left</align>
								<aligny>center</aligny>
								<font>FontSmallR</font>
								<textcolor>$INFO[Skin.String(Color.B1Txt2F)]</textcolor>
								<label>$INFO[ListItem.Label2]</label>
							</control>
						</focusedlayout>
						<content>
						<include>skinshortcuts-submenu</include>
						</content>
					</control>											
				</control>

				<!-- Bloc 1-->
				<control type="group">
					<visible>IsEmpty(Container(9000).ListItem.Property(widget))</visible>
					<include name="BlocPosition">
						<param name="Prefix" value="HOM.View1" />
						<param name="BlocID" value="B1" />
					</include>
					<width>636</width>
					<height>356</height>
					<control type="image">
						<texture colordiffuse="$INFO[Skin.String(Color.B3Bg)]">common/white.png</texture>
					</control>	
					<control type="image">
						<aspectratio>scale</aspectratio>
						<texture background="true" colordiffuse="FFFFFFFF">$VAR[HomeThumb]</texture>
					</control>
					<control type="image">
						<height>118</height>
						<aspectratio>stretch</aspectratio>
						<texture colordiffuse="AA000000">common/white.png</texture>
					</control>
					<control type="label">
						<top>20</top>
						<right>24</right>
						<width>588</width>
						<height>48</height>
						<align>right</align>
						<font>Font48</font>
						<textcolor>FFFFFFFF</textcolor>
						<label>[UPPERCASE]$INFO[Window(home).Property(MenuID)][/UPPERCASE]</label>
					</control>
					<control type="label">
						<top>72</top>
						<right>24</right>
						<width>588</width>
						<height>12</height>
						<align>right</align>
						<font>FontSmallB</font>
						<textcolor>FFFFFFFF</textcolor>
						<label>$INFO[Container(9012).NumItems,, $LOCALIZE[13398]]</label>
					</control>
				</control>				
			</control>
			
			<!-- Submenu for Live TV (Widget) -->
			
			<control type="group">
				<visible>StringCompare(Container(9000).ListItem.Property(widgetName),TV) | StringCompare(Container(9000).ListItem.Property(widgetName),$LOCALIZE[19023])</visible>
				
				<!-- Bloc 1-->
				<control type="group">
					<include name="BlocPosition">
						<param name="Prefix" value="HOM.View1" />
						<param name="BlocID" value="B1" />
					</include>
					<width>636</width>
					<height>357</height>
					
					<control type="image">
						<texture colordiffuse="$INFO[Skin.String(Color.B1Bg)]">common/white.png</texture>
					</control>					
							
					<control type="list" id="9010">
						<left>0</left>
						<top>0</top>
						<orientation>vertical</orientation>
						<onleft>9000</onleft>
						<onup>noop</onup>
						<ondown>noop</ondown>
						<onback>9000</onback>
						<onright>98</onright>

						<itemlayout width="636" height="119">
							<control type="image">
								<left>0</left>
								<top>0</top>
								<height>118</height>
								<align>center</align>
								<texture colordiffuse="$INFO[Skin.String(Color.B1ItemNF)]">common/white.png</texture>
							</control>
							<control type="image">
								<left>20</left>
								<top>20</top>
								<width>80</width>
								<height>80</height>
								<align>center</align>
								<aspectratio>keep</aspectratio>
								<texture fallback="material/tv.png" colordiffuse="FFFFFFFF">$INFO[ListItem.Icon]</texture>
							</control>
							<control type="label">
								<left>142</left>
								<top>20</top>
								<width>370</width>
								<height>50</height>
								<align>left</align>
								<aligny>center</aligny>
								<font>Font27</font>
								<textcolor>$INFO[Skin.String(Color.B1Txt1NF)]</textcolor>
								<label>$INFO[ListItem.Title]</label>
								<visible>ListItem.HasEpg</visible>
							</control>
							<control type="label">
								<left>142</left>
								<top>20</top>
								<width>370</width>
								<height>50</height>
								<align>left</align>
								<aligny>center</aligny>
								<font>Font27</font>
								<textcolor>$INFO[Skin.String(Color.B1Txt1NF)]</textcolor>
								<label>$INFO[ListItem.ChannelName]</label>
								<visible>!ListItem.HasEpg</visible>
							</control>
							<control type="label">
								<left>142</left>
								<top>50</top>
								<width>499</width>
								<height>50</height>
								<align>left</align>
								<aligny>center</aligny>
								<font>FontSmallR</font>
								<textcolor>$INFO[Skin.String(Color.B1Txt2NF)]</textcolor>
								<label>$INFO[ListItem.StartTime]$INFO[ListItem.EndTime, - ,]</label>
							</control>
						</itemlayout>

						<focusedlayout width="637" height="119">
							<control type="group">
								<left>0</left>
								<width>636</width>
								<visible>Control.HasFocus(98)</visible>
								<animation effect="zoom" start="0" end="100" center="400,45" time="200">VisibleChange</animation>
								<control type="image">
									<left>0</left>
									<top>0</top>
									<height>118</height>
									<align>center</align>
									<texture colordiffuse="$INFO[Skin.String(Color.B1ItemNF)]">common/white.png</texture>
								</control>
								<control type="image">
									<left>0</left>
									<top>0</top>
									<height>118</height>
									<align>center</align>
									<texture colordiffuse="$VAR[CategoryColor]">common/white.png</texture>
								</control>
								<control type="image">
									<left>0</left>
									<top>0</top>
									<width>118</width>
									<height>118</height>
									<align>center</align>
									<texture colordiffuse="$INFO[Skin.String(Color.B1IconBg)]">common/white.png</texture>
								</control>
								<control type="image">
									<left>20</left>
									<top>20</top>
									<width>80</width>
									<height>80</height>
									<align>center</align>
									<aspectratio>keep</aspectratio>
									<texture fallback="material/tv.png" colordiffuse="FFFFFFFF">$INFO[ListItem.Icon]</texture>
								</control>
								<control type="label">
									<left>142</left>
									<top>20</top>
									<width>370</width>
									<height>50</height>
									<align>left</align>
									<aligny>center</aligny>
									<font>Font27</font>
									<textcolor>$INFO[Skin.String(Color.B1Txt1F)]</textcolor>
									<label>$INFO[ListItem.NextTitle,$LOCALIZE[209] : ,]</label>
									<visible>ListItem.HasEpg</visible>
								</control>
								<control type="label">
									<left>142</left>
									<top>20</top>
									<width>370</width>
									<height>50</height>
									<align>left</align>
									<aligny>center</aligny>
									<font>Font27</font>
									<textcolor>$INFO[Skin.String(Color.B1Txt1F)]</textcolor>
									<label>$INFO[ListItem.ChannelName,$LOCALIZE[209] : ,]</label>
									<visible>!ListItem.HasEpg</visible>
								</control>
								<control type="label">
									<left>142</left>
									<top>50</top>
									<width>370</width>
									<height>50</height>
									<align>left</align>
									<aligny>center</aligny>
									<font>FontSmallR</font>
									<textcolor>$INFO[Skin.String(Color.B1Txt2F)]</textcolor>
									<label>$INFO[ListItem.NextStartTime]$INFO[ListItem.NextEndTime, - ,]</label>
								</control>
							</control>
							<control type="group">
								<left>0</left>
								<width>636</width>
								<visible>!Control.HasFocus(98)</visible>
								<animation effect="slide" start="-612,0" end="0,0" time="200">VisibleChange</animation>
								<control type="image">
									<left>0</left>
									<top>0</top>
									<height>118</height>
									<align>center</align>
									<texture colordiffuse="$INFO[Skin.String(Color.B1ItemNF)]">common/white.png</texture>
								</control>
								<control type="group">
									<visible>!Control.HasFocus(9000)</visible>
									<control type="image">
										<left>0</left>
										<top>0</top>
										<height>118</height>
										<align>center</align>
										<texture colordiffuse="$VAR[CategoryColor]">common/white.png</texture>
									</control>
									<control type="image">
										<left>0</left>
										<top>0</top>
										<width>118</width>
										<height>118</height>
										<align>center</align>
										<texture colordiffuse="$INFO[Skin.String(Color.B1IconBg)]">common/white.png</texture>
									</control>
									<control type="label">
										<left>142</left>
										<top>20</top>
										<width>370</width>
										<height>50</height>
										<align>left</align>
										<aligny>center</aligny>
										<font>Font27</font>
										<textcolor>$INFO[Skin.String(Color.B1Txt1F)]</textcolor>
										<label>$INFO[ListItem.Title]</label>
										<visible>ListItem.HasEpg</visible>
									</control>
									<control type="label">
										<left>142</left>
										<top>20</top>
										<width>370</width>
										<height>50</height>
										<align>left</align>
										<aligny>center</aligny>
										<font>Font27</font>
										<textcolor>$INFO[Skin.String(Color.B1Txt1F)]</textcolor>
										<label>$INFO[ListItem.ChannelName]</label>
										<visible>!ListItem.HasEpg</visible>
									</control>
									<control type="label">
										<left>142</left>
										<top>50</top>
										<width>499</width>
										<height>50</height>
										<align>left</align>
										<aligny>center</aligny>
										<font>FontSmallR</font>
										<textcolor>$INFO[Skin.String(Color.B1Txt2F)]</textcolor>
										<label>$INFO[ListItem.StartTime]$INFO[ListItem.EndTime, - ,]</label>
									</control>
								</control>
								<control type="group">
									<visible>Control.HasFocus(9000)</visible>
									<control type="label">
										<left>142</left>
										<top>20</top>
										<width>370</width>
										<height>50</height>
										<align>left</align>
										<aligny>center</aligny>
										<font>Font27</font>
										<textcolor>$INFO[Skin.String(Color.B1Txt1NF)]</textcolor>
										<label>$INFO[ListItem.Title]</label>
										<visible>ListItem.HasEpg</visible>
									</control>
									<control type="label">
										<left>142</left>
										<top>20</top>
										<width>370</width>
										<height>50</height>
										<align>left</align>
										<aligny>center</aligny>
										<font>Font27</font>
										<textcolor>$INFO[Skin.String(Color.B1Txt1NF)]</textcolor>
										<label>$INFO[ListItem.ChannelName]</label>
										<visible>!ListItem.HasEpg</visible>
									</control>
									<control type="label">
										<left>142</left>
										<top>50</top>
										<width>499</width>
										<height>50</height>
										<align>left</align>
										<aligny>center</aligny>
										<font>FontSmallR</font>
										<textcolor>$INFO[Skin.String(Color.B1Txt2NF)]</textcolor>
										<label>$INFO[ListItem.StartTime]$INFO[ListItem.EndTime, - ,]</label>
									</control>
								</control>
								<control type="image">
									<left>20</left>
									<top>20</top>
									<width>80</width>
									<height>80</height>
									<align>center</align>
									<aspectratio>keep</aspectratio>
									<texture fallback="material/tv.png" colordiffuse="FFFFFFFF">$INFO[ListItem.Icon]</texture>
								</control>
							</control>
						</focusedlayout>
						<content target="">pvr://channels/tv/1/;reload=$INFO[Window.Property(recommendedmovies)]&amp;limit=12</content>
					</control>
				</control>
				
				<!-- Bloc 2-->
				<control type="group">
					<include name="BlocPosition">
						<param name="Prefix" value="HOM.View1" />
						<param name="BlocID" value="B2" />
					</include>
					<visible>[StringCompare(Container(9000).ListItem.Property(widgetName),TV) | StringCompare(Container(9000).ListItem.Property(widgetName),$LOCALIZE[19023])] + !Control.HasFocus(98)</visible>
					<animation effect="slide" start="0,360" end="0,0" time="200">VisibleChange</animation>
					<width>636</width>
					<height>356</height>
					<control type="image">
						<left>0</left>
						<top>0</top>
						<texture colordiffuse="$INFO[Skin.String(Color.B2Bg)]">common/white.png</texture>
					</control>	
					<control type="label">
						<left>12</left>
						<top>24</top>
						<width>124</width>
						<height>60</height>
						<textcolor>$INFO[Skin.String(Color.B2Txt1)]</textcolor>
						<font>Font72</font>
						<align>center</align>
						<aligny>center</aligny>
						<label>$INFO[Container(9010).CurrentItem]</label>
					</control>
					<control type="label">
						<left>24</left>
						<top>96</top>
						<width>100</width>
						<height>60</height>
						<textcolor>$INFO[Skin.String(Color.B2Txt4)]</textcolor>
						<font>Font36</font>
						<align>center</align>
						<aligny>center</aligny>
						<label>$INFO[Container(9010).NumItems]</label>
					</control>
					<control type="label">
						<left>148</left>
						<width>440</width>
						<top>10</top>
						<height>60</height>
						<textcolor>$INFO[Skin.String(Color.B2Txt2)]</textcolor>
						<font>Font36R</font>
						<align>left</align>
						<aligny>center</aligny>
						<label fallback="19047">$INFO[Container(9010).ListItem.Title]</label>
					</control>
					<control type="label">
						<left>148</left>
						<width>440</width>
						<top>45</top>
						<height>60</height>
						<align>left</align>
						<aligny>center</aligny>
						<font>FontSmallR</font>
						<textcolor>$INFO[Skin.String(Color.B2Txt4)]</textcolor>
						<label fallback="19499">$INFO[Container(9010).ListItem.ChannelName]$INFO[Container(9010).ListItem.Genre, - ,]</label>
					</control>				
					<control type="textbox">
						<left>148</left>
						<top>120</top>
						<width>440</width>
						<height>165</height>
						<textcolor>$INFO[Skin.String(Color.B2Txt3)]</textcolor>
						<font>Font25</font>
						<label fallback="19055">$INFO[Container(9010).ListItem.Plot]</label>
					</control>
					<control type="progress">
						<left>148</left>
						<posy>315</posy>
						<width>100</width>
						<height>10</height>
						<texturebg colordiffuse="$VAR[CategoryColor]">common/progressback.png</texturebg>
						<lefttexture>-</lefttexture>
						<midtexture colordiffuse="$VAR[CategoryColor]">common/progressfront.png</midtexture>
						<righttexture>-</righttexture>
						<info>Container(9010).ListItem.Progress</info>
						<visible>Container(9010).ListItem.HasEpg</visible>
					</control>
					<control type="label">
						<top>300</top>
						<right>48</right>
						<width>300</width>
						<height>25</height>
						<align>right</align>
						<aligny>top</aligny>
						<font>Font25</font>
						<textcolor>$INFO[Skin.String(Color.B2Txt4)]</textcolor>
						<label>$INFO[Container(9010).ListItem.Duration,$LOCALIZE[180] : ,]</label>
						<visible>Container(9010).ListItem.HasEpg</visible>					
					</control>				
				</control>
				<control type="group">
					<include name="BlocPosition">
						<param name="Prefix" value="HOM.View1" />
						<param name="BlocID" value="B2" />
					</include>
					<visible>[StringCompare(Container(9000).ListItem.Property(widgetName),TV) | StringCompare(Container(9000).ListItem.Property(widgetName),$LOCALIZE[19023])] + Control.HasFocus(98)</visible>
					<animation effect="slide" start="0,360" end="0,0" time="200">VisibleChange</animation>
					<control type="image">
						<left>0</left>
						<top>0</top>
						<width>636</width>
						<height>356</height>
						<aspectratio>stretch</aspectratio>
						<texture colordiffuse="$INFO[Skin.String(Color.B2Bg)]">common/white.png</texture>
					</control>
					<control type="label">
						<left>12</left>
						<top>24</top>
						<width>124</width>
						<height>60</height>
						<textcolor>$INFO[Skin.String(Color.B2Txt1)]</textcolor>
						<font>Font72</font>
						<align>center</align>
						<aligny>center</aligny>
						<label>$INFO[Container(9010).CurrentItem]</label>
					</control>
					<control type="label">
						<left>24</left>
						<top>96</top>
						<width>100</width>
						<height>60</height>
						<textcolor>$INFO[Skin.String(Color.B2Txt4)]</textcolor>
						<font>Font36</font>
						<align>center</align>
						<aligny>center</aligny>
						<label>$INFO[Container(9010).NumItems]</label>
					</control>
					<control type="label">
						<left>148</left>
						<width>440</width>
						<top>10</top>
						<height>60</height>
						<textcolor>$INFO[Skin.String(Color.B2Txt2)]</textcolor>
						<font>Font36R</font>
						<align>left</align>
						<aligny>center</aligny>
						<label fallback="19047">$INFO[Container(9010).ListItem.NextTitle,$LOCALIZE[209] : ,]</label>
					</control>
					<control type="label">
						<left>148</left>
						<width>440</width>
						<top>45</top>
						<height>60</height>
						<align>left</align>
						<aligny>center</aligny>
						<font>FontSmallR</font>
						<textcolor>$INFO[Skin.String(Color.B2Txt4)]</textcolor>
						<label fallback="19499">$INFO[Container(9010).ListItem.ChannelName]$INFO[Container(9010).ListItem.NextGenre, - ]</label>
					</control>				
					<control type="textbox">
						<left>148</left>
						<top>120</top>
						<width>440</width>
						<height>165</height>
						<textcolor>$INFO[Skin.String(Color.B2Txt3)]</textcolor>
						<font>Font25</font>
						<label fallback="19055">$INFO[Container(9010).ListItem.NextPlot]</label>
					</control>
					<control type="label">
						<top>300</top>
						<left>148</left>
						<width>300</width>
						<height>25</height>
						<align>left</align>
						<aligny>top</aligny>
						<font>Font25</font>
						<textcolor>$INFO[Skin.String(Color.B2Txt4)]</textcolor>
						<label>$INFO[Container(9010).ListItem.NextStartTime,$LOCALIZE[19126] ,]</label>
					</control>
					<control type="label">
						<top>300</top>
						<right>48</right>
						<width>300</width>
						<height>25</height>
						<align>right</align>
						<aligny>top</aligny>
						<font>Font25</font>
						<textcolor>$INFO[Skin.String(Color.B2Txt4)]</textcolor>
						<label>$INFO[Container(9010).ListItem.NextDuration,, $LOCALIZE[12391]]</label>
						<visible>Container(9010).ListItem.HasEpg</visible>					
					</control>				
				</control>					

				<!-- Bloc 3-->
				<control type="group">
					<include name="BlocPosition">
						<param name="Prefix" value="HOM.View1" />
						<param name="BlocID" value="B3" />
					</include>
					<width>636</width>
					<height>356</height>
					<control type="image">
						<left>0</left>
						<top>0</top>
						<texture colordiffuse="$INFO[Skin.String(Color.B3Bg)]">common/white.png</texture>
					</control>	
					<control type="multiimage">
						<left>0</left>
						<top>0</top>
						<width>636</width>
						<height>356</height>
						<imagepath>plugin://script.skin.helper.service/?action=getthumb&amp;path=$INFO[Container(9010).ListItem.Title,, ]$INFO[Container(9010).ListItem.ChannelName]</imagepath>
					 	<aspectratio>scale</aspectratio>
					 	<visible>!IsEmpty(Container(9010).ListItem.Title)</visible>
					</control>
					<control type="image">
						<left>0</left>
						<top>0</top>
						<width>636</width>
						<height>356</height>
						<aspectratio>stretch</aspectratio>
						<texture colordiffuse="FFFFFFFF">$VAR[HomeThumb]</texture>
						<visible>IsEmpty(Window(Home).Property(SkinHelper.ListItemThumb))</visible>
					</control>
					<control type="image">
						<right>24</right>
						<top>230</top>
						<width>180</width>
						<height>100</height>
						<aspectratio>keep</aspectratio>
						<texture fallback="material/tv.png" colordiffuse="FFFFFFFF">$INFO[Container(9010).ListItem.Icon]</texture>
					</control>
					<control type="image">
						<left>0</left>
						<top>0</top>
						<width>636</width>
						<height>118</height>
						<aspectratio>stretch</aspectratio>
						<texture colordiffuse="AA000000">common/white.png</texture>
					</control>
					<control type="label">
						<top>20</top>
						<right>24</right>
						<width>588</width>
						<height>48</height>
						<align>right</align>
						<font>Font48</font>
						<textcolor>FFFFFFFF</textcolor>
						<label>[UPPERCASE]$INFO[Window(home).Property(MenuID)][/UPPERCASE]</label>
					</control>
					<control type="label">
						<top>72</top>
						<right>24</right>
						<width>588</width>
						<height>12</height>
						<align>right</align>
						<font>FontSmallB</font>
						<textcolor>FFFFFFFF</textcolor>
						<label>$INFO[Container(9010).NumItems,, $LOCALIZE[19019]]</label>
					</control>
				</control>				
			</control>
					
			<!-- Submenu Librarydata (Widgets) -->
			<control type="group">
				<visible>!IsEmpty(Container(9000).ListItem.Property(widgetPath)) + !StringCompare(Container(9000).ListItem.Property(widgetName),TV) + !StringCompare(Container(9000).ListItem.Property(widgetName),$LOCALIZE[19023])</visible>		
					
				<control type="group">					
					<animation effect="slide" start="0,0" end="-1284,0" time="400" condition="Control.HasFocus(9014) + StringCompare(Skin.String(HOM.View1.BBLay),HORIZONTAL)">Conditional</animation>
					<animation effect="slide" start="0,0" end="0,-724" time="400" condition="Control.HasFocus(9014) + StringCompare(Skin.String(HOM.View1.BBLay),VERTICAL)">Conditional</animation>

					<!-- Bloc 2-->
					<control type="group">
						<include name="BlocPosition">
							<param name="Prefix" value="HOM.View1" />
							<param name="BlocID" value="B2" />
						</include>
						<width>636</width>
						<height>356</height>
						<control type="image">
							<left>0</left>
							<top>0</top>
							<width>636</width>
							<height>356</height>
							<aspectratio>stretch</aspectratio>
							<texture colordiffuse="$INFO[Skin.String(Color.B2Bg)]">common/white.png</texture>
						</control>					
						<control type="group">
							<left>0</left>
							<top>0</top>			
							<control type="label">
								<left>24</left>
								<top>24</top>
								<width>100</width>
								<height>60</height>
								<textcolor>$INFO[Skin.String(Color.B2Txt1)]</textcolor>
								<font>Font72</font>
								<align>center</align>
								<aligny>center</aligny>
								<label>$INFO[Container(9011).CurrentItem]</label>
							</control>
							<control type="label">
								<left>24</left>
								<top>96</top>
								<width>100</width>
								<height>60</height>
								<textcolor>$INFO[Skin.String(Color.B2Txt4)]</textcolor>
								<font>Font36</font>
								<align>center</align>
								<aligny>center</aligny>
								<label>$INFO[Container(9011).NumItems]</label>
							</control>
							<control type="label">
								<left>148</left>
								<width>440</width>
								<top>10</top>
								<height>60</height>
								<textcolor>$INFO[Skin.String(Color.B2Txt2)]</textcolor>
								<font>Font36R</font>
								<align>left</align>
								<aligny>center</aligny>
								<label>$INFO[Container(9011).ListItem.Title]</label>
								<visible>!IsEmpty(Container(9011).ListItem.Title)</visible>
							</control>
							<control type="label">
								<left>148</left>
								<width>440</width>
								<top>10</top>
								<height>60</height>
								<textcolor>$INFO[Skin.String(Color.B2Txt2)]</textcolor>
								<font>Font36R</font>
								<align>left</align>
								<aligny>center</aligny>
								<label>$INFO[Container(9011).ListItem.Label]</label>
								<visible>IsEmpty(Container(9011).ListItem.Title)</visible>
							</control>
							<control type="label">
								<left>148</left>
								<width>440</width>
								<top>45</top>
								<height>60</height>
								<align>left</align>
								<aligny>center</aligny>
								<font>FontSmallR</font>
								<textcolor>$INFO[Skin.String(Color.B2Txt4)]</textcolor>
								<label>$VAR[HomeWidgetSubtitle]</label>
							</control>				
							<control type="textbox">
								<left>148</left>
								<top>120</top>
								<width>440</width>
								<height>165</height>
								<textcolor>$INFO[Skin.String(Color.B2Txt3)]</textcolor>
								<font>Font25</font>
								<label>$VAR[HomeWidgetPlot]</label>
							</control>
							<control type="image">
								<description>Rating value</description>
								<left>148</left>
								<posy>310</posy>
								<width>100</width>
								<height>20</height>
								<aspectratio align="left">keep</aspectratio>
								<texture colordiffuse="$VAR[CategoryColor]" fallback="rating0.png">$INFO[Container(9011).ListItem.StarRating,]</texture>
							</control>
							<control type="image">
								<right>36</right>
								<posy>295</posy>
								<width>50</width>
								<height>50</height>
								<align>right</align>
								<aligny>center</aligny>							
								<aspectratio>keep</aspectratio>
								<texture colordiffuse="$VAR[CategoryColor]">common/up.png</texture>
							</control>
							<control type="image">
								<right>80</right>
								<posy>295</posy>
								<width>50</width>
								<height>50</height>
								<align>right</align>
								<aligny>center</aligny>							
								<aspectratio>keep</aspectratio>
								<texture colordiffuse="$VAR[CategoryColor]">common/down.png</texture>
							</control>		
						</control>
						
						<include>skinshortcuts-template-widget-default</include>
					</control>
						
					<!-- Bloc 3-->
					<control type="group">
						<include name="BlocPosition">
							<param name="Prefix" value="HOM.View1" />
							<param name="BlocID" value="B3" />
						</include>
						<width>636</width>
						<height>356</height>
						<control type="image">
							<left>0</left>
							<top>0</top>
							<texture colordiffuse="$INFO[Skin.String(Color.B3Bg)]">common/white.png</texture>
						</control>	
						<control type="image">
							<left>0</left>
							<top>0</top>
							<width>636</width>
							<height>356</height>
							<align>left</align>
							<aligny>top</aligny>
							<aspectratio>scale</aspectratio>
							<texture background="true" colordiffuse="FFFFFFFF">$VAR[HomeWidgetThumb]</texture>
						</control>
						<control type="image">
							<left>248</left>
							<top>110</top>
							<width>140</width>
							<height>140</height>
							<aspectratio>keep</aspectratio>
							<texture colordiffuse="55FFFFFF">material/play.png</texture>
							<visible>!IsEmpty(Container(9011).ListItem.Art(fanart))</visible>
						</control>
						<control type="image">
							<left>0</left>
							<top>300</top>
							<width>636</width>
							<height>56</height>
							<aspectratio>stretch</aspectratio>
							<texture colordiffuse="AA000000">common/white.png</texture>
						</control>
						<control type="label">
							<left>12</left>
							<top>300</top>
							<width>589</width>
							<height>56</height>
							<align>left</align>
							<textcolor>FFFFFFFF</textcolor>
							<font>FontSmall</font>
							<label>$VAR[HomeWidgetTag]</label>
						</control>
					</control>
				</control>

				<!-- Bloc 1-->
				<control type="group">
						<include name="BlocPosition">
						<param name="Prefix" value="HOM.View1" />
						<param name="BlocID" value="B1" />
					</include>
					<width>636</width>
					<height>356</height>
					<control type="image">
						<left>0</left>
						<top>0</top>
						<texture colordiffuse="$INFO[Skin.String(Color.B3Bg)]">common/white.png</texture>
					</control>	
					<control type="image">
						<left>0</left>
						<top>0</top>
						<width>636</width>
						<height>356</height>
						<align>left</align>
						<aligny>top</aligny>
						<aspectratio>scale</aspectratio>
						<texture background="true" colordiffuse="FFFFFFFF">$VAR[HomeThumb]</texture>
					</control>
					<control type="image">
						<left>0</left>
						<top>0</top>
						<width>636</width>
						<height>118</height>
						<aspectratio>stretch</aspectratio>
						<texture colordiffuse="AA000000">common/white.png</texture>
					</control>
					<control type="label">
						<top>20</top>
						<right>24</right>
						<width>588</width>
						<height>48</height>
						<align>right</align>
						<font>Font48</font>
						<textcolor>FFFFFFFF</textcolor>
						<label>[UPPERCASE]$INFO[Window(home).Property(MenuID)][/UPPERCASE]</label>
					</control>
					<control type="label">
						<top>72</top>
						<right>24</right>
						<width>588</width>
						<height>12</height>
						<align>right</align>
						<font>FontSmallB</font>
						<textcolor>FFFFFFFF</textcolor>
						<label>$INFO[Container(9000).ListItem.Property(widgetName)]</label>
					</control>
				</control>				
			</control>

			<control type="group">
				<visible>StringCompare(Container(9000).ListItem.Property(widget),WeatherWidget)</visible>

			<!-- Submenu Weather (widget) --> 
				
				<!-- Bloc 1-->
				<control type="group">
					<include name="BlocPosition">
						<param name="Prefix" value="HOM.View1" />
						<param name="BlocID" value="B1" />
					</include>
					<width>636</width>
					<height>356</height>
					<control type="image">
						<texture colordiffuse="$INFO[Skin.String(Color.B3Bg)]">common/white.png</texture>
					</control>	
					<control type="image">
						<aspectratio>scale</aspectratio>
						<texture background="true" colordiffuse="FFFFFFFF">$VAR[HomeThumb]</texture>
					</control>
					<control type="image">
						<height>118</height>
						<aspectratio>stretch</aspectratio>
						<texture colordiffuse="AA000000">common/white.png</texture>
					</control>
					<control type="label">
						<top>20</top>
						<right>24</right>
						<width>588</width>
						<height>48</height>
						<align>right</align>
						<font>Font48</font>
						<textcolor>FFFFFFFF</textcolor>
						<label>[UPPERCASE]$INFO[Window(home).Property(MenuID)][/UPPERCASE]</label>
					</control>
					<control type="label">
						<top>72</top>
						<right>24</right>
						<width>588</width>
						<height>12</height>
						<align>right</align>
						<font>FontSmallB</font>
						<textcolor>FFFFFFFF</textcolor>
						<label>$LOCALIZE[10508]</label>
					</control>
				</control>
				
				<!-- Bloc 2-->
				<control type="group">
					<include name="BlocPosition">
						<param name="Prefix" value="HOM.View1" />
						<param name="BlocID" value="B2" />
					</include>
					
					<control type="image">
						<!-- Configuring Horizontal Size -->
						<include condition="Skin.String(HOM.View1.BBLay,VERTICAL)">SizeX636</include>
						<include condition="Skin.String(HOM.View1.BBLay,HORIZONTAL)">SizeX1272</include>
						<!-- Configuring Vertical Size -->
						<include condition="Skin.String(HOM.View1.BBLay,HORIZONTAL)">SizeY357</include>
						<include condition="Skin.String(HOM.View1.BBLay,VERTICAL)">SizeY713</include>
						<texture colordiffuse="$INFO[Skin.String(Color.B1Bg)]">common/white.png</texture>
					</control>	
				
					<control type="panel" id="9011">
						<left>0</left>
						<top>0</top>
						<!-- Configuring Horizontal Size -->
						<include condition="Skin.String(HOM.View1.BBLay,VERTICAL)">SizeX636</include>
						<include condition="Skin.String(HOM.View1.BBLay,HORIZONTAL)">SizeX1272</include>
						<!-- Configuring Vertical Size -->
						<include condition="Skin.String(HOM.View1.BBLay,HORIZONTAL)">SizeY357</include>
						<include condition="Skin.String(HOM.View1.BBLay,VERTICAL)">SizeY713</include>
						<onleft>9000</onleft>
						<onup>noop</onup>
						<ondown>noop</ondown>
						<onback>9000</onback>
						<onright>noop</onright>
						<scrolltime>200</scrolltime>
						<pagecontrol>61</pagecontrol>
						<viewtype label="535">icon</viewtype>

						<itemlayout width="318" height="356">
							<control type="image">
								<left>0</left>
								<top>0</top>
								<width>317</width>
								<height>355</height>
								<aspectratio>scale</aspectratio>
								<texture colordiffuse="$INFO[Skin.String(Color.B1ItemNF)]">common/white.png</texture>
							</control>
							<control type="image">
								<left>0</left>
								<top>118</top>
								<width>317</width>
								<height>237</height>
								<align>center</align>
								<aspectratio>scale</aspectratio>
								<texture colordiffuse="FFFFFFFF">$INFO[ListItem.Property(WeatherArt)]</texture>
							</control>
							<control type="label">
								<left>24</left>
								<top>20</top>
								<width>317</width>
								<height>50</height>
								<align>left</align>
								<aligny>center</aligny>
								<font>Font27</font>
								<textcolor>$INFO[Skin.String(Color.B1Txt1NF)]</textcolor>
								<label>$INFO[ListItem.Property(LongDay)]</label>
							</control>
							<control type="label">
								<left>24</left>
								<top>50</top>
								<width>317</width>
								<height>50</height>
								<align>left</align>
								<aligny>center</aligny>
								<font>FontSmallR</font>
								<textcolor>$INFO[Skin.String(Color.B1Txt2NF)]</textcolor>
								<label>$INFO[ListItem.Property(Outlook)]</label>
							</control>		
							<control type="label">
								<left>24</left>
								<top>142</top>
								<width>317</width>
								<height>27</height>
								<align>left</align>
								<aligny>center</aligny>
								<font>Font27R</font>
								<textcolor>FFFFFFFF</textcolor>
								<shadowcolor>FF000000</shadowcolor>
								<label>$INFO[ListItem.Property(LowTemperature),, -]$INFO[ListItem.Property(HighTemperature)]</label>
							</control>		
						</itemlayout>

						<focusedlayout width="318" height="356">
							<control type="button">
								<texturefocus></texturefocus>
								<texturenofocus></texturenofocus>
								<onfocus condition="Container.Content(tvshows)">SetProperty(DBIdent,$INFO[ListItem.DBID],Home)</onfocus>
							</control>	
							<control type="image">
								<left>0</left>
								<top>0</top>
								<width>317</width>
								<height>355</height>
								<aspectratio>scale</aspectratio>
								<texture colordiffuse="$INFO[Skin.String(Color.B1ItemNF)]">common/white.png</texture>
							</control>
							<control type="image">
								<left>0</left>
								<top>0</top>
								<width>317</width>
								<height>355</height>
								<aspectratio>scale</aspectratio>
								<texture colordiffuse="$VAR[CategoryColor]">common/white.png</texture>
							</control>
							<control type="image">
								<left>0</left>
								<top>118</top>
								<width>317</width>
								<height>237</height>
								<align>center</align>
								<aspectratio>scale</aspectratio>
								<texture colordiffuse="FFFFFFFF">$INFO[ListItem.Property(WeatherArt)]</texture>
							</control>
							<control type="label">
								<left>24</left>
								<top>20</top>
								<width>317</width>
								<height>50</height>
								<align>left</align>
								<aligny>center</aligny>
								<font>Font27</font>
								<textcolor>$INFO[Skin.String(Color.B1Txt1F)]</textcolor>
								<label>$INFO[ListItem.Property(LongDay)]</label>
							</control>
							<control type="label">
								<left>24</left>
								<top>50</top>
								<width>317</width>
								<height>50</height>
								<align>left</align>
								<aligny>center</aligny>
								<font>FontSmallR</font>
								<textcolor>$INFO[Skin.String(Color.B1Txt2F)]</textcolor>
								<label>$INFO[ListItem.Property(Outlook)]</label>
							</control>		
							<control type="label">
								<left>24</left>
								<top>142</top>
								<width>317</width>
								<height>27</height>
								<align>left</align>
								<aligny>center</aligny>
								<font>Font27R</font>
								<textcolor>FFFFFFFF</textcolor>
								<shadowcolor>FF000000</shadowcolor>
								<label>$INFO[ListItem.Property(LowTemperature),, -]$INFO[ListItem.Property(HighTemperature)]</label>
							</control>				
						</focusedlayout>
						<content>
							<item>
								<onclick>noop</onclick>
				                <label>$INFO[Window(Weather).Property(Day0.Title)]</label>
								<icon>$INFO[Window(Weather).Property(Day0.FanartCode),weather/,.png]</icon>
								<property name="Fanartcode">$INFO[Window(Weather).Property(Day0.FanartCode)]</property>
								<property name="LongDay">$LOCALIZE[33006]</property>
								<property name="HighTemperature">$INFO[Window(Weather).Property(Day0.HighTemp)]$INFO[System.TemperatureUnits]</property>
								<property name="LowTemperature">$INFO[Window(Weather).Property(Day0.LowTemp)]$INFO[System.TemperatureUnits]</property>
								<property name="Outlook">$INFO[Window(Weather).Property(Day0.Outlook)]</property>
								<property name="WeatherArt">$INFO[Window(Weather).Property(Day0.FanartCode),weather/art/,.jpg]</property>
								<property name="WeatherPoster">$INFO[Window(Weather).Property(Day0.FanartCode),weather/poster/,.jpg]</property>
								<property name="Refresh">$INFO[Weather.Conditions]</property>
								<visible>!IsEmpty(Window(Weather).Property(Day0.Title))</visible>
							</item>
							<item>
								<onclick>noop</onclick>
				                <label>$INFO[Window(Weather).Property(Day1.Title)]</label>
								<icon>$INFO[Window(Weather).Property(Day1.FanartCode),weather/,.png]</icon>
								<property name="Fanartcode">$INFO[Window(Weather).Property(Day1.FanartCode)]</property>
								<property name="LongDay">$LOCALIZE[33007]</property>
								<property name="HighTemperature">$INFO[Window(Weather).Property(Day1.HighTemp)]$INFO[System.TemperatureUnits]</property>
								<property name="LowTemperature">$INFO[Window(Weather).Property(Day1.LowTemp)]$INFO[System.TemperatureUnits]</property>
								<property name="Outlook">$INFO[Window(Weather).Property(Day1.Outlook)]</property>
								<property name="WeatherArt">$INFO[Window(Weather).Property(Day1.FanartCode),weather/art/,.jpg]</property>
								<property name="WeatherPoster">$INFO[Window(Weather).Property(Day1.FanartCode),weather/poster/,.jpg]</property>
								<visible>!IsEmpty(Window(Weather).Property(Day1.Title))</visible>
							</item>
							<item>
								<onclick>noop</onclick>
				                <label>$INFO[Window(Weather).Property(Day2.Title)]</label>
								<icon>$INFO[Window(Weather).Property(Day2.FanartCode),weather/,.png]</icon>
								<property name="Fanartcode">$INFO[Window(Weather).Property(Day2.FanartCode)]</property>
								<property name="LongDay">$INFO[Window(Weather).Property(Day2.Title)]</property>
								<property name="HighTemperature">$INFO[Window(Weather).Property(Day2.HighTemp)]$INFO[System.TemperatureUnits]</property>
								<property name="LowTemperature">$INFO[Window(Weather).Property(Day2.LowTemp)]$INFO[System.TemperatureUnits]</property>
								<property name="Outlook">$INFO[Window(Weather).Property(Day2.Outlook)]</property>
								<property name="WeatherArt">$INFO[Window(Weather).Property(Day2.FanartCode),weather/art/,.jpg]</property>
								<property name="WeatherPoster">$INFO[Window(Weather).Property(Day2.FanartCode),weather/poster/,.jpg]</property>
								<visible>!IsEmpty(Window(Weather).Property(Day2.Title))</visible>
							</item>
							<item>
								<onclick>noop</onclick>
				                <label>$INFO[Window(Weather).Property(Day3.Title)]</label>
								<icon>$INFO[Window(Weather).Property(Day3.FanartCode),weather/,.png]</icon>
								<property name="Fanartcode">$INFO[Window(Weather).Property(Day3.FanartCode)]</property>
								<property name="LongDay">$INFO[Window(Weather).Property(Day3.Title)]</property>
								<property name="HighTemperature">$INFO[Window(Weather).Property(Day3.HighTemp)]$INFO[System.TemperatureUnits]</property>
								<property name="LowTemperature">$INFO[Window(Weather).Property(Day3.LowTemp)]$INFO[System.TemperatureUnits]</property>
								<property name="Outlook">$INFO[Window(Weather).Property(Day3.Outlook)]</property>
								<property name="WeatherArt">$INFO[Window(Weather).Property(Day3.FanartCode),weather/art/,.jpg]</property>
								<property name="WeatherPoster">$INFO[Window(Weather).Property(Day3.FanartCode),weather/poster/,.jpg]</property>
								<visible>!IsEmpty(Window(Weather).Property(Day3.Title))</visible>
							</item>
							<item>
								<onclick>noop</onclick>
				                <label>$INFO[Window(Weather).Property(Day4.Title)]</label>
								<icon>$INFO[Window(Weather).Property(Day4.FanartCode),weather/,.png]</icon>
								<property name="Fanartcode">$INFO[Window(Weather).Property(Day4.FanartCode)]</property>
								<property name="LongDay">$INFO[Window(Weather).Property(Day4.Title)]</property>
								<property name="HighTemperature">$INFO[Window(Weather).Property(Day4.HighTemp)]$INFO[System.TemperatureUnits]</property>
								<property name="LowTemperature">$INFO[Window(Weather).Property(Day4.LowTemp)]$INFO[System.TemperatureUnits]</property>
								<property name="Outlook">$INFO[Window(Weather).Property(Day4.Outlook)]</property>
								<property name="WeatherArt">$INFO[Window(Weather).Property(Day4.FanartCode),weather/art/,.jpg]</property>
								<property name="WeatherPoster">$INFO[Window(Weather).Property(Day4.FanartCode),weather/poster/,.jpg]</property>
								<visible>!IsEmpty(Window(Weather).Property(Day4.Title))</visible>
							</item>
							<item>
								<onclick>noop</onclick>
				                <label>$INFO[Window(Weather).Property(Day5.Title)]</label>
								<icon>$INFO[Window(Weather).Property(Day5.FanartCode),weather/,.png]</icon>
								<property name="Fanartcode">$INFO[Window(Weather).Property(Day5.FanartCode)]</property>
								<property name="LongDay">$INFO[Window(Weather).Property(Day5.Title)]</property>
								<property name="HighTemperature">$INFO[Window(Weather).Property(Day5.HighTemp)]$INFO[System.TemperatureUnits]</property>
								<property name="LowTemperature">$INFO[Window(Weather).Property(Day5.LowTemp)]$INFO[System.TemperatureUnits]</property>
								<property name="Outlook">$INFO[Window(Weather).Property(Day5.Outlook)]</property>
								<property name="WeatherArt">$INFO[Window(Weather).Property(Day5.FanartCode),weather/art/,.jpg]</property>
								<property name="WeatherPoster">$INFO[Window(Weather).Property(Day5.FanartCode),weather/poster/,.jpg]</property>
								<visible>!IsEmpty(Window(Weather).Property(Day5.Title))</visible>
							</item>
							<item>
								<onclick>noop</onclick>
				                <label>$INFO[Window(Weather).Property(Day6.Title)]</label>
								<icon>$INFO[Window(Weather).Property(Day6.FanartCode),weather/,.png]</icon>
								<property name="Fanartcode">$INFO[Window(Weather).Property(Day6.FanartCode)]</property>
								<property name="LongDay">$INFO[Window(Weather).Property(Day6.Title)]</property>
								<property name="HighTemperature">$INFO[Window(Weather).Property(Day6.HighTemp)]$INFO[System.TemperatureUnits]</property>
								<property name="LowTemperature">$INFO[Window(Weather).Property(Day6.LowTemp)]$INFO[System.TemperatureUnits]</property>
								<property name="Outlook">$INFO[Window(Weather).Property(Day6.Outlook)]</property>
								<property name="WeatherArt">$INFO[Window(Weather).Property(Day6.FanartCode),weather/art/,.jpg]</property>
								<property name="WeatherPoster">$INFO[Window(Weather).Property(Day6.FanartCode),weather/poster/,.jpg]</property>
								<visible>!IsEmpty(Window(Weather).Property(Day6.Title))</visible>
							</item>
						</content>
					</control>
				</control>
			</control>
		

		</control>

		<!-- Dialogs Background -->
		<include name="DialogBgDef">
			<param name="CompPrefix" value="HOM.View1" />
		</include>
			
		<!-- Sidebar Position-->	
		<control type="group">	
			<visible>!StringCompare(Window(Home).Property(DialogVisibility),VISIBLE)</visible>
			<control type="group">		
				<visible>Skin.String(HOM.View1.BBSidebar,LEFT) | Skin.String(HOM.View1.BBSidebar,RIGHT)</visible>	
				<include condition="Skin.String(HOM.View1.BBSidebar,LEFT) | Skin.String(HOM.View1.BBSidebar,RIGHT)">BarVPreview</include>
				<animation effect="slide" start="0,0" end="1800,0" time="0" condition="Skin.String(HOM.View1.BBSidebar,RIGHT)">Conditional</animation>
				<animation effect="fade" start="75" end="0" time="200" delay="1000" condition="!Container(50).OnNext + !Container(50).OnPrevious + Skin.String(HOM.View1.BBSidebar,RIGHT) + Skin.String(HOM.View1.BBSizeX,3COLUMN) + Skin.String(HOM.View1.BBSizeY,3ROW)">Conditional</animation>	
				<animation effect="fade" start="75" end="0" time="200" delay="1000" condition="!Container(50).OnNext + !Container(50).OnPrevious + Skin.String(HOM.View1.BBSidebar,LEFT) + Skin.String(HOM.View1.BBSizeX,3COLUMN) + Skin.String(HOM.View1.BBSizeY,3ROW)">Conditional</animation>
			</control>
			
			<control type="group">		
				<visible>Skin.String(HOM.View1.BBSidebar,TOP) | Skin.String(HOM.View1.BBSidebar,BOTTOM)</visible>
				<include condition="Skin.String(HOM.View1.BBSidebar,TOP) | Skin.String(HOM.View1.BBSidebar,BOTTOM)">BarHPreview</include>
				<animation effect="slide" start="0,0" end="0,960" time="0" condition="Skin.String(HOM.View1.BBSidebar,BOTTOM)">Conditional</animation>
				<animation effect="fade" start="75" end="0" time="200" delay="1000" condition="!Container(50).OnNext + !Container(50).OnPrevious + Skin.String(HOM.View1.BBSidebar,TOP) + Skin.String(HOM.View1.BBSizeX,3COLUMN) + Skin.String(HOM.View1.BBSizeY,3ROW)">Conditional</animation>	
				<animation effect="fade" start="75" end="0" time="200" delay="1000" condition="!Container(50).OnNext + !Container(50).OnPrevious + Skin.String(HOM.View1.BBSidebar,BOTTOM) + Skin.String(HOM.View1.BBSizeX,3COLUMN) + Skin.String(HOM.View1.BBSizeY,3ROW)">Conditional</animation>				
			</control>
		</control>	
			
		<control type="wraplist" id="9000">
			<focusposition>0</focusposition>
			<scrolltime>200</scrolltime>
			<include condition="Skin.String(HOM.View1.BBLay,VERTICAL)">HomeV</include>
			<include condition="Skin.String(HOM.View1.BBLay,HORIZONTAL)">HomeH</include>
			<animation effect="slide" start="0,0" end="1800,0" time="0" condition="Skin.String(HOM.View1.BBSidebar,RIGHT)">Conditional</animation>
			<animation effect="slide" start="0,0" end="0,960" time="0" condition="Skin.String(HOM.View1.BBSidebar,BOTTOM)">Conditional</animation>

			<itemlayout width="80" height="80">
				<control type="image">
					<animation effect="fade" start="100" end="0" time="200" condition="Control.HasFocus(9010) | Control.HasFocus(9011) | Control.HasFocus(9012) | Control.HasFocus(9013) | Control.HasFocus(98)">Conditional</animation>
					<left>15</left>
					<top>15</top>
					<width>50</width>
					<height>50</height>
					<align>center</align>
					<aspectratio>keep</aspectratio>
					<texture colordiffuse="$INFO[Skin.String(Color.SBIconNF)]">$INFO[ListItem.Icon]</texture>
					<visible>!Window.IsActive(10138)</visible>
					<visible>Control.HasFocus(9000)</visible>
				</control>
			</itemlayout>

			<focusedlayout width="80" height="80">
				<control type="button">
					<texturefocus></texturefocus>
					<texturenofocus></texturenofocus>
					<onfocus>SetProperty(MenuID,$INFO[Container(9000).ListItem.Label])</onfocus>
					<onfocus>SetProperty(MenuIcon,$INFO[Container(9000).ListItem.Icon])</onfocus>
					<onfocus>SetProperty(MenuSection,$INFO[Container(9000).ListItem.Property(submenuVisibility)])</onfocus>
					<onfocus>SetProperty(MenuCategory,$INFO[Container(9000).ListItem.Property(defaultID)])</onfocus>
				</control>
				<control type="image">
					<left>0</left>
					<top>0</top>
					<width>80</width>
					<height>80</height>
					<align>center</align>
					<texture colordiffuse="$VAR[CategoryColor]">common/white.png</texture>
				</control>
				<control type="image">
					<left>15</left>
					<top>15</top>
					<width>50</width>
					<height>50</height>
					<align>center</align>
					<aspectratio>keep</aspectratio>
					<texture colordiffuse="$INFO[Skin.String(Color.B1Txt1F)]">$INFO[ListItem.Icon]</texture>
					<visible>!Window.IsActive(10138)</visible>
				</control>
				<control type="image">
					<left>15</left>
					<top>15</top>
					<width>50</width>
					<height>50</height>
					<align>center</align>
					<aspectratio>keep</aspectratio>
					<texture colordiffuse="$INFO[Skin.String(Color.B1Txt1F)]">material/loading.png</texture>
					<animation effect="rotate" start="0" end="360" time="800" center="auto" loop="true" condition="true">Conditional</animation>
					<visible>Window.IsActive(10138)</visible>
				</control>
			</focusedlayout>
			<content>
				<include>skinshortcuts-mainmenu</include>
			</content>
		</control>
		<control type="label">
			<animation effect="slide" start="0,-120" end="0,0" time="200" condition="!Control.HasFocus(9000)">Conditional</animation>
			<top>0</top>
			<left>144</left>
			<width>400</width>
			<height>120</height>
			<align>left</align>
			<font>Font48</font>
			<textcolor>$INFO[Skin.String(Color.SBIconNF)]</textcolor>
			<label>[UPPERCASE]$INFO[System.CurrentWindow][/UPPERCASE]</label>
			<visible>Skin.String(HOM.View1.BBSidebar,TOP)</visible>
			<visible>!Window.IsActive(10138)</visible>			
			<visible>!Control.HasFocus(9000)</visible>
		</control>
		<control type="label">
			<animation effect="slide" start="0,120" end="0,0" time="200" condition="!Control.HasFocus(9000)">Conditional</animation>
			<top>960</top>
			<left>144</left>
			<width>400</width>
			<height>120</height>
			<align>left</align>
			<font>Font48</font>
			<textcolor>$INFO[Skin.String(Color.SBIconNF)]</textcolor>
			<label>[UPPERCASE]$INFO[System.CurrentWindow][/UPPERCASE]</label>
			<visible>Skin.String(HOM.View1.BBSidebar,BOTTOM)</visible>
			<visible>!Window.IsActive(10138)</visible>
			<visible>!Control.HasFocus(9000)</visible>
		</control>
		<control type="label">
			<top>0</top>
			<left>-400</left>
			<width>400</width>
			<height>120</height>
			<align>right</align>
			<font>Font48</font>
			<textcolor>$INFO[Skin.String(Color.SBIconNF)]</textcolor>
			<label>[UPPERCASE]$INFO[System.CurrentWindow][/UPPERCASE]</label>
			<animation effect="slide" start="-120,0" end="0,0" time="200" condition="!Control.HasFocus(9000)">Conditional</animation>
			<animation effect="rotate" start="0" end="90" time="0" center="60,60" condition="true">Conditional</animation>
			<visible>Skin.String(HOM.View1.BBSidebar,LEFT)</visible>
			<visible>!Window.IsActive(10138)</visible>			
			<visible>!Control.HasFocus(9000)</visible>
		</control>
		<control type="label">
			<top>0</top>
			<left>-400</left>
			<width>400</width>
			<height>120</height>
			<align>right</align>
			<font>Font48</font>
			<textcolor>$INFO[Skin.String(Color.SBIconNF)]</textcolor>
			<label>[UPPERCASE]$INFO[System.CurrentWindow][/UPPERCASE]</label>
			<animation effect="slide" start="1920,0" end="1800,0" time="200" condition="!Control.HasFocus(9000)">Conditional</animation>
			<animation effect="rotate" start="0" end="90" time="0" center="60,60" condition="true">Conditional</animation>
			<visible>Skin.String(HOM.View1.BBSidebar,RIGHT)</visible>
			<visible>!Window.IsActive(10138)</visible>
			<visible>!Control.HasFocus(9000)</visible>
		</control>
		<control type="label">
			<top>0</top>
			<left>144</left>
			<width>400</width>
			<height>120</height>
			<align>left</align>
			<font>Font48</font>
			<textcolor>$INFO[Skin.String(Color.SBIconNF)]</textcolor>
			<label>[UPPERCASE]$LOCALIZE[503][/UPPERCASE]</label>
			<animation effect="fade" start="100" end="0" time="400" reversible="true" pulse="true" condition="true">Conditional</animation>	
			<visible>Skin.String(HOM.View1.BBSidebar,TOP)</visible>
			<visible>Window.IsActive(10138)</visible>
		</control>
		<control type="label">
			<top>960</top>
			<left>144</left>
			<width>400</width>
			<height>120</height>
			<align>left</align>
			<font>Font48</font>
			<textcolor>$INFO[Skin.String(Color.SBIconNF)]</textcolor>
			<label>[UPPERCASE]$LOCALIZE[503][/UPPERCASE]</label>
			<animation effect="fade" start="100" end="0" time="400" reversible="true" pulse="true" condition="true">Conditional</animation>	
			<visible>Skin.String(HOM.View1.BBSidebar,BOTTOM)</visible>
			<visible>Window.IsActive(10138)</visible>
		</control>
		<control type="label">
			<top>0</top>
			<left>-400</left>
			<width>400</width>
			<height>120</height>
			<align>right</align>
			<font>Font48</font>
			<textcolor>$INFO[Skin.String(Color.SBIconNF)]</textcolor>
			<label>[UPPERCASE]$LOCALIZE[503][/UPPERCASE]</label>
			<animation effect="rotate" start="0" end="90" time="0" center="60,60" condition="true">Conditional</animation>
			<animation effect="fade" start="100" end="0" time="400" reversible="true" pulse="true" condition="true">Conditional</animation>	
			<visible>Skin.String(HOM.View1.BBSidebar,LEFT)</visible>
			<visible>Window.IsActive(10138)</visible>
		</control>
		<control type="label">
			<top>0</top>
			<left>-400</left>
			<width>400</width>
			<height>120</height>
			<align>right</align>
			<font>Font48</font>
			<textcolor>$INFO[Skin.String(Color.SBIconNF)]</textcolor>
			<label>[UPPERCASE]$LOCALIZE[503][/UPPERCASE]</label>
			<animation effect="rotate" start="0" end="90" time="0" center="60,60" condition="true">Conditional</animation>
			<animation effect="fade" start="100" end="0" time="400" reversible="true" pulse="true" condition="true">Conditional</animation>
			<visible>Skin.String(HOM.View1.BBSidebar,RIGHT)</visible>
			<visible>Window.IsActive(10138)</visible>
		</control>
	
		<control type="button" id="98">
			<left>0</left>
			<top>0</top>
			<width>80</width>
			<height>80</height>
			<texturefocus colordiffuse="00FFFFFF">common/white.png</texturefocus>
			<texturenofocus colordiffuse="00FFFFFF">common/white.png</texturenofocus>
			<focusedcolor>-</focusedcolor>
			<disabledcolor>-</disabledcolor>
			<onup>9010</onup>
			<onup>Control.Move(9010,-1)</onup>
			<onleft>9010</onleft>
			<onright>ActivateWindow(tvguide)</onright>
			<ondown>9010</ondown>
			<ondown>Control.Move(9010,1)</ondown>
		</control>
			
	</controls>
</window>