<?xml version="1.0" encoding="UTF-8"?>
<window>
	<!-- programslibrary -->
	<backgroundcolor>0x00000000</backgroundcolor>
	<defaultcontrol always="true">50</defaultcontrol>
	<controls>

		<include condition="!IsEmpty(Skin.String(PRO.View1.Name))" name="VDOViewtype">
			<param name="Id" value="50" />
			<param name="IclPrefix" value="PROView1" />
			<param name="CompPrefix" value="PRO.View1" />
			<param name="Section" value="PRO" />
		</include>
		<include condition="!IsEmpty(Skin.String(PRO.View2.Name))" name="VDOViewtype">
			<param name="Id" value="51" />
			<param name="IclPrefix" value="PROView2" />
			<param name="CompPrefix" value="PRO.View2" />
			<param name="Section" value="PRO" />
		</include>
		<include condition="!IsEmpty(Skin.String(PRO.View3.Name))" name="VDOViewtype">
			<param name="Id" value="52" />
			<param name="IclPrefix" value="PROView3" />
			<param name="CompPrefix" value="PRO.View3" />
			<param name="Section" value="PRO" />
		</include>
		<include condition="!IsEmpty(Skin.String(PRO.View4.Name))" name="VDOViewtype">
			<param name="Id" value="53" />
			<param name="IclPrefix" value="PROView4" />
			<param name="CompPrefix" value="PRO.View4" />
			<param name="Section" value="PRO" />
		</include>
		<include condition="!IsEmpty(Skin.String(PRO.View5.Name))" name="VDOViewtype">
			<param name="Id" value="54" />
			<param name="IclPrefix" value="PROView5" />
			<param name="CompPrefix" value="PRO.View5" />
			<param name="Section" value="PRO" />
		</include>
		<include condition="!IsEmpty(Skin.String(PRO.View6.Name))" name="VDOViewtype">
			<param name="Id" value="55" />
			<param name="IclPrefix" value="PROView6" />
			<param name="CompPrefix" value="PRO.View6" />
			<param name="Section" value="PRO" />
		</include>
		<include condition="!IsEmpty(Skin.String(PRO.View7.Name))" name="VDOViewtype">
			<param name="Id" value="56" />
			<param name="IclPrefix" value="PROView7" />
			<param name="CompPrefix" value="PRO.View7" />
			<param name="Section" value="PRO" />
		</include>
		<include condition="!IsEmpty(Skin.String(PRO.View8.Name))" name="VDOViewtype">
			<param name="Id" value="57" />
			<param name="IclPrefix" value="PROView8" />
			<param name="CompPrefix" value="PRO.View8" />
			<param name="Section" value="PRO" />
		</include>
		<include condition="!IsEmpty(Skin.String(PRO.View9.Name))" name="VDOViewtype">
			<param name="Id" value="58" />
			<param name="IclPrefix" value="PROView9" />
			<param name="CompPrefix" value="PRO.View9" />
			<param name="Section" value="PRO" />
		</include>
	</controls>
	
</window>