<?xml version="1.0" encoding="UTF-8"?>
<includes>

	<variable name="InitColor1">
		<value condition="!IsEmpty(Skin.String(Color.BBBg))">$INFO[Skin.String(Color.BBBg)]</value>
		<value>FF000000</value>
	</variable>

	<variable name="InitColor2">
		<value condition="!IsEmpty(Skin.String(Color.B1Txt2NF))">$INFO[Skin.String(Color.B1Txt2NF)]</value>
		<value>FF666666</value>
	</variable>

	<variable name="InitColor3">
		<value condition="!IsEmpty(Skin.String(Color.B1ItemF))">$INFO[Skin.String(Color.B1ItemF)]</value>
		<value>BBFFA600</value>
	</variable>		

	<variable name="InitColor4">
		<value condition="!IsEmpty(Skin.String(Color.B1Txt1F))">$INFO[Skin.String(Color.B1Txt1F)]</value>
		<value>FFFFFFFF</value>
	</variable>			

	<variable name="InitColor5">
		<value condition="!IsEmpty(Skin.String(Color.B1Txt1NF))">$INFO[Skin.String(Color.B1Txt1NF)]</value>
		<value>FFAAAAAA</value>
	</variable>

	<variable name="InitColor6">
		<value condition="!IsEmpty(Skin.String(Color.B1ItemNF))">$INFO[Skin.String(Color.B1ItemNF)]</value>
		<value>FF111111</value>
	</variable>			

	<variable name="InitColor7">
		<value condition="!IsEmpty(Skin.String(Color.B1Txt2F))">$INFO[Skin.String(Color.B1Txt2F)]</value>
		<value>FFDDDDDD</value>
	</variable>	

	<variable name="InitColor8">
		<value condition="!IsEmpty(Skin.String(Color.B1IconBg))">$INFO[Skin.String(Color.B1IconBg)]</value>
		<value>33000000</value>
	</variable>		

	<variable name="CategoryColor">
		<value condition="StringCompare(Window(Home).Property(MenuCategory),livetv)">$INFO[Skin.String(Color.B1ItemFTV)]</value>
		<value condition="StringCompare(Window(Home).Property(MenuCategory),videos)">$INFO[Skin.String(Color.B1ItemFVDO)]</value>
		<value condition="StringCompare(Window(Home).Property(MenuCategory),pictures)">$INFO[Skin.String(Color.B1ItemFPIC)]</value>
		<value condition="StringCompare(Window(Home).Property(MenuCategory),tvshows)">$INFO[Skin.String(Color.B1ItemFSHO)]</value>
		<value condition="StringCompare(Window(Home).Property(MenuCategory),music)">$INFO[Skin.String(Color.B1ItemFMUS)]</value>
		<value condition="StringCompare(Window(Home).Property(MenuCategory),$LOCALIZE[133])">$INFO[Skin.String(Color.B1ItemFMUS)]</value>
		<value condition="StringCompare(Window(Home).Property(MenuCategory),movies)">$INFO[Skin.String(Color.B1ItemFMOV)]</value>
		<value condition="StringCompare(Window(Home).Property(MenuCategory),programs)"></value>
		<value condition="StringCompare(Window(Home).Property(MenuCategory),settings)"></value>
		<value condition="StringCompare(Window(Home).Property(MenuCategory),13005)"></value> <!-- Power -->
		<value condition="IsEmpty(Skin.String(KOverInit))">BBFFA600</value>			
		<value>$INFO[Skin.String(Color.B1ItemF)]</value>		
	</variable>		

	<variable name="CategoryColor2">
		<value condition="!IsEmpty(Skin.String(Color.DIABg)) + !Skin.String(Color.DIABg,NONE)">$INFO[Skin.String(Color.DIABg)]</value>
		<value condition="StringCompare(Window(Home).Property(MenuCategory),livetv)">$INFO[Skin.String(Color.B1ItemFTV)]</value>
		<value condition="StringCompare(Window(Home).Property(MenuCategory),videos)">$INFO[Skin.String(Color.B1ItemFVDO)]</value>
		<value condition="StringCompare(Window(Home).Property(MenuCategory),pictures)">$INFO[Skin.String(Color.B1ItemFPIC)]</value>
		<value condition="StringCompare(Window(Home).Property(MenuCategory),tvshows)">$INFO[Skin.String(Color.B1ItemFSHO)]</value>
		<value condition="StringCompare(Window(Home).Property(MenuCategory),music)">$INFO[Skin.String(Color.B1ItemFMUS)]</value>
		<value condition="StringCompare(Window(Home).Property(MenuCategory),$LOCALIZE[133])">$INFO[Skin.String(Color.B1ItemFMUS)]</value>
		<value condition="StringCompare(Window(Home).Property(MenuCategory),movies)">$INFO[Skin.String(Color.B1ItemFMOV)]</value>
		<value condition="StringCompare(Window(Home).Property(MenuCategory),programs)"></value>
		<value condition="StringCompare(Window(Home).Property(MenuCategory),settings)"></value>
		<value condition="StringCompare(Window(Home).Property(MenuCategory),13005)"></value> <!-- Power -->
		<value>$INFO[Skin.String(Color.B1ItemF)]</value>		
	</variable>		

	<variable name="CategoryColor3">
		<value condition="!IsEmpty(Skin.String(Color.DIATxtFBg)) + !Skin.String(Color.DIATxtFBg,NONE)">$INFO[Skin.String(Color.DIATxtFBg)]</value>
		<value condition="StringCompare(Window(Home).Property(MenuCategory),livetv)">$INFO[Skin.String(Color.B1ItemFTV)]</value>
		<value condition="StringCompare(Window(Home).Property(MenuCategory),videos)">$INFO[Skin.String(Color.B1ItemFVDO)]</value>
		<value condition="StringCompare(Window(Home).Property(MenuCategory),pictures)">$INFO[Skin.String(Color.B1ItemFPIC)]</value>
		<value condition="StringCompare(Window(Home).Property(MenuCategory),tvshows)">$INFO[Skin.String(Color.B1ItemFSHO)]</value>
		<value condition="StringCompare(Window(Home).Property(MenuCategory),music)">$INFO[Skin.String(Color.B1ItemFMUS)]</value>
		<value condition="StringCompare(Window(Home).Property(MenuCategory),$LOCALIZE[133])">$INFO[Skin.String(Color.B1ItemFMUS)]</value>
		<value condition="StringCompare(Window(Home).Property(MenuCategory),movies)">$INFO[Skin.String(Color.B1ItemFMOV)]</value>
		<value condition="StringCompare(Window(Home).Property(MenuCategory),programs)"></value>
		<value condition="StringCompare(Window(Home).Property(MenuCategory),settings)"></value>
		<value condition="StringCompare(Window(Home).Property(MenuCategory),13005)"></value> <!-- Power -->
		<value>$INFO[Skin.String(Color.B1ItemF)]</value>		
	</variable>		
	
	<variable name="B1Title">
		<value condition="Window.IsVisible(12600)">$INFO[ListItem.Property(LongDay)]</value>
		<value condition="StringCompare(ListItem.Label,..)">$LOCALIZE[210]</value>
		<value condition="ListItem.HasEpg">$INFO[ListItem.Title]</value>
		<value condition="Window.IsVisible(10621) | Window.IsVisible(10616)">$INFO[ListItem.Label]</value>
		<value condition="Window.IsVisible(10623) | Window.IsVisible(10618)">$INFO[ListItem.Label]</value>
		<value condition="StringCompare(Window(Home).Property(MenuSection),programs)">$INFO[ListItem.Label]</value> 
		<value condition="Window.IsVisible(10028) + IsEmpty(ListItem.Art(tvshow.poster))">$INFO[ListItem.Title]</value>
		<value condition="Window.IsVisible(10028) + !IsEmpty(ListItem.Art(tvshow.poster))">$INFO[ListItem.Title]</value>
		<value condition="Container.Content(movies)">$INFO[ListItem.Title]</value>
		<value condition="Container.Content(seasons)">$INFO[ListItem.Title]</value> 
		<value condition="Container.Content(tvshows)">$INFO[ListItem.Title]</value>
		<value condition="Container.Content(episodes)">$INFO[ListItem.Title]</value>
		<value condition="Container.Content(albums)">$INFO[ListItem.Album]</value>
		<value condition="Container.Content(songs)">$INFO[ListItem.Title]</value> 
		<value>$INFO[ListItem.Label]</value>
	</variable>
	
	<variable name="B1SubTitle">
		<value condition="Window.IsVisible(12600)">$INFO[ListItem.Property(LowTemperature),, / ]$INFO[ListItem.Property(HighTemperature),,°]</value>
		<value condition="StringCompare(ListItem.Label,..)">$LOCALIZE[13306]</value>
		<value condition="Window.IsVisible(10623) | Window.IsVisible(10618)">$INFO[ListItem.StartTime]$INFO[ListItem.EndTime, - ,]</value>
		<value condition="Window.IsVisible(10620) | Window.IsVisible(10615)">$INFO[ListItem.StartTime]$INFO[ListItem.EndTime, - ,]</value>
		<value condition="Window.IsVisible(10621) | Window.IsVisible(10616)">$INFO[ListItem.StartDate]</value>
		<value condition="Window.IsVisible(10028) + IsEmpty(ListItem.Art(tvshow.poster))">$INFO[ListItem.Duration,, $LOCALIZE[12391]]</value>
		<value condition="Window.IsVisible(10028) + !IsEmpty(ListItem.Art(tvshow.poster))">$INFO[ListItem.Episode,$LOCALIZE[20359] ,]</value>
		<value condition="StringCompare(Window(Home).Property(MenuSection),programs) + !ListItem.IsFolder">$INFO[ListItem.Label2]</value> 
		<value condition="StringCompare(Window(Home).Property(MenuSection),programs) + ListItem.IsFolder">$LOCALIZE[20334]</value> 
		<value condition="Container.Content(movies) + !ListItem.IsFolder">$INFO[ListItem.Duration,, $LOCALIZE[12391]]</value>
		<value condition="Container.Content(movies) + ListItem.IsFolder">$LOCALIZE[20457]</value>
		<value condition="Container.Content(seasons)">$INFO[ListItem.Property(UnWatchedEpisodes),, $LOCALIZE[16101]]</value> 
		<value condition="Container.Content(tvshows)">$INFO[ListItem.Property(TotalSeasons),, $LOCALIZE[33054]]</value>
		<value condition="Container.Content(episodes)">$INFO[ListItem.Episode,$LOCALIZE[20359] ,]</value>
		<value condition="Container.Content(albums)">$INFO[ListItem.Year,(,) ]$INFO[ListItem.Label2]</value>
		<value condition="Container.Content(songs)"></value> 
		<value condition="Container.Content(artists)"></value>
		<value condition="ListItem.IsFolder">$LOCALIZE[20334]</value>
		<value>$INFO[ListItem.Label2]</value>
	</variable>	
	
	<variable name="B2Title">
		<value condition="Window.IsVisible(12600)">$INFO[Container(50).ListItem.Property(LongDay)]</value>
		<value condition="ListItem.HasEpg">$INFO[ListItem.Title]</value>
		<value condition="Window.IsVisible(10028)">$INFO[ListItem.Title]</value>
		<value condition="Container.Content(movies)">$INFO[ListItem.Title]</value>
		<value condition="Container.Content(seasons)">$INFO[ListItem.Title]</value> 
		<value condition="Container.Content(tvshows)">$INFO[ListItem.Title]</value>
		<value condition="Container.Content(episodes)">$INFO[ListItem.Title]</value>
		<value condition="Container.Content(albums)">$INFO[ListItem.Title]</value>
		<value condition="Container.Content(songs)">$INFO[ListItem.Title]</value>
		<value condition="ListItem.IsFolder">$INFO[ListItem.Title]</value>
		<value condition="!Window.IsVisible(10615) + !Window.IsVisible(10620)">$INFO[ListItem.Label]</value>
	</variable>
	
	<variable name="B2SubTitle">
		<value condition="Window.IsVisible(12600)">$INFO[Window(Weather).Property(Location)]</value>
		<value condition="ListItem.HasEpg">$INFO[ListItem.ChannelName]$INFO[ListItem.Genre, - ,]</value>
		<value condition="Window.IsVisible(10615) | Window.IsVisible(10617)">$INFO[ListItem.ChannelName]</value>
		<value condition="Window.IsVisible(10621) | Window.IsVisible(10616)">$INFO[ListItem.ChannelName]</value>
		<value condition="Window.IsVisible(10623) | Window.IsVisible(10618)">$INFO[ListItem.ChannelName]</value>
		<value condition="Window.IsVisible(10028) + IsEmpty(ListItem.Art(tvshow.poster))">$INFO[ListItem.Genre]</value>
		<value condition="Window.IsVisible(10028) + !IsEmpty(ListItem.Art(tvshow.poster))">$INFO[ListItem.TVShowTitle,, . ]$INFO[ListItem.Season,$LOCALIZE[20373] ,]</value>
		<value condition="Container.Content(movies)">$INFO[ListItem.Genre]</value>
		<value condition="Container.Content(seasons)">$INFO[ListItem.Genre]</value>
		<value condition="Container.Content(tvshows)">$INFO[ListItem.Genre]</value>
		<value condition="Container.Content(episodes)">$INFO[ListItem.TVShowTitle,, . ]$INFO[ListItem.Season,$LOCALIZE[20373] ,]</value>
		<value condition="Container.Content(albums)">$INFO[ListItem.Genre]</value>
		<value condition="Container.Content(songs)">$INFO[ListItem.Album]</value> 
		<value condition="Container.Content(artists)">$INFO[ListItem.Property(Artist_Style)]</value>
		<value condition="[SubString(ListItem.Label,jpg) | SubString(ListItem.Label,png) | SubString(ListItem.Label,gif)] + !IsEmpty(ListItem.PictureDatetime)">$INFO[ListItem.PictureDatetime]</value>
		<value condition="ListItem.IsFolder">$LOCALIZE[20334]</value>
		<value condition="!Window.IsVisible(10615) + !Window.IsVisible(10620)">$INFO[ListItem.Label2]</value>
	</variable>	
	
	<variable name="B2Plot">
		<value condition="Window.IsVisible(12600) + StringCompare(Container(50).CurrentItem,1)">[B]$INFO[Container(50).ListItem.Property(Outlook),,[CR]][/B]$INFO[Window(Weather).Property(Current.Temperature),$LOCALIZE[1375]: , °[CR]]$INFO[Window(Weather).Property(Current.FeelsLike),$LOCALIZE[402]: , °[CR]]$INFO[Window(Weather).Property(Current.UVIndex),$LOCALIZE[403]: ,[CR]]$INFO[Window(Weather).Property(Current.Wind),$LOCALIZE[404]: ,[CR]]$INFO[Window(Weather).Property(Current.Humidity),$LOCALIZE[406]: ,[CR]]$INFO[Window(Weather).Property(Current.DewPoint),$LOCALIZE[405]: ,[CR]]</value>
		<value condition="Window.IsVisible(12600) + !StringCompare(Container(50).CurrentItem,1)">[B]$INFO[Container(50).ListItem.Property(Outlook),,[CR]][/B]$INFO[Container(50).ListItem.Property(LowTemperature),$LOCALIZE[139] , / ]$INFO[Container(50).ListItem.Property(HighTemperature),,°[CR]]</value>
		<value condition="ListItem.HasEpg">$INFO[ListItem.Plot]</value>
		<value condition="Container.Content(movies) + IsEmpty(ListItem.Plot)">$INFO[Window(Home).Property(SkinHelper.MovieSet.Title)]</value>
		<value condition="Container.Content(movies)">$INFO[ListItem.Plot]</value>
		<value condition="Container.Content(seasons)">$INFO[ListItem.Plot]</value> 
		<value condition="Container.Content(tvshows)">$INFO[ListItem.Plot]</value>
		<value condition="Container.Content(episodes)">$INFO[ListItem.Plot]</value>
		<value condition="Container.Content(albums)">$INFO[ListItem.Property(Album_Description)]</value>
		<value condition="Container.Content(songs)">$INFO[ListItem.Year,$LOCALIZE[345] , [CR]]$INFO[ListItem.TrackNumber,$LOCALIZE[554] , [CR]]$INFO[ListItem.DiscNumber,$LOCALIZE[427] , [CR]]$INFO[ListItem.Genre,$LOCALIZE[515] , [CR]]</value> 
		<value condition="Container.Content(artists)">$INFO[ListItem.Property(Artist_Description)]</value>
		<value condition="SubString(ListItem.Label,jpg) | SubString(ListItem.Label,png) | SubString(ListItem.Label,gif)">$INFO[ListItem.PictureResolution,$LOCALIZE[169] , [CR]]$INFO[ListItem.PictureCountry,$LOCALIZE[574] , [CR]]$INFO[ListItem.PictureCity,$LOCALIZE[21873] , [CR]]$INFO[ListItem.PictureISO,$LOCALIZE[21836] , [CR]]$INFO[ListItem.PictureAperture,$LOCALIZE[21826] , [CR]]$INFO[ListItem.PictureCamMake,$LOCALIZE[21822] , [CR]]$INFO[ListItem.PictureCamModel,$LOCALIZE[21823] , [CR]]$INFO[ListItem.PictureFlashUsed,$LOCALIZE[21833] , [CR]]$INFO[ListItem.PictureDigitalZoom,$LOCALIZE[21838] , [CR]]$INFO[ListItem.PictureAperture,$LOCALIZE[21826] , [CR]]$INFO[ListItem.PictureExposure,$LOCALIZE[21829] , [CR]]$INFO[ListItem.PictureExpMode,$LOCALIZE[21830] , [CR]]$INFO[ListItem.PictureExpTime,$LOCALIZE[21832] , [CR]]$INFO[ListItem.PictureFocalLen,$LOCALIZE[21827] , [CR]]</value>
		<value condition="Container.Content(addons)">$INFO[ListItem.Property(Addon.Description)]</value>
		<value condition="!Window.IsVisible(10615) + !Window.IsVisible(10620)">$INFO[ListItem.Plot]</value>
	</variable>	
	
	<variable name="B2InfoSup">
		<value condition="Window.IsVisible(12600)">$INFO[Window(Weather).Property(WeatherProvider)]</value>
		<value condition="ListItem.HasEpg">$INFO[ListItem.Duration]</value>
		<value condition="Window.IsVisible(10621) | Window.IsVisible(10616)">$INFO[ListItem.StartTime]$INFO[ListItem.Duration, (,)]</value>
		<value condition="Window.IsVisible(10623) | Window.IsVisible(10618)">$INFO[ListItem.StartTime]$INFO[ListItem.Duration, (,)]</value>
		<value condition="Window.IsVisible(10028) + IsEmpty(ListItem.Art(tvshow.poster))">$INFO[ListItem.Duration,, $LOCALIZE[12391]]</value>
		<value condition="Window.IsVisible(10028) + !IsEmpty(ListItem.Art(tvshow.poster))">$INFO[ListItem.Episode,$LOCALIZE[20359] ,]</value>
		<value condition="Container.Content(movies)">$INFO[ListItem.Duration,, $LOCALIZE[12391]]</value>
		<value condition="Container.Content(seasons)">$INFO[ListItem.Property(UnWatchedEpisodes),, $LOCALIZE[16101]]</value> 
		<value condition="Container.Content(tvshows)">$INFO[ListItem.Property(TotalSeasons),, $LOCALIZE[33054]]</value>
		<value condition="Container.Content(episodes)">$INFO[ListItem.Episode,$LOCALIZE[20359] ,]</value>
		<value condition="Container.Content(albums)"></value>
		<value condition="Container.Content(songs)"></value> 
		<value condition="Container.Content(artists)"></value>
		<value condition="!Window.IsVisible(10615) + !Window.IsVisible(10620)">$INFO[ListItem.Label2]</value>
	</variable>	
	
	<variable name="B3Art">
		<value condition="Window.IsVisible(12600)">$INFO[Container(50).ListItem.Property(WeatherArt)]</value>
		<value condition="[Window.IsVisible(10621) | Window.IsVisible(10616)] + !IsEmpty(ListItem.Art(thumb))">$INFO[ListItem.Art(thumb)]</value>
		<value condition="[Window.IsVisible(10623) | Window.IsVisible(10618)] + !IsEmpty(ListItem.Art(thumb))">$INFO[ListItem.Art(thumb)]</value>
		<value condition="IsEmpty(ListItem.Art(fanart)) + StringCompare(Window(Home).Property(MenuCategory),videos)">common/tvmovie.jpg</value>
		<value condition="IsEmpty(ListItem.Art(fanart)) + StringCompare(Window(Home).Property(MenuCategory),movies)">common/cinema.jpg</value>
		<value condition="IsEmpty(ListItem.Art(fanart)) + StringCompare(Window(Home).Property(MenuCategory),tvshows)">common/tvshows3.png</value>
		<value condition="IsEmpty(ListItem.Art(fanart)) + StringCompare(Window(Home).Property(MenuCategory),music)">common/tvmusic.jpg</value>
		<value condition="IsEmpty(ListItem.Art(fanart)) + StringCompare(Window(Home).Property(MenuCategory),$LOCALIZE[133])">common/tvmusic.jpg</value>
		<value condition="IsEmpty(ListItem.Art(fanart)) + StringCompare(Window(Home).Property(MenuCategory),settings)">common/settings.jpg</value>
		<value condition="IsEmpty(ListItem.Art(thumb)) + StringCompare(Window(Home).Property(MenuCategory),pictures)">common/pictures.jpg</value>
		<value condition="IsEmpty(ListItem.Art(fanart)) + StringCompare(Window(Home).Property(MenuCategory),programs)">common/addons2.jpg</value>
		<value condition="IsEmpty(ListItem.Art(fanart)) + StringCompare(Window(Home).Property(MenuCategory),addons)">common/addons2.jpg</value>
		<value condition="IsEmpty(ListItem.Art(fanart)) + StringCompare(Window(Home).Property(MenuCategory),$LOCALIZE[31063])">common/addons2.jpg</value>
		<value condition="IsEmpty(ListItem.Art(fanart)) + StringCompare(Window(Home).Property(MenuCategory),$LOCALIZE[13005])">common/shutdown.jpg</value>
		<value condition="IsEmpty(ListItem.Art(fanart)) + StringCompare(Window(Home).Property(MenuCategory),$LOCALIZE[1036])">common/favourites.jpg</value>
		<value condition="IsEmpty(ListItem.Art(fanart)) + StringCompare(Window(Home).Property(MenuCategory),livetv)">common/newsroom-big.jpg</value>
		<value condition="Window.IsVisible(10028) + IsEmpty(ListItem.Art(tvshow.poster))">$INFO[ListItem.Art(fanart]</value>
		<value condition="Window.IsVisible(10028) + !IsEmpty(ListItem.Art(tvshow.poster))">$INFO[ListItem.Art(thumb)]</value>
		<value condition="Window.IsVisible(10500)">$INFO[ListItem.Art(fanart)]</value>
		<value condition="Container.Content(programs)">$INFO[ListItem.Art(fanart)]</value>
		<value condition="Container.Content(addons)">$INFO[ListItem.Art(fanart)]</value>
		<value condition="Container.Content(sets)">$INFO[ListItem.Art(fanart)]</value>
		<value condition="!IsEmpty(ListItem.Art(fanart)) + [Container.Content(movies) | Container.Content(seasons) | Container.Content(tvshows)]">$INFO[ListItem.Art(fanart)]</value>
		<value condition="!IsEmpty(ListItem.Art(fanart)) + [Container.Content(albums) | Container.Content(songs) | Container.Content(artists)]">$INFO[ListItem.Art(fanart)]</value>
		<value condition="Container.Content(episodes)">$INFO[ListItem.Icon]</value>
		<value condition="SubString(ListItem.Label,jpg) | SubString(ListItem.Label,png) | SubString(ListItem.Label,gif)">$INFO[ListItem.Art(thumb)]</value>
		<value condition="ListItem.IsFolder + StringCompare(Window(Home).Property(MenuCategory),videos)">common/tvmovie.jpg</value>
		<value condition="ListItem.IsFolder + StringCompare(Window(Home).Property(MenuCategory),movies)">common/cinema.jpg</value>
		<value condition="ListItem.IsFolder + StringCompare(Window(Home).Property(MenuCategory),tvshows)">common/tvshows3.png</value>
		<value condition="ListItem.IsFolder + StringCompare(Window(Home).Property(MenuCategory),music)">common/tvmusic.jpg</value>
		<value condition="ListItem.IsFolder + StringCompare(Window(Home).Property(MenuCategory),$LOCALIZE[133])">common/tvmusic.jpg</value>
		<value condition="ListItem.IsFolder + StringCompare(Window(Home).Property(MenuCategory),settings)">common/settings.jpg</value>
		<value condition="ListItem.IsFolder + StringCompare(Window(Home).Property(MenuCategory),pictures)">common/pictures.jpg</value>
		<value condition="ListItem.IsFolder + StringCompare(Window(Home).Property(MenuCategory),programs)">common/addons2.jpg</value>
		<value condition="ListItem.IsFolder + StringCompare(Window(Home).Property(MenuCategory),addons)">common/addons2.jpg</value>
		<value condition="ListItem.IsFolder + StringCompare(Window(Home).Property(MenuCategory),$LOCALIZE[31063])">common/addons2.jpg</value>
		<value condition="ListItem.IsFolder + StringCompare(Window(Home).Property(MenuCategory),$LOCALIZE[13005])">common/shutdown.jpg</value>
		<value condition="ListItem.IsFolder + StringCompare(Window(Home).Property(MenuCategory),$LOCALIZE[1036])">common/favourites.jpg</value>
		<value condition="ListItem.IsFolder + StringCompare(Window(Home).Property(MenuCategory),livetv)">common/newsroom-big.jpg</value>
	</variable>	
	
	<variable name="B3Title">
		<value condition="Window.IsVisible(10620) | Window.IsVisible(10615)">$LOCALIZE[19023]</value>
		<value condition="Window.IsVisible(10621) | Window.IsVisible(10616)">$LOCALIZE[20007]</value>
		<value condition="Window.IsVisible(10623) | Window.IsVisible(10618)">$LOCALIZE[19040]</value>
		<value condition="Window.IsVisible(10624) | Window.IsVisible(10619)">$LOCALIZE[137]</value>
		<value>$INFO[ListItem.Label]</value>
	</variable>
	
	<variable name="B3SubTitle">
		<value condition="Window.IsVisible(10620) | Window.IsVisible(10615)">$INFO[Container.NumItems,$LOCALIZE[19019] : ,]</value>
		<value condition="ListItem.IsFolder">$INFO[Container.NumItems,, $LOCALIZE[20334]]</value>
		<value condition="!ListItem.IsFolder">$INFO[Container.NumItems,, $LOCALIZE[20331]]</value>
		<value>$INFO[ListItem.Label2]</value>
	</variable>	
	
	<variable name="B3Tag">
		<value condition="Window.IsVisible(12600)">$INFO[Container(50).ListItem.Property(LongDay),,: ]$INFO[Container(50).ListItem.Property(Outlook)]</value>
		<value condition="Window.IsVisible(10028) + IsEmpty(ListItem.Art(tvshow.poster))">$INFO[ListItem.Tagline]</value>
		<value condition="Window.IsVisible(10028) + !IsEmpty(ListItem.Art(tvshow.poster))">$INFO[ListItem.Episode,$LOCALIZE[20359] ,]</value>
		<value condition="Window.IsVisible(10500)">$INFO[ListItem.Artist]</value>
		<value condition="Container.Content(movies) + !ListItem.IsFolder">$INFO[ListItem.Tagline]</value>
		<value condition="Container.Content(movies) + ListItem.IsFolder">$LOCALIZE[20457]</value>
		<value condition="Container.Content(tvshows)">$INFO[ListItem.TVShowTitle,, . ]$INFO[ListItem.Season,$LOCALIZE[20373] , . ]$INFO[ListItem.Episode,$LOCALIZE[20359] ,]</value>
		<value condition="Container.Content(episodes)">$INFO[ListItem.Episode,$LOCALIZE[20359] ,]</value>
		<value condition="Container.Content(movies)">$INFO[ListItem.Tagline]</value>
		<value condition="Container.Content(albums)">$INFO[ListItem.Year,(,) ]$INFO[ListItem.Label2]</value>
		<value condition="Container.Content(songs)">$INFO[ListItem.Artist]</value> 
		<value condition="Container.Content(artists)"></value>
		<value condition="Container.Content(addons)">$INFO[ListItem.Property(Addon.Summary)]</value>
	</variable>		

<!-- Common var for Viewtypes -->

	<variable name="ThumbIcon">
		<value condition="Container.Content(addons) + ListItem.IsFolder">$INFO[ListItem.ActualIcon]</value>
		<value condition="Container.Content(plugins) + ListItem.IsFolder">$INFO[ListItem.ActualIcon]</value>
		<value>$INFO[ListItem.ActualIcon]</value>		
	</variable>

	<variable name="ThumbPortrait">
		<value condition="Container.Content(addons) + !ListItem.IsFolder">$INFO[ListItem.Art(thumb)]</value>
		<value condition="Container.Content(plugins) + !ListItem.IsFolder">$INFO[ListItem.Art(thumb)]</value>
		<value condition="StringCompare(Window(Home).Property(MenuSection),programs) + !ListItem.IsFolder">$INFO[ListItem.Art(thumb)]</value>
		<value condition="Window.IsVisible(10028) + IsEmpty(ListItem.Art(tvshow.poster))">$INFO[ListItem.Art(poster)]</value>
		<value condition="Window.IsVisible(10028) + !IsEmpty(ListItem.Art(tvshow.poster))">$INFO[ListItem.Art(tvshow.poster)]</value>
		<value condition="Window.IsVisible(10500)">$INFO[ListItem.Art(thumb)]</value>
		<value condition="Container.Content(sets)">$INFO[ListItem.Art(poster)]</value>
		<value condition="Container.Content(movies)">$INFO[ListItem.Art(poster)]</value>
		<value condition="Container.Content(seasons)">$INFO[ListItem.Art(poster)]</value>
		<value condition="Container.Content(tvshows)">$INFO[ListItem.Art(poster)]</value>
		<value condition="Container.Content(episodes)">$INFO[ListItem.Art(thumb)]</value>
		<value condition="Container.Content(actors)">$INFO[ListItem.Art(thumb)]</value>
		<value condition="Container.Content(albums)">$INFO[ListItem.Art(thumb)]</value>
		<value condition="Container.Content(songs)">$INFO[ListItem.Art(thumb)]</value>
		<value condition="Container.Content(artists)">$INFO[ListItem.Art(thumb)]</value>
		<value condition="SubString(ListItem.Label,gif) | SubString(ListItem.Label,jpg) | SubString(ListItem.Label,png)">$INFO[ListItem.Icon]</value>
	</variable>
	
	<variable name="ThumbLandscape">
		<value condition="Window.IsVisible(12600)">$INFO[ListItem.Property(WeatherArt)]</value>
		<value condition="Container.Content(addons) + !ListItem.IsFolder">$INFO[ListItem.Art(fanart)]</value>
		<value condition="Container.Content(plugins) + !ListItem.IsFolder">$INFO[ListItem.Art(fanart)]</value>
		<value condition="StringCompare(Window(Home).Property(MenuSection),programs) + !ListItem.IsFolder">$INFO[ListItem.Art(thumb)]</value>
		<value condition="Window.IsVisible(10028) + IsEmpty(ListItem.Art(tvshow.poster))">$INFO[ListItem.Art(fanart]</value>
		<value condition="Window.IsVisible(10028) + !IsEmpty(ListItem.Art(tvshow.poster))">$INFO[ListItem.Art(thumb)]</value>
		<value condition="Window.IsVisible(10500)">$INFO[ListItem.Art(fanart)]</value>
		<value condition="Container.Content(sets)">$INFO[ListItem.Art(fanart)]</value>
		<value condition="Container.Content(movies)">$INFO[ListItem.Art(fanart)]</value>
		<value condition="Container.Content(seasons)">$INFO[ListItem.Art(fanart)]</value>
		<value condition="Container.Content(tvshows)">$INFO[ListItem.Art(fanart)]</value>
		<value condition="Container.Content(episodes)">$INFO[ListItem.Art(thumb)]</value>
		<value condition="Container.Content(actors)">$INFO[ListItem.Art(thumb)]</value>
		<value condition="Container.Content(albums)">$INFO[ListItem.Art(fanart)]</value>
		<value condition="Container.Content(songs)">$INFO[ListItem.Art(fanart)]</value>
		<value condition="Container.Content(artists)">$INFO[ListItem.Art(thumb)]</value>
		<value condition="SubString(ListItem.Label,gif) | SubString(ListItem.Label,jpg) | SubString(ListItem.Label,png)">$INFO[ListItem.Art(thumb)]</value>
	</variable>

	<variable name="HomeThumb">
		<value condition="StringCompare(Container(9000).ListItem.Property(defaultID),videos)">common/tvmovie.jpg</value>
		<value condition="StringCompare(Container(9000).ListItem.Property(defaultID),movies)">common/cinema.jpg</value>
		<value condition="StringCompare(Container(9000).ListItem.Property(defaultID),tvshows)">common/tvshows3.png</value>
		<value condition="StringCompare(Container(9000).ListItem.Property(defaultID),music)">common/tvmusic.jpg</value>
		<value condition="StringCompare(Container(9000).ListItem.Property(defaultID),$LOCALIZE[132])">common/tvmusic.jpg</value>
		<value condition="StringCompare(Container(9000).ListItem.Property(defaultID),$LOCALIZE[133])">common/tvmusic.jpg</value>
		<value condition="StringCompare(Container(9000).ListItem.Property(defaultID),settings)">common/settings.jpg</value>
		<value condition="StringCompare(Container(9000).ListItem.Property(defaultID),pictures)">common/pictures.jpg</value>
		<value condition="StringCompare(Container(9000).ListItem.Property(defaultID),programs)">common/addons2.jpg</value>
		<value condition="StringCompare(Container(9000).ListItem.Property(defaultID),$LOCALIZE[31063])">common/addons2.jpg</value>
		<value condition="StringCompare(Container(9000).ListItem.Property(defaultID),$LOCALIZE[13005])">common/shutdown.jpg</value>
		<value condition="StringCompare(Container(9000).ListItem.Property(defaultID),$LOCALIZE[1036])">common/favourites.jpg</value>
		<value condition="StringCompare(Container(9000).ListItem.Property(defaultID),livetv)">common/newsroom-big.jpg</value>
		<value condition="StringCompare(Container(9000).ListItem.Property(defaultID),weather)">common/weather.jpg</value>
		<value condition="StringCompare(Container(9000).ListItem.Property(defaultID),script.globalsearch)">common/search.jpg</value>
	</variable>	
	
	<variable name="HomeWidgetThumb">
		<value condition="StringCompare(Container(9000).ListItem.Property(widgetType),episodes)">$INFO[Container(9011).ListItem.Art(thumb)]</value>
		<value condition="!IsEmpty(Container(9011).ListItem.Art(fanart))">$INFO[Container(9011).ListItem.Art(fanart)]</value>
		<value>$INFO[Container(9011).ListItem.Icon]</value>
	</variable>

	<variable name="HomeWidgetArt">
		<value condition="!IsEmpty(Container(9011).ListItem.Art(fanart))">$INFO[Container(9011).ListItem.Art(fanart)]</value>
	</variable>	
	
	<variable name="HomeWidgetTag">
		<value condition="StringCompare(Container(9000).ListItem.Property(widgetType),movies) | Container(9011).Content(movies)">$INFO[Container(9011).ListItem.Tagline]</value>
		<value condition="StringCompare(Container(9000).ListItem.Property(widgetType),episodes) | Container.Content(episodes)">$INFO[Container(9011).ListItem.TVShowTitle,, . ]$INFO[Container(9011).ListItem.Season,$LOCALIZE[20373] , . ]$INFO[Container(9011).ListItem.Episode,$LOCALIZE[20359] ,]</value>
		<value condition="!IsEmpty(Container(9011).ListItem.Artist)">$INFO[Container(9011).ListItem.Artist]</value>
		<value>$INFO[Container(9011).ListItem.Label2]</value>
	</variable>	

	<variable name="HomeWidgetSubtitle">
		<value condition="StringCompare(Container(9000).ListItem.Property(widgetType),episodes)">$INFO[Container(9011).ListItem.TVShowTitle,, . ]$INFO[Container(9011).ListItem.Season,$LOCALIZE[20373] ,]</value>
		<value condition="!IsEmpty(Container(9011).ListItem.Genre)">$INFO[Container(9011).ListItem.Genre]</value>
		<value>$INFO[Container(9011).ListItem.Label2]</value>
	</variable>

	<variable name="HomeWidgetPlot">
		<value condition="!IsEmpty(Container(9011).ListItem.Plot)">$INFO[Container(9011).ListItem.Plot]</value>
		<value condition="!IsEmpty(Container(9011).ListItem.Property(Album_Description))">$INFO[Container(9011).ListItem.Property(Album_Description)]</value>
		<value condition="!IsEmpty(Container(9011).ListItem.Property(Artist_Description))">$INFO[Container(9011).ListItem.Property(Artist_Description)]</value>
		<value condition="Container(9011).ListItem.IsFolder">$LOCALIZE[20334]</value>
	</variable>
	
	<variable name="HeadingLabel">
		<value condition="Container.Content(movies) + Skin.HasSetting(Headings)">$LOCALIZE[342]</value>
		<value condition="Container.Content(tvshows) + Skin.HasSetting(Headings)">$LOCALIZE[20343]</value>
		<value condition="Container.Content(seasons) + Skin.HasSetting(Headings)">$LOCALIZE[3309002]</value>
		<value condition="Container.Content(episodes) + Skin.HasSetting(Headings)">$LOCALIZE[20360]</value>
		<value condition="Container.Content(musicvideos) + Skin.HasSetting(Headings)">$LOCALIZE[20389]</value>
		<value condition="Container.Content(genres) + Skin.HasSetting(Headings)">$LOCALIZE[135]</value>
		<value condition="Container.Content(years) + Skin.HasSetting(Headings)">$LOCALIZE[652]</value>
		<value condition="Container.Content(actors) + Skin.HasSetting(Headings)">$LOCALIZE[344]</value>
		<value condition="Container.Content(albums) + Skin.HasSetting(Headings)">$LOCALIZE[132]</value>
		<value condition="Container.Content(artists) + Skin.HasSetting(Headings)">$LOCALIZE[133]</value>
		<value condition="Container.Content(songs) + Skin.HasSetting(Headings)">$LOCALIZE[134]</value>
		<value condition="Container.Content(playlists) + Skin.HasSetting(Headings)">$LOCALIZE[136]</value>
		<value condition="Container.Content(studios) + Skin.HasSetting(Headings)">$LOCALIZE[20388]</value>
		<value condition="Container.Content(directors) + Skin.HasSetting(Headings)">$LOCALIZE[20348]</value>
		<value condition="Container.Content(countries) + Skin.HasSetting(Headings)">$LOCALIZE[20451]</value>
		<value condition="Container.Content(Addons) + !Window.IsVisible(addonbrowser) + Skin.HasSetting(Headings)">$LOCALIZE[24001]</value>
		<value condition="Container.Content(sets) + Skin.HasSetting(Headings)">$LOCALIZE[20434]</value>
		<value condition="Container.Content(tags) + Skin.HasSetting(Headings)">$LOCALIZE[20459]</value>
		<value condition="Window.IsVisible(TVChannels) + Skin.HasSetting(Headings)">$LOCALIZE[19020]: $LOCALIZE[19019]</value>
		<value condition="Window.IsVisible(RadioChannels) + Skin.HasSetting(Headings)">$LOCALIZE[19021]: $LOCALIZE[19019]</value>
		<value condition="Window.IsVisible(TVGuide) + Skin.HasSetting(Headings)">$LOCALIZE[19020]: $LOCALIZE[22020]</value>
		<value condition="Window.IsVisible(RadioGuide) + Skin.HasSetting(Headings)">$LOCALIZE[19021]: $LOCALIZE[22020]</value>
		<value condition="Window.IsVisible(TVGuide) + Skin.HasSetting(Headings)">$LOCALIZE[19020]: $LOCALIZE[22020]</value>
		<value condition="Window.IsVisible(TVRecordings) + Skin.HasSetting(Headings)">$LOCALIZE[19021]: $LOCALIZE[22020]</value>
		<value condition="Window.IsVisible(RadioRecordings) + Skin.HasSetting(Headings)">$LOCALIZE[19020]: $LOCALIZE[19017]</value>
		<value condition="Window.IsVisible(RadioGuide) + Skin.HasSetting(Headings)">$LOCALIZE[19021]: $LOCALIZE[19017]</value>
		<value condition="Window.IsVisible(TVTimers) + Skin.HasSetting(Headings)">$LOCALIZE[19020]: $LOCALIZE[19040]</value>
		<value condition="Window.IsVisible(RadioTimers) + Skin.HasSetting(Headings)">$LOCALIZE[19021]: $LOCALIZE[19040]</value>
		<value condition="Window.IsVisible(TVSearch) + Skin.HasSetting(Headings)">$LOCALIZE[19020]: $LOCALIZE[137]</value>
		<value condition="Window.IsVisible(RadioSearch) + Skin.HasSetting(Headings)">$LOCALIZE[19021]: $LOCALIZE[137]</value>
		<value condition="[Window.IsVisible(musiclibrary) | Window.IsVisible(musicfiles)] + Skin.HasSetting(Headings)">$LOCALIZE[2]</value>
		<value condition="Window.IsVisible(videolibrary) + Skin.HasSetting(Headings)">$LOCALIZE[3]</value>
		<value condition="Window.IsVisible(pictures) + Skin.HasSetting(Headings)">$LOCALIZE[1]</value>
		<value condition="Window.IsVisible(programs) + Skin.HasSetting(Headings)">$LOCALIZE[0]</value>
		<value condition="[Window.IsVisible(settings) | Window.IsVisible(SettingsCategory.xml) | Window.IsVisible(skinsettings) | Window.IsVisible(systeminfo) | Window.IsVisible(addonbrowser) | Window.IsVisible(profiles) | Window.IsVisible(filemanager)] + Skin.HasSetting(Headings)">$LOCALIZE[5]</value>
		<value condition="Window.IsVisible(weather) + Skin.HasSetting(Headings)">$LOCALIZE[8]</value>
	</variable>

	<variable name="PVRChannelIcon">
		<value condition="ListItem.IsEncrypted">pvr/encrypted.png</value>
		<value>$INFO[ListItem.Art(thumb)]</value>
	</variable>

	<variable name="VideoPlayerPlot">
		<value condition="!IsEmpty(VideoPlayer.PlotOutline)">$INFO[VideoPlayer.PlotOutline]</value>
		<value condition="!IsEmpty(VideoPlayer.Plot)">$INFO[VideoPlayer.Plot]</value>
		<value>$LOCALIZE[161]</value>
	</variable>

	<variable name="VideoPlayerTitle">
		<value condition="!IntegerGreaterThan(VideoPlayer.Season,9) + !IntegerGreaterThan(VideoPlayer.Episode,9) + !SubString(VideoPlayer.Episode,s)">$INFO[VideoPlayer.TVShowTitle,, &#8226; ]$INFO[VideoPlayer.Season,S0,]$INFO[VideoPlayer.Episode,E0, &#8226; ]$INFO[Player.Title]</value>
		<value condition="!IntegerGreaterThan(VideoPlayer.Season,9) + IntegerGreaterThan(VideoPlayer.Episode,9) + !SubString(VideoPlayer.Episode,s)">$INFO[VideoPlayer.TVShowTitle,, &#8226; ]$INFO[VideoPlayer.Season,S0,]$INFO[VideoPlayer.Episode,E, &#8226; ]$INFO[Player.Title]</value>
		<value condition="IntegerGreaterThan(VideoPlayer.Season,9) + IntegerGreaterThan(VideoPlayer.Episode,9) + !SubString(VideoPlayer.Episode,s)">$INFO[VideoPlayer.TVShowTitle,, &#8226; ]$INFO[VideoPlayer.Season,S,]$INFO[VideoPlayer.Episode,E0, &#8226; ]$INFO[Player.Title]</value>
		<value condition="SubString(VideoPlayer.Episode,s)">$INFO[VideoPlayer.TVShowTitle,, &#8226; ]$INFO[VideoPlayer.Episode,, &#8226; ]$INFO[Player.Title]</value>
		<value>$INFO[Player.Title]</value>
	</variable>

	<variable name="CustomMenuHeading">
		<value condition="ControlGroup(4000).HasFocus()">$LOCALIZE[31004]</value>
		<value condition="ControlGroup(5000).HasFocus()">$LOCALIZE[22082]</value>
		<value>$LOCALIZE[31003]</value>
	</variable>

	<variable name="PlayerStatus">
		<value condition="Player.Playing + Window.IsActive(seekbar)">$LOCALIZE[575]</value>
		<value condition="Player.Paused + Window.IsActive(seekbar)">$LOCALIZE[112]</value>
		<value condition="Player.Forwarding2x">x2</value>
		<value condition="Player.Forwarding4x">x4</value>
		<value condition="Player.Forwarding8x">x8</value>
		<value condition="Player.Forwarding16x">x16</value>
		<value condition="Player.Forwarding32x">x32</value>
		<value condition="Player.Rewinding2x">x2</value>
		<value condition="Player.Rewinding4x">x4</value>
		<value condition="Player.Rewinding8x">x8</value>
		<value condition="Player.Rewinding16x">x16</value>
		<value condition="Player.Rewinding32x">x32</value>
	</variable>
	
	<variable name="PlayerStatusIcon">
		<value condition="Player.Forwarding">osd/ffwd.png</value>
		<value condition="Player.Rewinding">osd/rewind.png</value>
		<value condition="Player.Playing">osd/play.png</value>
		<value condition="Player.Paused">osd/pause.png</value>
	</variable>

	<variable name="ContentType">
		<value condition="Container.Content(movies) + !IntegerGreaterThan(Container.NumItems,1)">$LOCALIZE[20338]</value>
		<value condition="Container.Content(movies) + IntegerGreaterThan(Container.NumItems,1)">$LOCALIZE[342]</value>
		<value condition="Container.Content(tvshows) + !IntegerGreaterThan(Container.NumItems,1)">$LOCALIZE[20364]</value>
		<value condition="Container.Content(tvshows) + IntegerGreaterThan(Container.NumItems,1)">$LOCALIZE[20343]</value>
		<value condition="Container.Content(seasons) + !IntegerGreaterThan(Container.NumItems,1)">$LOCALIZE[20373]</value>
		<value condition="Container.Content(seasons) + IntegerGreaterThan(Container.NumItems,1)">$LOCALIZE[33054]</value>
		<value condition="Container.Content(episodes) + !IntegerGreaterThan(Container.NumItems,1)">$LOCALIZE[20359]</value>
		<value condition="Container.Content(episodes) + IntegerGreaterThan(Container.NumItems,1)">$LOCALIZE[20360]</value>
		<value condition="Container.Content(musicvideos) + !IntegerGreaterThan(Container.NumItems,1)">$LOCALIZE[20391]</value>
		<value condition="Container.Content(musicvideos) + IntegerGreaterThan(Container.NumItems,1)">$LOCALIZE[20389]</value>
		<value condition="Container.Content(genres) + !IntegerGreaterThan(Container.NumItems,1)">$LOCALIZE[515]</value>
		<value condition="Container.Content(genres) + IntegerGreaterThan(Container.NumItems,1)">$LOCALIZE[135]</value>
		<value condition="Container.Content(years) + !IntegerGreaterThan(Container.NumItems,1)">$LOCALIZE[345]</value>
		<value condition="Container.Content(years) + IntegerGreaterThan(Container.NumItems,1)">$LOCALIZE[652]</value>
		<value condition="Container.Content(actors) + !IntegerGreaterThan(Container.NumItems,1)">$LOCALIZE[20337]</value>
		<value condition="Container.Content(actors) + IntegerGreaterThan(Container.NumItems,1)">$LOCALIZE[344]</value>
		<value condition="Container.Content(albums) + !IntegerGreaterThan(Container.NumItems,1)">$LOCALIZE[558]</value>
		<value condition="Container.Content(albums) + IntegerGreaterThan(Container.NumItems,1)">$LOCALIZE[132]</value>
		<value condition="Container.Content(artists) + !IntegerGreaterThan(Container.NumItems,1)">$LOCALIZE[557]</value>
		<value condition="Container.Content(artists) + IntegerGreaterThan(Container.NumItems,1)">$LOCALIZE[133]</value>
		<value condition="Container.Content(songs) + !IntegerGreaterThan(Container.NumItems,1)">$LOCALIZE[179]</value>
		<value condition="Container.Content(songs) + IntegerGreaterThan(Container.NumItems,1)">$LOCALIZE[134]</value>
		<value condition="Container.Content(playlists) + !IntegerGreaterThan(Container.NumItems,1)">$LOCALIZE[559]</value>
		<value condition="Container.Content(playlists) + IntegerGreaterThan(Container.NumItems,1)">$LOCALIZE[136]</value>
		<value condition="Container.Content(studios) + !IntegerGreaterThan(Container.NumItems,1)">$LOCALIZE[572]</value>
		<value condition="Container.Content(studios) + IntegerGreaterThan(Container.NumItems,1)">$LOCALIZE[20388]</value>
		<value condition="Container.Content(directors) + !IntegerGreaterThan(Container.NumItems,1)">$LOCALIZE[20339]</value>
		<value condition="Container.Content(directors) + IntegerGreaterThan(Container.NumItems,1)">$LOCALIZE[20348]</value>
		<value condition="Container.Content(countries) + !IntegerGreaterThan(Container.NumItems,1)">$LOCALIZE[574]</value>
		<value condition="Container.Content(countries) + IntegerGreaterThan(Container.NumItems,1)">$LOCALIZE[20451]</value>
		<value condition="Container.Content(Addons) + !IntegerGreaterThan(Container.NumItems,1)">$LOCALIZE[24000]</value>
		<value condition="Container.Content(Addons) + IntegerGreaterThan(Container.NumItems,1)">$LOCALIZE[24001]</value>
		<value condition="Container.Content(sets) + !IntegerGreaterThan(Container.NumItems,1)">$LOCALIZE[20141]</value>
		<value condition="Container.Content(sets) + IntegerGreaterThan(Container.NumItems,1)">$LOCALIZE[20434]</value>
		<value condition="Container.Content(tags) + !IntegerGreaterThan(Container.NumItems,1)">$LOCALIZE[31002]</value>
		<value condition="Container.Content(tags) + IntegerGreaterThan(Container.NumItems,1)">$LOCALIZE[20459]</value>
		<value condition="Window.IsVisible(pvr) + Control.IsVisible(13) + !IntegerGreaterThan(Container.NumItems,1)">$LOCALIZE[19043]</value>
		<value condition="Window.IsVisible(pvr) + Control.IsVisible(13) + IntegerGreaterThan(Container.NumItems,1)">$LOCALIZE[19163]</value>
		<value condition="Window.IsVisible(pvr) + [Control.IsVisible(14) | Control.IsVisible(17)] + !IntegerGreaterThan(Container.NumItems,1)">$LOCALIZE[31000]</value>
		<value condition="Window.IsVisible(pvr) + [Control.IsVisible(14) | Control.IsVisible(17)] + IntegerGreaterThan(Container.NumItems,1)">$LOCALIZE[31001]</value>
		<value condition="Window.IsVisible(pvr) + !IntegerGreaterThan(Container.NumItems,1)">$LOCALIZE[19029]</value>
		<value condition="Window.IsVisible(pvr) + IntegerGreaterThan(Container.NumItems,1)">$LOCALIZE[19019]</value>
		<value condition="!IntegerGreaterThan(Container.NumItems,1)">$LOCALIZE[31000]</value>
		<value condition="IntegerGreaterThan(Container.NumItems,1)">$LOCALIZE[31001]</value>
	</variable>

</includes>