<?xml version="1.0" encoding="UTF-8"?>
<window>
    <onload>ClearProperty(FO9001,home)</onload>
    <defaultcontrol always="true">9000</defaultcontrol>
    <controls>
        <include>GlobalOverlay</include>
        <control type="group">
            <include>Dialog_Top</include>
            <include>Dialog_Background</include>
            <include name="Dialog_Top_IconHeader">
                <param name="label" value="$LOCALIZE[33060]" />
                <param name="icon" value="special://skin/extras/icons/power.png" />
            </include>
            <include name="Dialog_Top_Arrows">
                <param name="id" value="9000" />
            </include>

            <control type="list" id="9000">
                <include>Dialog_Top_PowerMenu</include>
                <content><include>skinshortcuts-group-powermenu</include></content>
            </control>

        </control>
    </controls>
</window>