<?xml version="1.0" encoding="UTF-8"?>
<includes>

	<include name="VDOViewtype">
	
		<control type="group">
			<visible>Control.IsVisible($PARAM[Id])</visible>

			
			<!-- Background -->
			<include name="Wallpaper">
				<param name="CompPrefix" value="$PARAM[CompPrefix]" />
			</include>
			
			<control type="group">
			 
				<include name="DialogPush">
					<param name="CompPrefix" value="$PARAM[CompPrefix]" />
				</include>
			
				<control type="image">
					<include name="BgPosition">
						<param name="Prefix" value="$PARAM[CompPrefix]" />
					</include>
					<texture colordiffuse="$INFO[Skin.String(Color.BBBg)]">common/white.png</texture>
					<animation effect="fade" start="100" end="0" time="400" reversible="false" condition="System.IdleTime(5) + Skin.String(IdleFade,5) + Skin.String($PARAM[CompPrefix].BBShow,IDLEFADE)">Conditonal</animation>
					<animation effect="fade" start="100" end="0" time="400" reversible="false" condition="System.IdleTime(10) + Skin.String(IdleFade,10) + Skin.String($PARAM[CompPrefix].BBShow,IDLEFADE)">Conditonal</animation>
					<animation effect="fade" start="100" end="0" time="400" reversible="false" condition="System.IdleTime(15) + Skin.String(IdleFade,15) + Skin.String($PARAM[CompPrefix].BBShow,IDLEFADE)">Conditonal</animation>
					<animation effect="fade" start="100" end="0" time="400" reversible="false" condition="System.IdleTime(20) + Skin.String(IdleFade,20) + Skin.String($PARAM[CompPrefix].BBShow,IDLEFADE)">Conditonal</animation>
					<animation effect="fade" start="100" end="0" time="400" reversible="false" condition="System.IdleTime(25) + Skin.String(IdleFade,25) + Skin.String($PARAM[CompPrefix].BBShow,IDLEFADE)">Conditonal</animation>
					<animation effect="fade" start="100" end="0" time="400" reversible="false" condition="System.IdleTime(30) + Skin.String(IdleFade,30) + Skin.String($PARAM[CompPrefix].BBShow,IDLEFADE)">Conditonal</animation>
					<visible>!Skin.String($PARAM[CompPrefix].BBShow,HIDDEN)</visible>
				</control>				

				<!-- Bloc 4 / special background -->
				<control type="group">
					<animation effect="fade" start="100" end="0" time="400" reversible="false" condition="System.IdleTime(5) + Skin.String(IdleFade,5) + Skin.String($PARAM[CompPrefix].B4Show,IDLEFADE)">Conditonal</animation>
					<animation effect="fade" start="100" end="0" time="400" reversible="false" condition="System.IdleTime(10) + Skin.String(IdleFade,10) + Skin.String($PARAM[CompPrefix].B4Show,IDLEFADE)">Conditonal</animation>
					<animation effect="fade" start="100" end="0" time="400" reversible="false" condition="System.IdleTime(15) + Skin.String(IdleFade,15) + Skin.String($PARAM[CompPrefix].B4Show,IDLEFADE)">Conditonal</animation>
					<animation effect="fade" start="100" end="0" time="400" reversible="false" condition="System.IdleTime(20) + Skin.String(IdleFade,20) + Skin.String($PARAM[CompPrefix].B4Show,IDLEFADE)">Conditonal</animation>
					<animation effect="fade" start="100" end="0" time="400" reversible="false" condition="System.IdleTime(25) + Skin.String(IdleFade,25) + Skin.String($PARAM[CompPrefix].B4Show,IDLEFADE)">Conditonal</animation>
					<animation effect="fade" start="100" end="0" time="400" reversible="false" condition="System.IdleTime(30) + Skin.String(IdleFade,30) + Skin.String($PARAM[CompPrefix].B4Show,IDLEFADE)">Conditonal</animation>
					<animation effect="fade" start="100" end="0" time="200" condition="[Window.IsVisible(contextmenu) | ControlGroup(99).HasFocus() | Control.HasFocus(97)] + Skin.String($PARAM[CompPrefix].B5B4ShowOF,HIDE)">Conditional</animation>
					<include name="BlocPosition">
						<param name="Prefix" value="$PARAM[CompPrefix]" />
						<param name="BlocID" value="B4" />
					</include>	
					<control type="image">
						<left>0</left>
						<top>0</top>
						<texture colordiffuse="$INFO[Skin.String(Color.B4Bg)]">common/white.png</texture>
					</control>
					<visible>!Skin.String($PARAM[CompPrefix].B4Show,HIDDEN)</visible>
				</control>
				
				<!-- Bloc 3 -->
				<control type="group">
					<animation effect="fade" start="100" end="0" time="400" reversible="false" condition="System.IdleTime(5) + Skin.String(IdleFade,5) + Skin.String($PARAM[CompPrefix].B3Show,IDLEFADE)">Conditonal</animation>
					<animation effect="fade" start="100" end="0" time="400" reversible="false" condition="System.IdleTime(10) + Skin.String(IdleFade,10) + Skin.String($PARAM[CompPrefix].B3Show,IDLEFADE)">Conditonal</animation>
					<animation effect="fade" start="100" end="0" time="400" reversible="false" condition="System.IdleTime(15) + Skin.String(IdleFade,15) + Skin.String($PARAM[CompPrefix].B3Show,IDLEFADE)">Conditonal</animation>
					<animation effect="fade" start="100" end="0" time="400" reversible="false" condition="System.IdleTime(20) + Skin.String(IdleFade,20) + Skin.String($PARAM[CompPrefix].B3Show,IDLEFADE)">Conditonal</animation>
					<animation effect="fade" start="100" end="0" time="400" reversible="false" condition="System.IdleTime(25) + Skin.String(IdleFade,25) + Skin.String($PARAM[CompPrefix].B3Show,IDLEFADE)">Conditonal</animation>
					<animation effect="fade" start="100" end="0" time="400" reversible="false" condition="System.IdleTime(30) + Skin.String(IdleFade,30) + Skin.String($PARAM[CompPrefix].B3Show,IDLEFADE)">Conditonal</animation>
					<animation effect="fade" start="100" end="0" time="200" condition="[Window.IsVisible(contextmenu) | ControlGroup(99).HasFocus() | Control.HasFocus(97)] + Skin.String($PARAM[CompPrefix].B5B3ShowOF,HIDE)">Conditional</animation>
					<include name="BlocPosition">
						<param name="Prefix" value="$PARAM[CompPrefix]" />
						<param name="BlocID" value="B3" />
					</include>
					<visible>!Skin.String($PARAM[CompPrefix].B3Show,HIDDEN)</visible>
					<control type="image">
						<left>0</left>
						<top>0</top>
						<texture colordiffuse="$INFO[Skin.String(Color.B3Bg)]">common/white.png</texture>
					</control>				

					<!-- Episode / Film preview -->
					<control type="group">
						<control type="image">
							<left>0</left>
							<top>0</top>
							<align>left</align>
							<aligny>top</aligny>
							<aspectratio>scale</aspectratio>
							<texture background="true" colordiffuse="FFFFFFFF">$INFO[ListItem.Art(fanart)]</texture>
							<visible>Skin.String($PARAM[CompPrefix].B3Typ,FANART) + !IsEmpty(ListItem.Art(fanart))</visible>
						</control>
						<control type="image">
							<left>0</left>
							<top>0</top>
							<align>left</align>
							<aligny>top</aligny>
							<aspectratio>scale</aspectratio>
							<texture background="true" colordiffuse="FFFFFFFF">$INFO[ListItem.Art(thumb)]</texture>
							<visible>Skin.String($PARAM[CompPrefix].B3Typ,THUMB) + !IsEmpty(ListItem.Art(thumb))</visible>
						</control>
						<control type="image">
							<left>0</left>
							<top>0</top>
							<align>left</align>
							<aligny>top</aligny>
							<aspectratio>scale</aspectratio>
							<texture background="true" colordiffuse="FFFFFFFF">$VAR[B3Art]</texture>
							<visible>[Skin.String($PARAM[CompPrefix].B3Typ,THUMB) + IsEmpty(ListItem.Art(thumb))] | [Skin.String($PARAM[CompPrefix].B3Typ,FANART) + IsEmpty(ListItem.Art(fanart))] | [Skin.String($PARAM[CompPrefix].B3Typ,POSTER) + IsEmpty(ListItem.Art(poster)) + IsEmpty(ListItem.Art(tvshow.poster))] | [Skin.String($PARAM[CompPrefix].B3Typ,CLEARART) + IsEmpty(ListItem.Art(clearart))] | [Skin.String($PARAM[CompPrefix].B3Typ,CLEARLOGO) + IsEmpty(ListItem.Art(clearlogo))] | [Skin.String($PARAM[CompPrefix].B3Typ,LANDSCAPE) + IsEmpty(ListItem.Art(landscape))] | [Skin.String($PARAM[CompPrefix].B3Typ,DISCART) + IsEmpty(ListItem.Art(discart))] | IsEmpty(Skin.String($PARAM[CompPrefix].B3Typ))</visible>
						</control>
						<control type="image">
							<left>0</left>
							<top>0</top>
							<align>left</align>
							<aligny>top</aligny>
							<aspectratio>keep</aspectratio>
							<texture background="true" colordiffuse="FFFFFFFF">$INFO[ListItem.Art(poster)]</texture>
							<visible>Skin.String($PARAM[CompPrefix].B3Typ,POSTER) + !IsEmpty(ListItem.Art(poster)) + !Container($PARAM[Id]).Content(episodes)</visible>
						</control>
						<control type="image">
							<left>0</left>
							<top>0</top>
							<align>left</align>
							<aligny>top</aligny>
							<aspectratio>keep</aspectratio>
							<texture background="true" colordiffuse="FFFFFFFF">$INFO[ListItem.Art(season.poster)]</texture>
							<visible>Skin.String($PARAM[CompPrefix].B3Typ,POSTER) + [!IsEmpty(ListItem.Art(poster)) | Container($PARAM[Id]).Content(episodes)]</visible>
						</control>
						<control type="image">
							<left>0</left>
							<top>0</top>
							<align>left</align>
							<aligny>top</aligny>
							<aspectratio>keep</aspectratio>
							<texture background="true" colordiffuse="FFFFFFFF">$INFO[ListItem.Art(clearlogo)]</texture>
							<visible>Skin.String($PARAM[CompPrefix].B3Typ,CLEARLOGO) + !IsEmpty(ListItem.Art(clearlogo))</visible>
						</control>
						<control type="image">
							<left>0</left>
							<top>0</top>
							<align>left</align>
							<aligny>top</aligny>
							<aspectratio>keep</aspectratio>
							<texture background="true" colordiffuse="FFFFFFFF">$INFO[ListItem.Art(clearart)]</texture>
							<visible>Skin.String($PARAM[CompPrefix].B3Typ,CLEARART) + !IsEmpty(ListItem.Art(clearart))</visible>
						</control>
						<control type="image">
							<left>0</left>
							<top>0</top>
							<align>left</align>
							<aligny>top</aligny>
							<aspectratio>scale</aspectratio>
							<texture background="true" colordiffuse="FFFFFFFF">$INFO[ListItem.Art(landscape)]</texture>
							<visible>Skin.String($PARAM[CompPrefix].B3Typ,LANDSCAPE) + !IsEmpty(ListItem.Art(landscape))</visible>
						</control>
						<control type="image">
							<left>0</left>
							<top>0</top>
							<align>left</align>
							<aligny>top</aligny>
							<aspectratio>keep</aspectratio>
							<texture background="true" colordiffuse="FFFFFFFF">$INFO[ListItem.Art(discart)]</texture>
							<visible>Skin.String($PARAM[CompPrefix].B3Typ,DISCART) + !IsEmpty(ListItem.Art(discart))</visible>
							<animation effect="rotate" start="0" end="-360" loop="true" time="10000" center="auto" condition="ListItem.IsPlaying">Conditional</animation>
						</control>
						<control type="group">
							<include name="B3STag">
								<param name="Prefix" value="$PARAM[CompPrefix]" />
							</include>
							<control type="image">
								<left>0</left>
								<top>300</top>
								<height>56</height>
								<aspectratio aligny="bottom">stretch</aspectratio>
								<texture colordiffuse="AA000000">common/white.png</texture>
							</control>
							<control type="label">
								<left>12</left>
								<top>300</top>
								<width>589</width>
								<height>56</height>
								<align>left</align>
								<textcolor>FFFFFFFF</textcolor>
								<font>FontSmall</font>
								<label>$VAR[B3Tag]</label>
							</control>
						</control>
					</control>

					<!-- Scroll indicators -->
					<control type="group">
						<visible>Skin.String($PARAM[CompPrefix].B1Lay,VERTICAL) + Skin.String($PARAM[CompPrefix].B3Scroll,VISIBLE)</visible>
						<animation effect="fade" start="100" end="0" time="100" condition="System.IdleTime(1)">Conditional</animation>
						<control type="group">
							<visible>Container($PARAM[Id]).HasPrevious</visible>
							<control type="image">
								<left>0</left> 
								<top>10%</top> 
								<height>80</height>
								<aspectratio>keep</aspectratio>
								<texture colordiffuse="$INFO[Skin.String(Color.SFBg)]">material/BackSquare.png</texture>
							</control>
							<control type="image">
								<left>0</left> 
								<top>10%</top> 
								<height>80</height>
								<aspectratio>keep</aspectratio>
								<texture colordiffuse="$VAR[CategoryColor4]">material/up.png</texture>
								<animation effect="zoom" start="100" end="75" time="0" center="auto" condition="true">Conditional</animation>
							</control>
						</control>
						<control type="group">
							<visible>Container($PARAM[Id]).HasNext</visible>
							<control type="image">
								<left>0</left> 
								<bottom>10%</bottom> 
								<height>80</height>
								<aspectratio>keep</aspectratio>
								<texture colordiffuse="$INFO[Skin.String(Color.SFBg)]">material/BackSquare.png</texture>
							</control>
							<control type="image">
								<left>0</left> 
								<bottom>10%</bottom> 
								<height>80</height>
								<aspectratio>keep</aspectratio>
								<texture colordiffuse="$VAR[CategoryColor4]">material/down.png</texture>
								<animation effect="zoom" start="100" end="75" time="0" center="auto" condition="true">Conditional</animation>
							</control>
						</control>
					</control>
					<control type="group">
						<visible>Skin.String($PARAM[CompPrefix].B1Lay,HORIZONTAL) + Skin.String($PARAM[CompPrefix].B3Scroll,VISIBLE)</visible>
						<animation effect="fade" start="100" end="0" time="100" condition="System.IdleTime(1)">Conditional</animation>
						<control type="group">
							<visible>Container($PARAM[Id]).HasPrevious</visible>
							<control type="image">
								<left>10%</left> 
								<top>0</top> 
								<width>80</width>
								<aspectratio>keep</aspectratio>
								<texture colordiffuse="$INFO[Skin.String(Color.SFBg)]">material/BackSquare.png</texture>
							</control>
							<control type="image">
								<left>10%</left> 
								<top>0</top> 
								<width>80</width>
								<aspectratio>keep</aspectratio>
								<texture colordiffuse="$VAR[CategoryColor4]">material/left.png</texture>
								<animation effect="zoom" start="100" end="75" time="0" center="auto" condition="true">Conditional</animation>
							</control>
						</control>
						<control type="group">
							<visible>Container($PARAM[Id]).HasNext</visible>
							<control type="image">
								<right>10%</right> 
								<bottom>0</bottom> 
								<width>80</width>
								<aspectratio>keep</aspectratio>
								<texture colordiffuse="$INFO[Skin.String(Color.SFBg)]">material/BackSquare.png</texture>
							</control>
							<control type="image">
								<right>10%</right> 
								<bottom>0</bottom> 
								<width>80</width>
								<aspectratio>keep</aspectratio>
								<texture colordiffuse="$VAR[CategoryColor4]">material/right.png</texture>
								<animation effect="zoom" start="100" end="75" time="0" center="auto" condition="true">Conditional</animation>
							</control>
						</control>
					</control>
				</control>		
				
				<!-- Bloc 4 -->
				<control type="group">
					<animation effect="fade" start="100" end="0" time="400" reversible="false" condition="System.IdleTime(5) + Skin.String(IdleFade,5) + Skin.String($PARAM[CompPrefix].B4Show,IDLEFADE)">Conditonal</animation>
					<animation effect="fade" start="100" end="0" time="400" reversible="false" condition="System.IdleTime(10) + Skin.String(IdleFade,10) + Skin.String($PARAM[CompPrefix].B4Show,IDLEFADE)">Conditonal</animation>
					<animation effect="fade" start="100" end="0" time="400" reversible="false" condition="System.IdleTime(15) + Skin.String(IdleFade,15) + Skin.String($PARAM[CompPrefix].B4Show,IDLEFADE)">Conditonal</animation>
					<animation effect="fade" start="100" end="0" time="400" reversible="false" condition="System.IdleTime(20) + Skin.String(IdleFade,20) + Skin.String($PARAM[CompPrefix].B4Show,IDLEFADE)">Conditonal</animation>
					<animation effect="fade" start="100" end="0" time="400" reversible="false" condition="System.IdleTime(25) + Skin.String(IdleFade,25) + Skin.String($PARAM[CompPrefix].B4Show,IDLEFADE)">Conditonal</animation>
					<animation effect="fade" start="100" end="0" time="400" reversible="false" condition="System.IdleTime(30) + Skin.String(IdleFade,30) + Skin.String($PARAM[CompPrefix].B4Show,IDLEFADE)">Conditonal</animation>
					<animation effect="fade" start="100" end="0" time="200" condition="[Window.IsVisible(contextmenu) | ControlGroup(99).HasFocus() | Control.HasFocus(97)] + Skin.String($PARAM[CompPrefix].B5B4ShowOF,HIDE)">Conditional</animation>
					<include name="BlocPosition">
						<param name="Prefix" value="$PARAM[CompPrefix]" />
						<param name="BlocID" value="B4" />
					</include>	
					<control type="image">
						<left>0</left>
						<top>0</top>
						<texture colordiffuse="$INFO[Skin.String(Color.B4Bg)]">common/white.png</texture>
					</control>				
					<control type="videowindow">
						<left>0</left>
						<top>0</top>
						<visible>![[Window.IsVisible(contextmenu) | ControlGroup(99).HasFocus() | Control.HasFocus(97)] + Skin.String($PARAM[CompPrefix].B5B4ShowOF,HIDE)] + ![System.IdleTime(5) + Skin.String(IdleFade,5) + Skin.String($PARAM[CompPrefix].B4Show,IDLEFADE)] + ![System.IdleTime(10) + Skin.String(IdleFade,10) + Skin.String($PARAM[CompPrefix].B4Show,IDLEFADE)] + ![System.IdleTime(15) + Skin.String(IdleFade,15) + Skin.String($PARAM[CompPrefix].B4Show,IDLEFADE)] + ![System.IdleTime(20) + Skin.String(IdleFade,20) + Skin.String($PARAM[CompPrefix].B4Show,IDLEFADE)] + ![System.IdleTime(25) + Skin.String(IdleFade,25) + Skin.String($PARAM[CompPrefix].B4Show,IDLEFADE)] + ![System.IdleTime(30) + Skin.String(IdleFade,30) + Skin.String($PARAM[CompPrefix].B4Show,IDLEFADE)]</visible>
					</control>
					<control type="visualisation">
						<left>0</left>
						<top>0</top>
						<visible>![[Window.IsVisible(contextmenu) | ControlGroup(99).HasFocus() | Control.HasFocus(97)] + Skin.String($PARAM[CompPrefix].B5B4ShowOF,HIDE)] + ![System.IdleTime(5) + Skin.String(IdleFade,5) + Skin.String($PARAM[CompPrefix].B4Show,IDLEFADE)] + ![System.IdleTime(10) + Skin.String(IdleFade,10) + Skin.String($PARAM[CompPrefix].B4Show,IDLEFADE)] + ![System.IdleTime(15) + Skin.String(IdleFade,15) + Skin.String($PARAM[CompPrefix].B4Show,IDLEFADE)] + ![System.IdleTime(20) + Skin.String(IdleFade,20) + Skin.String($PARAM[CompPrefix].B4Show,IDLEFADE)] + ![System.IdleTime(25) + Skin.String(IdleFade,25) + Skin.String($PARAM[CompPrefix].B4Show,IDLEFADE)] + ![System.IdleTime(30) + Skin.String(IdleFade,30) + Skin.String($PARAM[CompPrefix].B4Show,IDLEFADE)]</visible>
					</control>
					<visible>!Skin.String($PARAM[CompPrefix].B4Show,HIDDEN) + [Player.HasVideo | Player.HasAudio]</visible>
				</control>		

				<!-- Bloc 1 -->	
				<control type="group">
					<visible>Control.IsVisible($PARAM[Id])</visible>
					<animation effect="fade" start="100" end="0" time="0" condition="Skin.String($PARAM[CompPrefix].B1Show,HIDDEN)">Conditional</animation>
					<animation effect="fade" start="100" end="0" time="400" reversible="false" condition="System.IdleTime(5) + Skin.String(IdleFade,5) + Skin.String($PARAM[CompPrefix].B1Show,IDLEFADE)">Conditonal</animation>
					<animation effect="fade" start="100" end="0" time="400" reversible="false" condition="System.IdleTime(10) + Skin.String(IdleFade,10) + Skin.String($PARAM[CompPrefix].B1Show,IDLEFADE)">Conditonal</animation>
					<animation effect="fade" start="100" end="0" time="400" reversible="false" condition="System.IdleTime(15) + Skin.String(IdleFade,15) + Skin.String($PARAM[CompPrefix].B1Show,IDLEFADE)">Conditonal</animation>
					<animation effect="fade" start="100" end="0" time="400" reversible="false" condition="System.IdleTime(20) + Skin.String(IdleFade,20) + Skin.String($PARAM[CompPrefix].B1Show,IDLEFADE)">Conditonal</animation>
					<animation effect="fade" start="100" end="0" time="400" reversible="false" condition="System.IdleTime(25) + Skin.String(IdleFade,25) + Skin.String($PARAM[CompPrefix].B1Show,IDLEFADE)">Conditonal</animation>
					<animation effect="fade" start="100" end="0" time="400" reversible="false" condition="System.IdleTime(30) + Skin.String(IdleFade,30) + Skin.String($PARAM[CompPrefix].B1Show,IDLEFADE)">Conditonal</animation>
					<animation effect="fade" start="100" end="0" time="200" condition="[Window.IsVisible(contextmenu) | ControlGroup(99).HasFocus() | Control.HasFocus(97)] + Skin.String($PARAM[CompPrefix].B5B1ShowOF,HIDE)">Conditional</animation>
					<include name="BlocPosition">
						<param name="Prefix" value="$PARAM[CompPrefix]" />
						<param name="BlocID" value="B1" />
					</include>

					<control type="image">
						<left>0</left>
						<top>0</top>
						<texture colordiffuse="$INFO[Skin.String(Color.B1Bg)]">common/white.png</texture>
					</control>	

					<!-- Main menu -->	
					<control type="panel" id="$PARAM[Id]">
						<left>0</left>
						<top>0</top>
						<include condition="Skin.String($PARAM[CompPrefix].B1Lay,HORIZONTAL)">SetHorizontal</include>
						<include condition="Skin.String($PARAM[CompPrefix].B1Lay,VERTICAL)">SetVertical</include>

						<onup condition="Skin.String($PARAM[CompPrefix].B1Submenu,ONUP)">99</onup>
						<ondown condition="Skin.String($PARAM[CompPrefix].B1Submenu,ONUP)">noop</ondown>

						<ondown condition="Skin.String($PARAM[CompPrefix].B1Submenu,ONDOWN)">99</ondown>
						<onup condition="Skin.String($PARAM[CompPrefix].B1Submenu,ONDOWN)">noop</onup>

						<onleft condition="Skin.String($PARAM[CompPrefix].B1Submenu,ONRIGHT) + Skin.String($PARAM[CompPrefix].B1Typ,WIDELIST) + ListItem.HasEpg + !IsEmpty(Window(Home).Property(TVShowNext))">ClearProperty(TVShowNext,home)</onleft>
						<onleft condition="Skin.String($PARAM[CompPrefix].B1Submenu,ONLEFT)">99</onleft>
						<onright condition="Skin.String($PARAM[CompPrefix].B1Submenu,ONLEFT)">noop</onright>	

						<onright condition="Skin.String($PARAM[CompPrefix].B1Submenu,ONRIGHT) + Skin.String($PARAM[CompPrefix].B1Typ,WIDELIST) + ListItem.HasEpg + !IsEmpty(Window(Home).Property(TVShowNext))">99</onright>
						<onright condition="Skin.String($PARAM[CompPrefix].B1Submenu,ONRIGHT) + Skin.String($PARAM[CompPrefix].B1Typ,WIDELIST) + ListItem.HasEpg + IsEmpty(Window(Home).Property(TVShowNext))">SetProperty(TVShowNext,NEXT,home)</onright>
						<onright condition="Skin.String($PARAM[CompPrefix].B1Submenu,ONRIGHT) + !ListItem.HasEpg">99</onright>
						<onleft condition="Skin.String($PARAM[CompPrefix].B1Submenu,ONRIGHT)">noop</onleft>		
						
						<scrolltime>200</scrolltime>
						<pagecontrol>60</pagecontrol>
						<viewtype label="$INFO[Skin.String($PARAM[CompPrefix].Name)]">wrap</viewtype>
						<preloaditems>2</preloaditems>
						<onfocus>SetProperty(SidebarPos,$INFO[Skin.String($PARAM[CompPrefix].BBSidebar)],Home)</onfocus>
						<onfocus>SetProperty(DialogPos,$INFO[Skin.String($PARAM[CompPrefix].DIAPanel)],Home)</onfocus>	
						<onfocus>SetProperty(CompPrefix,$PARAM[CompPrefix],Home)</onfocus>

						<include name="ListWide" condition="Skin.String($PARAM[CompPrefix].B1SizeX,1COLUMN) + Skin.String($PARAM[CompPrefix].B1Typ,WIDELIST)">
							<param name="width" value="636" />
							<param name="CompPrefix" value="$PARAM[CompPrefix]" />
						</include>
						<include name="ListWide" condition="Skin.String($PARAM[CompPrefix].B1SizeX,2COLUMN) + Skin.String($PARAM[CompPrefix].B1Typ,WIDELIST)">
							<param name="width" value="1272" />
							<param name="CompPrefix" value="$PARAM[CompPrefix]" />
						</include>
						<include name="ListWide" condition="Skin.String($PARAM[CompPrefix].B1SizeX,3COLUMN) + Skin.String($PARAM[CompPrefix].B1Typ,WIDELIST)">
							<param name="width" value="1908" />
							<param name="CompPrefix" value="$PARAM[CompPrefix]" />
						</include>
						<include condition="Skin.String($PARAM[CompPrefix].B1Typ,TILES)" name="ListTiles">
							<param name="CompPrefix" value="$PARAM[CompPrefix]" />
						</include>
						<include condition="Skin.String($PARAM[CompPrefix].B1Typ,FANART)" name="ListFanart">
							<param name="CompPrefix" value="$PARAM[CompPrefix]" />
						</include>
						<include condition="Skin.String($PARAM[CompPrefix].B1Typ,CARD)" name="ListCard">
							<param name="CompPrefix" value="$PARAM[CompPrefix]" />
						</include>
						<include condition="Skin.String($PARAM[CompPrefix].B1Typ,POSTER)" name="ListPoster">
							<param name="CompPrefix" value="$PARAM[CompPrefix]" />
						</include>
						<include condition="Skin.String($PARAM[CompPrefix].B1Typ,FIXEDLIST) | Skin.String($PARAM[CompPrefix].B1Typ,BANNER)" name="ListFixed">
							<param name="CompPrefix" value="$PARAM[CompPrefix]" />
						</include>
						<include condition="Window.IsVisible(12600)">WeatherContent</include>
						<include condition="Window.IsVisible(Home) + IsEmpty(Container(9000).ListItem.Property(viewtype))">skinshortcuts-submenu</include>
					</control>	

					<!-- Scroll indicators -->
					<control type="group">
						<visible>Skin.String($PARAM[CompPrefix].B1Lay,VERTICAL) + Skin.String($PARAM[CompPrefix].B1Scroll,VISIBLE)</visible>
						<animation effect="fade" start="100" end="0" time="100" condition="System.IdleTime(1)">Conditional</animation>
						<control type="group">
							<visible>Container($PARAM[Id]).HasPrevious</visible>
							<control type="image">
								<left>0</left> 
								<top>10%</top> 
								<height>80</height>
								<aspectratio>keep</aspectratio>
								<texture colordiffuse="$INFO[Skin.String(Color.SFBg)]">material/BackSquare.png</texture>
							</control>
							<control type="image">
								<left>0</left> 
								<top>10%</top> 
								<height>80</height>
								<aspectratio>keep</aspectratio>
								<texture colordiffuse="$VAR[CategoryColor4]">material/up.png</texture>
								<animation effect="zoom" start="100" end="75" time="0" center="auto" condition="true">Conditional</animation>
							</control>
						</control>
						<control type="group">
							<visible>Container($PARAM[Id]).HasNext</visible>
							<control type="image">
								<left>0</left> 
								<bottom>10%</bottom> 
								<height>80</height>
								<aspectratio>keep</aspectratio>
								<texture colordiffuse="$INFO[Skin.String(Color.SFBg)]">material/BackSquare.png</texture>
							</control>
							<control type="image">
								<left>0</left> 
								<bottom>10%</bottom> 
								<height>80</height>
								<aspectratio>keep</aspectratio>
								<texture colordiffuse="$VAR[CategoryColor4]">material/down.png</texture>
								<animation effect="zoom" start="100" end="75" time="0" center="auto" condition="true">Conditional</animation>
							</control>
						</control>
					</control>
					<control type="group">
						<visible>Skin.String($PARAM[CompPrefix].B1Lay,HORIZONTAL) + Skin.String($PARAM[CompPrefix].B1Scroll,VISIBLE)</visible>
						<animation effect="fade" start="100" end="0" time="100" condition="System.IdleTime(1)">Conditional</animation>
						<control type="group">
							<visible>Container($PARAM[Id]).HasPrevious</visible>
							<control type="image">
								<left>10%</left> 
								<top>0</top> 
								<width>80</width>
								<aspectratio>keep</aspectratio>
								<texture colordiffuse="$INFO[Skin.String(Color.SFBg)]">material/BackSquare.png</texture>
							</control>
							<control type="image">
								<left>10%</left> 
								<top>0</top> 
								<width>80</width>
								<aspectratio>keep</aspectratio>
								<texture colordiffuse="$VAR[CategoryColor4]">material/left.png</texture>
								<animation effect="zoom" start="100" end="75" time="0" center="auto" condition="true">Conditional</animation>
							</control>
						</control>
						<control type="group">
							<visible>Container($PARAM[Id]).HasNext</visible>
							<control type="image">
								<right>10%</right> 
								<bottom>0</bottom> 
								<width>80</width>
								<aspectratio>keep</aspectratio>
								<texture colordiffuse="$INFO[Skin.String(Color.SFBg)]">material/BackSquare.png</texture>
							</control>
							<control type="image">
								<right>10%</right> 
								<bottom>0</bottom> 
								<width>80</width>
								<aspectratio>keep</aspectratio>
								<texture colordiffuse="$VAR[CategoryColor4]">material/right.png</texture>
								<animation effect="zoom" start="100" end="75" time="0" center="auto" condition="true">Conditional</animation>
							</control>
						</control>
					</control>
					
				</control>
				
				<!-- Bloc 2 -->
				<control type="group">
					<animation effect="fade" start="100" end="0" time="400" reversible="false" condition="System.IdleTime(5) + Skin.String(IdleFade,5) + Skin.String($PARAM[CompPrefix].B2Show,IDLEFADE)">Conditonal</animation>
					<animation effect="fade" start="100" end="0" time="400" reversible="false" condition="System.IdleTime(10) + Skin.String(IdleFade,10) + Skin.String($PARAM[CompPrefix].B2Show,IDLEFADE)">Conditonal</animation>
					<animation effect="fade" start="100" end="0" time="400" reversible="false" condition="System.IdleTime(15) + Skin.String(IdleFade,15) + Skin.String($PARAM[CompPrefix].B2Show,IDLEFADE)">Conditonal</animation>
					<animation effect="fade" start="100" end="0" time="400" reversible="false" condition="System.IdleTime(20) + Skin.String(IdleFade,20) + Skin.String($PARAM[CompPrefix].B2Show,IDLEFADE)">Conditonal</animation>
					<animation effect="fade" start="100" end="0" time="400" reversible="false" condition="System.IdleTime(25) + Skin.String(IdleFade,25) + Skin.String($PARAM[CompPrefix].B2Show,IDLEFADE)">Conditonal</animation>
					<animation effect="fade" start="100" end="0" time="400" reversible="false" condition="System.IdleTime(30) + Skin.String(IdleFade,30) + Skin.String($PARAM[CompPrefix].B2Show,IDLEFADE)">Conditonal</animation>
					<animation effect="fade" start="100" end="0" time="200" condition="[Window.IsVisible(contextmenu) | ControlGroup(99).HasFocus() | Control.HasFocus(97)] + Skin.String($PARAM[CompPrefix].B5B2ShowOF,HIDE)">Conditional</animation>
					<include name="BlocPosition">
						<param name="Prefix" value="$PARAM[CompPrefix]" />
						<param name="BlocID" value="B2" />
					</include>

					<control type="image">
						<left>0</left>
						<top>0</top>
						<aspectratio>stretch</aspectratio>
						<texture colordiffuse="$INFO[Skin.String(Color.B2Bg)]">common/white.png</texture>
						<visible>!Skin.String($PARAM[CompPrefix].B2Show,HIDDEN) | ControlGroup(99).HasFocus() | Control.HasFocus(97)</visible>
					</control>

					<control type="group">
					<visible>!Skin.String($PARAM[CompPrefix].B2Show,HIDDEN) + !Control.HasFocus(98)</visible>
						<control type="label">
							<left>12</left>
							<top>24</top>
							<width>124</width>
							<height>60</height>
							<textcolor>$INFO[Skin.String(Color.B2Txt1)]</textcolor>
							<font>Font72</font>
							<align>center</align>
							<aligny>center</aligny>
							<label>$INFO[Container($PARAM[Id]).CurrentItem]</label>
							<visible>!IntegerGreaterThan(Container($PARAM[Id]).CurrentItem,999)</visible>
						</control>
						<control type="label">
							<left>12</left>
							<top>24</top>
							<width>124</width>
							<height>60</height>
							<textcolor>$INFO[Skin.String(Color.B2Txt1)]</textcolor>
							<font>Font48</font>
							<align>center</align>
							<aligny>center</aligny>
							<label>$INFO[Container($PARAM[Id]).CurrentItem]</label>
							<visible>IntegerGreaterThan(Container($PARAM[Id]).CurrentItem,999)</visible>
						</control>
						<control type="label">
							<left>24</left>
							<top>96</top>
							<width>100</width>
							<height>60</height>
							<textcolor>$INFO[Skin.String(Color.B2Txt4)]</textcolor>
							<font>Font36</font>
							<align>center</align>
							<aligny>center</aligny>
							<label>$INFO[Container($PARAM[Id]).NumItems]</label>
						</control>
						<control type="group">
							<left>148</left>
							<!-- Configuring Bloc2 Horizontal Text Width -->
							<include condition="Skin.String($PARAM[CompPrefix].B2SizeX,1COLUMN)">TextW636</include>
							<include condition="Skin.String($PARAM[CompPrefix].B2SizeX,2COLUMN)">TextW1272</include>
							<include condition="Skin.String($PARAM[CompPrefix].B2SizeX,3COLUMN)">TextW1908</include>
							<control type="label">
								<top>10</top>
								<height>60</height>
								<textcolor>$INFO[Skin.String(Color.B2Txt2)]</textcolor>
								<font>Font36R</font>
								<align>left</align>
								<aligny>center</aligny>
								<label fallback="19047">$VAR[B2Title]</label>
							</control>
							<control type="label">
								<top>45</top>
								<height>60</height>
								<align>left</align>
								<aligny>center</aligny>
								<font>FontSmallR</font>
								<textcolor>$INFO[Skin.String(Color.B2Txt4)]</textcolor>
								<label fallback="19499">$VAR[B2SubTitle]</label>
							</control>				
							<control type="textbox">
								<top>120</top>
								<!-- Configuring Bloc2 Vertical Plot Height -->
								<include condition="Skin.String($PARAM[CompPrefix].B2SizeY,1ROW)">PlotH356</include>
								<include condition="Skin.String($PARAM[CompPrefix].B2SizeY,2ROW)">PlotH712</include>
								<include condition="Skin.String($PARAM[CompPrefix].B2SizeY,3ROW)">PlotH1068</include>
								<textcolor>$INFO[Skin.String(Color.B2Txt3)]</textcolor>
								<font>Font25</font>
								<label fallback="19055">$VAR[B2Plot]</label>
							</control>
						</control>
						<control type="group">
							<include name="B2SRate">
								<param name="Prefix" value="$PARAM[CompPrefix]" />
							</include>
							<control type="image">
								<description>Rating value</description>
								<left>148</left>
								<posy>310</posy>
								<width>100</width>
								<height>20</height>
								<aspectratio align="left">keep</aspectratio>
								<texture colordiffuse="$VAR[CategoryColor]" fallback="rating0.png">$INFO[ListItem.StarRating,]</texture>
								<visible>!Window.IsVisible(10615) + !Window.IsVisible(10620)</visible>
							</control>
							<control type="progress">
								<left>148</left>
								<posy>315</posy>
								<width>100</width>
								<height>10</height>
								<texturebg colordiffuse="$VAR[CategoryColor]">common/progressback.png</texturebg>
								<lefttexture>-</lefttexture>
								<midtexture colordiffuse="$VAR[CategoryColor]">common/progressfront.png</midtexture>
								<righttexture>-</righttexture>
								<info>ListItem.Progress</info>
								<visible>ListItem.HasEpg + [Window.IsVisible(10615) | Window.IsVisible(10620)]</visible>
							</control>
							<control type="label">
								<top>300</top>
								<right>48</right>
								<width>300</width>
								<height>25</height>
								<align>right</align>
								<aligny>top</aligny>
								<font>Font25</font>
								<textcolor>$INFO[Skin.String(Color.B2Txt4)]</textcolor>
								<label>$VAR[B2InfoSup]</label>
							</control>				
						</control>
					</control>
					
					<control type="group">
					<visible>!Skin.String($PARAM[CompPrefix].B2Show,HIDDEN) + Control.HasFocus(98)</visible>
						<control type="label">
							<left>12</left>
							<top>24</top>
							<width>124</width>
							<height>60</height>
							<textcolor>$INFO[Skin.String(Color.B2Txt1)]</textcolor>
							<font>Font72</font>
							<align>center</align>
							<aligny>center</aligny>
							<label>$INFO[Container($PARAM[Id]).CurrentItem]</label>
							<visible>!IntegerGreaterThan(Container($PARAM[Id]).CurrentItem,999)</visible>
						</control>
						<control type="label">
							<left>12</left>
							<top>24</top>
							<width>124</width>
							<height>60</height>
							<textcolor>$INFO[Skin.String(Color.B2Txt1)]</textcolor>
							<font>Font48</font>
							<align>center</align>
							<aligny>center</aligny>
							<label>$INFO[Container($PARAM[Id]).CurrentItem]</label>
							<visible>IntegerGreaterThan(Container($PARAM[Id]).CurrentItem,999)</visible>
						</control>
						<control type="label">
							<left>24</left>
							<top>96</top>
							<width>100</width>
							<height>60</height>
							<textcolor>$INFO[Skin.String(Color.B2Txt4)]</textcolor>
							<font>Font36</font>
							<align>center</align>
							<aligny>center</aligny>
							<label>$INFO[Container.NumItems]</label>
						</control>
						<control type="group">
							<left>148</left>
							<!-- Configuring Bloc2 Horizontal Text Width -->
							<include condition="Skin.String($PARAM[CompPrefix].B2SizeX,1COLUMN)">TextW636</include>
							<include condition="Skin.String($PARAM[CompPrefix].B2SizeX,2COLUMN)">TextW1272</include>
							<include condition="Skin.String($PARAM[CompPrefix].B2SizeX,3COLUMN)">TextW1908</include>
							<control type="label">
								<top>10</top>
								<height>60</height>
								<textcolor>$INFO[Skin.String(Color.B2Txt2)]</textcolor>
								<font>Font36R</font>
								<align>left</align>
								<aligny>center</aligny>
								<label fallback="19047">$INFO[ListItem.NextTitle,$LOCALIZE[209] : ,]</label>
							</control>
							<control type="label">
								<top>45</top>
								<height>60</height>
								<align>left</align>
								<aligny>center</aligny>
								<font>FontSmallR</font>
								<textcolor>$INFO[Skin.String(Color.B2Txt4)]</textcolor>
								<label fallback="19499">$INFO[ListItem.ChannelName]$INFO[ListItem.NextGenre, - ,]</label>
							</control>				
							<control type="textbox">
								<top>120</top>
								<!-- Configuring Bloc2 Vertical Plot Height -->
								<include condition="Skin.String(TV.View1.B2SizeY,1ROW)">PlotH356</include>
								<include condition="Skin.String(TV.View1.B2SizeY,2ROW)">PlotH712</include>
								<include condition="Skin.String(TV.View1.B2SizeY,3ROW)">PlotH1068</include>
								<textcolor>$INFO[Skin.String(Color.B2Txt3)]</textcolor>
								<font>Font25</font>
								<label fallback="19055">$INFO[ListItem.NextPlot]</label>
							</control>
						</control>
						<control type="group">
							<include name="B2SRate">
								<param name="Prefix" value="TV.View1" />
							</include>
							<control type="label">
								<top>300</top>
								<left>148</left>
								<width>300</width>
								<height>25</height>
								<align>left</align>
								<aligny>top</aligny>
								<font>Font25</font>
								<textcolor>$INFO[Skin.String(Color.B2Txt4)]</textcolor>
								<label>$INFO[ListItem.NextStartTime,$LOCALIZE[19126] ,]</label>
							</control>
						</control>
					</control>
				</control>

				<!-- Bloc 5 -->	
				<control type="group"> 
					<visible>Control.IsVisible(99)</visible>
					<animation effect="fade" start="100" end="0" time="0" condition="Skin.String($PARAM[CompPrefix].B5Show,HIDDEN)">Conditional</animation>
					<animation effect="fade" start="100" end="0" time="400" reversible="false" condition="System.IdleTime(5) + Skin.String(IdleFade,5) + Skin.String($PARAM[CompPrefix].B5Show,IDLEFADE)">Conditonal</animation>
					<animation effect="fade" start="100" end="0" time="400" reversible="false" condition="System.IdleTime(10) + Skin.String(IdleFade,10) + Skin.String($PARAM[CompPrefix].B5Show,IDLEFADE)">Conditonal</animation>
					<animation effect="fade" start="100" end="0" time="400" reversible="false" condition="System.IdleTime(15) + Skin.String(IdleFade,15) + Skin.String($PARAM[CompPrefix].B5Show,IDLEFADE)">Conditonal</animation>
					<animation effect="fade" start="100" end="0" time="400" reversible="false" condition="System.IdleTime(20) + Skin.String(IdleFade,20) + Skin.String($PARAM[CompPrefix].B5Show,IDLEFADE)">Conditonal</animation>
					<animation effect="fade" start="100" end="0" time="400" reversible="false" condition="System.IdleTime(25) + Skin.String(IdleFade,25) + Skin.String($PARAM[CompPrefix].B5Show,IDLEFADE)">Conditonal</animation>
					<animation effect="fade" start="100" end="0" time="400" reversible="false" condition="System.IdleTime(30) + Skin.String(IdleFade,30) + Skin.String($PARAM[CompPrefix].B5Show,IDLEFADE)">Conditonal</animation>
					<animation effect="fade" start="100" end="0" time="200" condition="!Window.IsVisible(contextmenu) + !ControlGroup(99).HasFocus() + !Control.HasFocus(97) + !Window.IsVisible(contextmenu) + Skin.String($PARAM[CompPrefix].B5Show,ONFOCUS)">Conditonal</animation>
					<include name="BlocPosition">
						<param name="Prefix" value="$PARAM[CompPrefix]" />
						<param name="BlocID" value="B5" />
					</include>

					<control type="image">
						<left>0</left>
						<top>0</top>
						<aspectratio>stretch</aspectratio>
						<texture colordiffuse="$INFO[Skin.String(Color.B2Bg)]">common/white.png</texture>
					</control>

					<include name="ViewOptions" condition="Skin.String($PARAM[CompPrefix].B5SizeX,1COLUMN) + Skin.String($PARAM[CompPrefix].B5SizeY,1ROW)"> 
						<param name="width" value="588" /> 
 						<param name="height" value="305" /> 
 						<param name="ViewName" value="$INFO[Skin.String($PARAM[CompPrefix].Name)]" /> 
						<param name="Section" value="$PARAM[Section]" /> 
						<param name="Id" value="$PARAM[Id]" /> 
						<param name="CompPrefix" value="$PARAM[CompPrefix]" />
					</include> 
					<include name="ViewOptions" condition="Skin.String($PARAM[CompPrefix].B5SizeX,1COLUMN) + !Skin.String($PARAM[CompPrefix].B5SizeY,1ROW)"> 
						<param name="width" value="588" /> 
 						<param name="height" value="610" /> 
						<param name="ViewName" value="$INFO[Skin.String($PARAM[CompPrefix].Name)]" /> 
						<param name="Section" value="$PARAM[Section]" /> 
						<param name="Id" value="$PARAM[Id]" /> 
						<param name="CompPrefix" value="$PARAM[CompPrefix]" />
					</include> 
 					<include name="ViewOptions" condition="Skin.String($PARAM[CompPrefix].B5SizeX,2COLUMN) + Skin.String($PARAM[CompPrefix].B5SizeY,1ROW)"> 
						<param name="width" value="1224" /> 
 						<param name="height" value="305" /> 
						<param name="ViewName" value="$INFO[Skin.String($PARAM[CompPrefix].Name)]" /> 
						<param name="Section" value="$PARAM[Section]" /> 
						<param name="Id" value="$PARAM[Id]" /> 
						<param name="CompPrefix" value="$PARAM[CompPrefix]" />
					</include> 
					<include name="ViewOptions" condition="Skin.String($PARAM[CompPrefix].B5SizeX,2COLUMN) + !Skin.String($PARAM[CompPrefix].B5SizeY,1ROW)"> 
						<param name="width" value="1224" /> 
 						<param name="height" value="610" /> 
						<param name="ViewName" value="$INFO[Skin.String($PARAM[CompPrefix].Name)]" /> 
						<param name="Section" value="$PARAM[Section]" /> 
						<param name="Id" value="$PARAM[Id]" /> 
						<param name="CompPrefix" value="$PARAM[CompPrefix]" />
					</include> 
					<include name="ViewOptions" condition="Skin.String($PARAM[CompPrefix].B5SizeX,3COLUMN) + Skin.String($PARAM[CompPrefix].B5SizeY,1ROW)"> 
						<param name="width" value="1860" /> 
						<param name="height" value="305" /> 
						<param name="ViewName" value="$INFO[Skin.String($PARAM[CompPrefix].Name)]" /> 
						<param name="Section" value="$PARAM[Section]" /> 
						<param name="Id" value="$PARAM[Id]" /> 
						<param name="CompPrefix" value="$PARAM[CompPrefix]" />
					</include> 
					<include name="ViewOptions" condition="Skin.String($PARAM[CompPrefix].B5SizeX,3COLUMN) + !Skin.String($PARAM[CompPrefix].B5SizeY,1ROW)"> 
						<param name="width" value="1860" /> 
						<param name="height" value="610" /> 
						<param name="ViewName" value="$INFO[Skin.String($PARAM[CompPrefix].Name)]" /> 
						<param name="Section" value="$PARAM[Section]" /> 
						<param name="Id" value="$PARAM[Id]" /> 
						<param name="CompPrefix" value="$PARAM[CompPrefix]" />
					</include> 

				</control>								
			</control>

			<!-- Dialogs Background -->
			<include name="DialogBgDef">
				<param name="CompPrefix" value="$PARAM[CompPrefix]" />
			</include>
			
			<!-- Sidebar Position-->	
			<control type="group">
				<animation effect="slide" start="0,0" end="660,0" time="100" condition="Skin.String($PARAM[CompPrefix].DIAPanel,LEFT) + [Skin.String($PARAM[CompPrefix].BBSidebar,TOP) | Skin.String($PARAM[CompPrefix].BBSidebar,BOTTOM)] + !IsEmpty(Window(Home).Property(DialogVisibility)) + Skin.String($PARAM[CompPrefix].DIASlide,PUSH)">Conditional</animation>
				<animation effect="slide" start="0,0" end="-660,0" time="100" condition="Skin.String($PARAM[CompPrefix].DIAPanel,RIGHT) + [Skin.String($PARAM[CompPrefix].BBSidebar,TOP) | Skin.String($PARAM[CompPrefix].BBSidebar,BOTTOM)] + !IsEmpty(Window(Home).Property(DialogVisibility)) + Skin.String($PARAM[CompPrefix].DIASlide,PUSH)">Conditional</animation>
				<animation effect="slide" start="0,0" end="0,380" time="100" condition="Skin.String($PARAM[CompPrefix].DIAPanel,TOP) + [Skin.String($PARAM[CompPrefix].BBSidebar,RIGHT) | Skin.String($PARAM[CompPrefix].BBSidebar,LEFT)] + !IsEmpty(Window(Home).Property(DialogVisibility)) + Skin.String($PARAM[CompPrefix].DIASlide,PUSH)">Conditional</animation>			
				<animation effect="slide" start="0,0" end="0,-380" time="100" condition="Skin.String($PARAM[CompPrefix].DIAPanel,BOTTOM) + [Skin.String($PARAM[CompPrefix].BBSidebar,RIGHT) | Skin.String($PARAM[CompPrefix].BBSidebar,LEFT)] + !IsEmpty(Window(Home).Property(DialogVisibility)) + Skin.String($PARAM[CompPrefix].DIASlide,PUSH)">Conditional</animation>		
				<animation effect="slide" start="0,0" end="0,-120" time="100" condition="[Skin.String($PARAM[CompPrefix].DIAPanel,LEFT) | Skin.String($PARAM[CompPrefix].DIAPanel,RIGHT)] + Skin.String($PARAM[CompPrefix].BBSidebar,TOP) + !IsEmpty(Window(Home).Property(DialogVisibility)) + !Skin.String($PARAM[CompPrefix].DIASlide,PUSH)">Conditional</animation>
				<animation effect="slide" start="0,0" end="0,120" time="100" condition="[Skin.String($PARAM[CompPrefix].DIAPanel,LEFT) | Skin.String($PARAM[CompPrefix].DIAPanel,RIGHT)] + Skin.String($PARAM[CompPrefix].BBSidebar,BOTTOM) + !IsEmpty(Window(Home).Property(DialogVisibility)) + !Skin.String($PARAM[CompPrefix].DIASlide,PUSH)">Conditional</animation>
				<animation effect="slide" start="0,0" end="-120,0" time="100" condition="[Skin.String($PARAM[CompPrefix].DIAPanel,TOP) | Skin.String($PARAM[CompPrefix].DIAPanel,BOTTOM)] + Skin.String($PARAM[CompPrefix].BBSidebar,LEFT) + !IsEmpty(Window(Home).Property(DialogVisibility)) + !Skin.String($PARAM[CompPrefix].DIASlide,PUSH)">Conditional</animation>
				<animation effect="slide" start="0,0" end="120,0" time="100" condition="[Skin.String($PARAM[CompPrefix].DIAPanel,TOP) | Skin.String($PARAM[CompPrefix].DIAPanel,BOTTOM)] + Skin.String($PARAM[CompPrefix].BBSidebar,RIGHT) + !IsEmpty(Window(Home).Property(DialogVisibility)) + !Skin.String($PARAM[CompPrefix].DIASlide,PUSH)">Conditional</animation>
				<animation effect="fade" start="100" end="0" time="400" reversible="false" condition="System.IdleTime(5) + Skin.String(IdleFade,5) + Skin.String($PARAM[CompPrefix].BBSBHide,IDLEFADE)">Conditonal</animation>
				<animation effect="fade" start="100" end="0" time="400" reversible="false" condition="System.IdleTime(10) + Skin.String(IdleFade,10) + Skin.String($PARAM[CompPrefix].BBSBHide,IDLEFADE)">Conditonal</animation>
				<animation effect="fade" start="100" end="0" time="400" reversible="false" condition="System.IdleTime(15) + Skin.String(IdleFade,15) + Skin.String($PARAM[CompPrefix].BBSBHide,IDLEFADE)">Conditonal</animation>
				<animation effect="fade" start="100" end="0" time="400" reversible="false" condition="System.IdleTime(20) + Skin.String(IdleFade,20) + Skin.String($PARAM[CompPrefix].BBSBHide,IDLEFADE)">Conditonal</animation>
				<animation effect="fade" start="100" end="0" time="400" reversible="false" condition="System.IdleTime(25) + Skin.String(IdleFade,25) + Skin.String($PARAM[CompPrefix].BBSBHide,IDLEFADE)">Conditonal</animation>
				<animation effect="fade" start="100" end="0" time="400" reversible="false" condition="System.IdleTime(30) + Skin.String(IdleFade,30) + Skin.String($PARAM[CompPrefix].BBSBHide,IDLEFADE)">Conditonal</animation>			

				<animation effect="fade" start="100" end="75" time="0" condition="IsEmpty(Window(Home).Property(DialogVisibility)) + Skin.String($PARAM[CompPrefix].BBSizeX,3COLUMN) + Skin.String($PARAM[CompPrefix].BBSizeY,3ROW) + Skin.String($PARAM[CompPrefix].BBSBHide,ENABLED)">Conditional</animation>	
				<animation effect="fade" start="100" end="0" time="200" condition="IsEmpty(Window(Home).Property(DialogVisibility)) + System.IdleTime(1) + Skin.String($PARAM[CompPrefix].BBSizeX,3COLUMN) + Skin.String($PARAM[CompPrefix].BBSizeY,3ROW) + Skin.String($PARAM[CompPrefix].BBSBHide,ENABLED)">Conditional</animation>	
				<animation effect="fade" start="100" end="0" time="200" condition="IsEmpty(Window(Home).Property(DialogVisibility)) + [ControlGroup(99).HasFocus() | Control.HasFocus(97) | Window.IsVisible(contextmenu)] + Skin.String($PARAM[CompPrefix].BBSizeX,3COLUMN) + Skin.String($PARAM[CompPrefix].BBSizeY,3ROW) + Skin.String($PARAM[CompPrefix].BBSBHide,ENABLED)">Conditional</animation>		

				<control type="group">		
					<visible>Skin.String($PARAM[CompPrefix].BBSidebar,LEFT) | Skin.String($PARAM[CompPrefix].BBSidebar,RIGHT)</visible>	
					<include condition="Skin.String($PARAM[CompPrefix].BBSidebar,LEFT) | Skin.String($PARAM[CompPrefix].BBSidebar,RIGHT)">BarVPreview</include>
					<animation effect="slide" start="0,0" end="1800,0" time="0" condition="Skin.String($PARAM[CompPrefix].BBSidebar,RIGHT)">Conditional</animation>
					<control type="label">
						<top>0</top>
						<left>-400</left>
						<width>400</width>
						<height>120</height>
						<align>right</align>
						<font>Font48</font>
						<textcolor>$INFO[Skin.String(Color.SBIconNF)]</textcolor>
						<label>[UPPERCASE]$INFO[Window(home).Property(MenuID)][/UPPERCASE]</label>
						<animation effect="rotate" start="0" end="90" time="0" center="60,60" condition="true">Conditional</animation>
						<visible>!Window.IsActive(10138)</visible>
					</control>
					<control type="label">
						<top>0</top>
						<left>-400</left>
						<width>400</width>
						<height>120</height>
						<align>right</align>
						<font>Font48</font>
						<textcolor>$INFO[Skin.String(Color.SBIconNF)]</textcolor>
						<label>[UPPERCASE]$LOCALIZE[503][/UPPERCASE]</label>
						<animation effect="rotate" start="0" end="90" time="0" center="60,60" condition="true">Conditional</animation>
						<animation effect="fade" start="100" end="0" time="400" reversible="true" pulse="true" condition="true">Conditional</animation>
						<visible>Window.IsActive(10138)</visible>
					</control>
					<control type="image">
						<left>20</left>
						<top>20</top>
						<width>80</width>
						<height>80</height>
						<align>center</align>
						<texture colordiffuse="$VAR[CategoryColor]">common/white.png</texture>
					</control>
					<control type="image">
						<left>35</left>
						<top>35</top>
						<width>50</width>
						<height>50</height>
						<align>center</align>
						<aspectratio>keep</aspectratio>
						<texture colordiffuse="$INFO[Skin.String(Color.B1Txt1F)]">$INFO[Window(home).Property(MenuIcon)]</texture>
						<visible>!Window.IsActive(10138)</visible>
					</control>		
					<control type="image">
						<left>35</left>
						<top>35</top>
						<width>50</width>
						<height>50</height>
						<align>center</align>
						<aspectratio>keep</aspectratio>
						<texture colordiffuse="$INFO[Skin.String(Color.B1Txt1F)]">material/loading.png</texture>
						<animation effect="rotate" start="0" end="360" time="800" center="auto" loop="true" condition="true">Conditional</animation>
						<visible>Window.IsActive(10138)</visible>
					</control>		
				</control>
				
				<control type="group">		
					<visible>Skin.String($PARAM[CompPrefix].BBSidebar,TOP) | Skin.String($PARAM[CompPrefix].BBSidebar,BOTTOM)</visible>
					<include condition="Skin.String($PARAM[CompPrefix].BBSidebar,TOP) | Skin.String($PARAM[CompPrefix].BBSidebar,BOTTOM)">BarHPreview</include>
					<animation effect="slide" start="0,0" end="0,960" time="0" condition="Skin.String($PARAM[CompPrefix].BBSidebar,BOTTOM)">Conditional</animation>
					<control type="label">
						<top>0</top>
						<left>144</left>
						<width>400</width>
						<height>120</height>
						<align>left</align>
						<aligny>center</aligny>
						<font>Font48</font>
						<textcolor>$INFO[Skin.String(Color.SBIconNF)]</textcolor>
						<label>[UPPERCASE]$INFO[Window(home).Property(MenuID)][/UPPERCASE]</label>
						<visible>!Window.IsActive(10138)</visible>
					</control>
					<control type="label">
						<top>0</top>
						<left>144</left>
						<width>400</width>
						<height>120</height>
						<align>left</align>
						<aligny>center</aligny>
						<font>Font48</font>
						<textcolor>$INFO[Skin.String(Color.SBIconNF)]</textcolor>
						<label>[UPPERCASE]$LOCALIZE[503][/UPPERCASE]</label>
						<animation effect="fade" start="100" end="0" time="400" reversible="true" pulse="true" condition="true">Conditional</animation>
						<visible>Window.IsActive(10138)</visible>
					</control>
					<control type="image">
						<left>20</left>
						<top>20</top>
						<width>80</width>
						<height>80</height>
						<align>center</align>
						<texture colordiffuse="$VAR[CategoryColor]">common/white.png</texture>
					</control>
					<control type="image">
						<left>35</left>
						<top>35</top>
						<width>50</width>
						<height>50</height>
						<align>center</align>
						<aspectratio>keep</aspectratio>
						<texture colordiffuse="$INFO[Skin.String(Color.B1Txt1F)]">$INFO[Window(home).Property(MenuIcon)]</texture>
						<visible>!Window.IsActive(10138)</visible>
					</control>		
					<control type="image">
						<left>35</left>
						<top>35</top>
						<width>50</width>
						<height>50</height>
						<align>center</align>
						<aspectratio>keep</aspectratio>
						<texture colordiffuse="$INFO[Skin.String(Color.B1Txt1F)]">material/loading.png</texture>
						<animation effect="rotate" start="0" end="360" time="800" center="auto" loop="true" condition="true">Conditional</animation>
						<visible>Window.IsActive(10138)</visible>
					</control>		
				</control>
			</control>			
		</control>
		


	</include>

</includes>
