<?xml version="1.0" encoding="UTF-8"?>
<includes>

	<!-- Info dialogs -->
	<include name="DiaInfos">
	
		<control type="group">
		<animation effect="fade" start="0" end="100" time="100" delay="100">WindowOpen</animation>
		<animation effect="fade" start="100" end="0" time="100" delay="100">WindowClose</animation>
	
			<!-- Bloc 1 -->
			<control type="group">
				<left>$PARAM[DIAB1PosX]</left>
				<top>$PARAM[DIAB1PosY]</top>
				<width>636</width>
				<height>356</height>

				<!-- Heading -->
				<control type="label">
					<top>24</top>
					<left>24</left>
					<width>588</width>
					<height>48</height>
					<align>center</align>
					<aligny>top</aligny>
					<font>Font48</font>
					<label>$VAR[B1Title]</label>
					<textcolor>$INFO[Skin.String(Color.DIATitle)]</textcolor>
				</control>
				<control type="label">
					<top>24</top>
					<left>24</left>
					<width>588</width>
					<height>48</height>
					<align>center</align>
					<aligny>top</aligny>
					<font>Font48</font>
					<label>$INFO[Player.Title]</label>
					<textcolor>$INFO[Skin.String(Color.DIATitle)]</textcolor>
					<visible>Window.IsVisible(10142)</visible>
				</control>
				
				<!-- Main list -->
				<control type="wraplist" id="300">
					<left>24</left>
					<top>80</top>
					<onup>noop</onup>
					<ondown>noop</ondown>
					<onright condition="StringCompare(Container(300).ListItem.Label,$LOCALIZE[33061])">301</onright>
					<onright condition="StringCompare(Container(300).ListItem.Label,$LOCALIZE[33029])">99</onright>
					<onright condition="[StringCompare(Container(300).ListItem.Label,$LOCALIZE[206]) + !StringCompare(Container(300).ListItem.Property(MenuID),Cast)] | StringCompare(Container(300).ListItem.Label,$LOCALIZE[182])">50</onright>
					<onright condition="StringCompare(Container(300).ListItem.Property(MenuID),Cast) | StringCompare(Container(300).ListItem.Property(MenuID),Director) | StringCompare(Container(300).ListItem.Property(MenuID),Similar)">70</onright>
					<height>36</height>
					<scrolltime>200</scrolltime>
					<orientation>vertical</orientation>

					<itemlayout width="588" height="36">
						<control type="label">
							<top>0</top>
							<left>0</left>
							<width>588</width>
							<height>36</height>
							<align>center</align>
							<font>Font36</font>
							<scroll>True</scroll>
							<textcolor>$INFO[Skin.String(Color.DIATxtNF)]</textcolor>
							<label>$INFO[ListItem.Label]</label>
						</control>
					</itemlayout>

					<focusedlayout width="588" height="36">
						<control type="label">
							<top>0</top>
							<left>0</left>
							<width>588</width>
							<height>36</height>
							<align>center</align>
							<font>Font36</font>
							<scroll>True</scroll>
							<textcolor>$VAR[CategoryColor3]</textcolor>
							<label>$INFO[ListItem.Label]</label>
							<visible>Control.HasFocus(300)</visible>
						</control>
						<control type="label">
							<top>0</top>
							<left>0</left>
							<width>588</width>
							<height>36</height>
							<align>center</align>
							<font>Font36</font>
							<scroll>True</scroll>
							<textcolor>$INFO[Skin.String(Color.DIATxtNF)]</textcolor>
							<label>$INFO[ListItem.Label]</label>
							<visible>!Control.HasFocus(300)</visible>
						</control>						
					</focusedlayout>

					<content>
						<item id="1">
							<label>33061</label> <!-- Menu -->
							<onclick condition="Window.IsVisible(10146)">SendClick(10146,12)</onclick>
							<onclick condition="Window.IsVisible(10602)">SendClick(10602,5)</onclick>
							<onclick condition="Window.IsVisible(12003)">SendClick(12003,8)</onclick>
						</item>
						<item id="2">
							<label>33029</label> <!-- Details -->
							<onclick condition="Window.IsVisible(10146)">SendClick(10146,12)</onclick>
							<onclick condition="Window.IsVisible(10602)">SendClick(10602,5)</onclick>
							<onclick condition="Window.IsVisible(12003)">SendClick(12003,8)</onclick>
						</item>
						<item id="3">
							<label>206</label> <!-- Cast -->
							<onclick condition="Window.IsVisible(10146)">SendClick(10146,12)</onclick>
							<onclick condition="Window.IsVisible(10602)">SendClick(10602,5)</onclick>
							<onclick condition="Window.IsVisible(12003)">SendClick(12003,8)</onclick>
							<visible>Window.IsVisible(12003)</visible>
							<visible>!System.HasAddon(script.extendedinfo)</visible>
						</item>	
						<item id="3">
							<label>206</label> <!-- Cast -->
							<onclick condition="Window.IsVisible(10146)">SendClick(10146,12)</onclick>
							<onclick condition="Window.IsVisible(10602)">SendClick(10602,5)</onclick>
							<onclick condition="Window.IsVisible(12003)">SendClick(12003,8)</onclick>
							<visible>Window.IsVisible(12003)</visible>
							<visible>System.HasAddon(script.extendedinfo)</visible>
							<property name="MenuID">Cast</property>
						</item>		
						<item id="3">
							<label>182</label> <!-- Tracks -->
							<onclick condition="Window.IsVisible(10146)">SendClick(10146,12)</onclick>
							<onclick condition="Window.IsVisible(10602)">SendClick(10602,5)</onclick>
							<onclick condition="Window.IsVisible(12003)">SendClick(12003,8)</onclick>
							<visible>Window.IsVisible(12001) + !Container.Content(artists)</visible>
						</item>				
						<item id="4">
							<label>207</label> <!-- Plot -->
							<onclick condition="Window.IsVisible(10146)">SendClick(10146,12)</onclick>
							<onclick condition="Window.IsVisible(10602)">SendClick(10602,5)</onclick>
							<onclick condition="Window.IsVisible(12003)">SendClick(12003,8)</onclick>
							<visible>[Window.IsVisible(12003) | Window.IsActive(10602) | Window.IsActive(10142) | Window.IsActive(10146) | Window.IsActive(pvrrecordinginfo)] + !Window.IsActive(visualisation)</visible>
						</item>
						<item id="4">
							<label>21891</label> <!-- Artist Description -->
							<onclick condition="Window.IsVisible(10146)">SendClick(10146,12)</onclick>
							<onclick condition="Window.IsVisible(10602)">SendClick(10602,5)</onclick>
							<onclick condition="Window.IsVisible(12003)">SendClick(12003,8)</onclick>
							<visible>[Window.IsVisible(12001) | Window.IsVisible(10135) | Window.IsActive(visualisation)] + !Container.Content(albums)</visible>
						</item>			
						<item id="4">
							<label>10523</label> <!-- Album Description -->
							<onclick condition="Window.IsVisible(10146)">SendClick(10146,12)</onclick>
							<onclick condition="Window.IsVisible(10602)">SendClick(10602,5)</onclick>
							<onclick condition="Window.IsVisible(12003)">SendClick(12003,8)</onclick>
							<visible>[Window.IsVisible(12001) | Window.IsVisible(10135) | Window.IsActive(visualisation)] + !Container.Content(artists)</visible>
						</item>
						<item id="5">
							<label>209</label> <!-- Plot -->
							<onclick condition="Window.IsVisible(10146)">SendClick(10146,12)</onclick>
							<onclick condition="Window.IsVisible(10602)">SendClick(10602,5)</onclick>
							<onclick condition="Window.IsVisible(12003)">SendClick(12003,8)</onclick>
							<visible>Window.IsActive(10602)</visible>
						</item>						
						<item id="6">
							<label>20339</label> <!-- Director -->
							<onclick condition="Window.IsVisible(10146)">SendClick(10146,12)</onclick>
							<onclick condition="Window.IsVisible(10602)">SendClick(10602,5)</onclick>
							<onclick condition="Window.IsVisible(12003)">SendClick(12003,8)</onclick>
							<visible>!IsEmpty(ListItem.Director)</visible>
							<visible>System.HasAddon(script.extendedinfo)</visible>
							<property name="MenuID">Director</property>
						</item>
						<item id="7">
							<label>$ADDON[script.extendedinfo 32069]</label> <!-- Similar -->
							<onclick condition="Window.IsVisible(10146)">SendClick(10146,12)</onclick>
							<onclick condition="Window.IsVisible(10602)">SendClick(10602,5)</onclick>
							<onclick condition="Window.IsVisible(12003)">SendClick(12003,8)</onclick>
							<visible>!IsEmpty(ListItem.Director)</visible>
							<visible>System.HasAddon(script.extendedinfo)</visible>
							<property name="MenuID">Similar</property>
						</item>		
					</content>
				</control>

				<!-- Progress (EPG) -->
				<control type="group">
					<left>24</left>
					<top>214</top>
					<height>308</height>
					<width>588</width>
					<visible>ListItem.HasEpg + !Window.IsVisible(10142)</visible>
					
					<control type="image">
						<left>20</left>
						<top>20</top>
						<width>80</width>
						<height>80</height>
						<align>center</align>
						<aspectratio>keep</aspectratio>
						<texture colordiffuse="$INFO[Skin.String(Color.DIATxtNF)]">osd/clock.png</texture>
					</control>
					<control type="label">
						<left>142</left>
						<top>20</top>
						<width>400</width>
						<height>50</height>
						<align>left</align>
						<aligny>center</aligny>
						<font>Font27</font>
						<textcolor>$INFO[Skin.String(Color.DIATxtNF)]</textcolor>
						<label>$INFO[ListItem.StartTime] / $INFO[ListItem.EndTime]</label>
					</control>
					<control type="progress" id="1">
						<left>142</left>
						<top>80</top>
						<width>400</width>
						<height>10</height>
						<info>ListItem.Progress</info>
						<texturebg colordiffuse="$INFO[Skin.String(Color.DIATxtNF)]">common/white.png</texturebg>
						<lefttexture>-</lefttexture>
						<midtexture colordiffuse="$VAR[CategoryColor3]">common/white.png</midtexture>
						<righttexture>-</righttexture>
						<overlaytexture>-</overlaytexture>
					</control>						
				</control>			
					
				<!-- Progress (Playing video) -->
				<control type="group">
					<left>24</left>
					<top>214</top>
					<height>308</height>
					<width>588</width>
					<visible>Window.IsVisible(10142)</visible>
					
					<control type="image">
						<left>20</left>
						<top>20</top>
						<width>80</width>
						<height>80</height>
						<align>center</align>
						<aspectratio>keep</aspectratio>
						<texture colordiffuse="$INFO[Skin.String(Color.DIATxtNF)]">osd/clock.png</texture>
					</control>
					<control type="label">
						<left>142</left>
						<top>20</top>
						<width>400</width>
						<height>50</height>
						<align>left</align>
						<aligny>center</aligny>
						<font>Font27</font>
						<textcolor>$INFO[Skin.String(Color.DIATxtNF)]</textcolor>
						<label>$INFO[VideoPlayer.Time] / $INFO[VideoPlayer.Duration]</label>
					</control>
					<control type="progress" id="1">
						<left>142</left>
						<top>80</top>
						<width>400</width>
						<height>10</height>
						<info>Player.Progress</info>
						<texturebg colordiffuse="$INFO[Skin.String(Color.DIATxtNF)]">common/white.png</texturebg>
						<lefttexture>-</lefttexture>
						<midtexture colordiffuse="$VAR[CategoryColor3]">common/white.png</midtexture>
						<righttexture>-</righttexture>
						<overlaytexture>-</overlaytexture>
					</control>						
				</control>			

			</control>
			
			<!-- Bloc 2 -->
			<control type="group">
				<visible>!Window.IsVisible(10106)</visible>
				<left>$PARAM[DIAB2PosX]</left>
				<top>$PARAM[DIAB2PosY]</top>
				<width>$PARAM[DIAB2SizeX]</width>
				<height>$PARAM[DIAB2SizeY]</height>

				<control type="list" id="301">
					<left>24</left>
					<top>24</top>
					<onup>noop</onup>
					<ondown>noop</ondown>
					<onright>noop</onright>
					<onleft>300</onleft>
					<height>305</height>
					<width>588</width>
					<scrolltime>200</scrolltime>
					<orientation>vertical</orientation>
					<visible>StringCompare(Container(300).ListItem.Label,$LOCALIZE[33061])</visible>
					<animation effect="fade" start="0" end="100" time="100" reversible="true">VisibleChange</animation>				

					<itemlayout width="588" height="61">
						<control type="image">
							<left>10</left>
							<top>10</top>
							<width>40</width>
							<height>40</height>
							<align>center</align>
							<texture colordiffuse="$INFO[Skin.String(Color.DIATxtNF)]">$INFO[ListItem.Icon]</texture>
						</control>
						<control type="label">
							<top>0</top>
							<left>80</left>
							<width>508</width>
							<height>60</height>
							<align>left</align>
							<font>Font27</font>
							<scroll>True</scroll>
							<textcolor>$INFO[Skin.String(Color.DIATxtNF)]</textcolor>
							<label>$INFO[ListItem.Label]</label>
						</control>
					</itemlayout>
					
					<focusedlayout width="588" height="61">
						<control type="group">
							<visible>Control.HasFocus(300)</visible>
							<control type="image">
								<left>10</left>
								<top>10</top>
								<width>40</width>
								<height>40</height>
								<align>center</align>
								<texture colordiffuse="$INFO[Skin.String(Color.DIATxtNF)]">$INFO[ListItem.Icon]</texture>
							</control>
							<control type="label">
								<top>0</top>
								<left>80</left>
								<width>508</width>
								<height>60</height>
								<align>left</align>
								<font>Font27</font>
								<scroll>True</scroll>
								<textcolor>$INFO[Skin.String(Color.DIATxtNF)]</textcolor>
								<label>$INFO[ListItem.Label]</label>
							</control>							
						</control>
						<control type="group">
							<visible>!Control.HasFocus(300)</visible>
							<control type="image">
								<left>0</left>
								<top>0</top>
								<width>588</width>
								<height>60</height>
								<align>center</align>
								<texture colordiffuse="$VAR[CategoryColor3]">common/white.png</texture>
							</control>
							<control type="image">
								<left>10</left>
								<top>10</top>
								<width>40</width>
								<height>40</height>
								<align>center</align>
								<texture colordiffuse="$INFO[Skin.String(Color.DIATxtF)]">$INFO[ListItem.Icon]</texture>
							</control>
							<control type="label">
								<top>0</top>
								<left>80</left>
								<width>508</width>
								<height>60</height>
								<align>left</align>
								<font>Font27</font>
								<scroll>True</scroll>
								<textcolor>$INFO[Skin.String(Color.DIATxtF)]</textcolor>
								<label>$INFO[ListItem.Label]</label>
							</control>
						</control>
					</focusedlayout>		
					
					<content>
						<include condition="Window.IsVisible(12003)">VideoInfoList</include>
						<include condition="Window.IsVisible(12001)">AlbumInfoList</include>
						<include condition="Window.IsVisible(10135)">SongInfoList</include>
						<include condition="Window.IsVisible(10602)">PVRGuideInfoList</include>
						<include condition="Window.IsVisible(10142)">FullscreenInfoList</include>
						<include condition="Window.IsVisible(10146)">AddonInfoList</include>
						<include condition="Window.IsVisible(10603)">RecordingInfoList</include>
					</content>
				</control>

				<control type="panel" id="99">
					<left>24</left>
					<top>24</top>
					<onup>noop</onup>
					<ondown>noop</ondown>
					<onright>noop</onright>
					<onleft>300</onleft>
					<scrolltime>200</scrolltime>
					<orientation>horizontal</orientation>
					<visible>StringCompare(Container(300).ListItem.Label,$LOCALIZE[33029]) + Window.IsVisible(10139)</visible>
					<animation effect="fade" start="0" end="100" time="100" reversible="true">VisibleChange</animation>				

					<itemlayout width="612" height="51">
						<control type="label">
							<top>0</top>
							<left>0</left>
							<width>588</width>
							<height>50</height>
							<align>center</align>
							<font>Font27</font>
							<scroll>True</scroll>
							<textcolor>$INFO[Skin.String(Color.DIATxtNF)]</textcolor>
							<label>[B]$INFO[ListItem.Label2][/B] $INFO[ListItem.Label]</label>
							<visible>!IsEmpty(ListItem.Label)</visible>
						</control>
					</itemlayout>

					<focusedlayout width="612" height="51">
						<control type="label">
							<top>0</top>
							<left>0</left>
							<width>588</width>
							<height>50</height>
							<align>center</align>
							<font>Font27</font>
							<scroll>True</scroll>
							<textcolor>$VAR[CategoryColor3]</textcolor>
							<label>[B]$INFO[ListItem.Label2][/B] $INFO[ListItem.Label]</label>
							<visible>!IsEmpty(ListItem.Label)</visible>
						</control>
					</focusedlayout>

					<content>	
						<item>
							<label>$INFO[ListItem.PictureAperture]</label>
							<label2>21826</label2>
							<onclick>noop</onclick>
							<visible>!IsEmpty(ListItem.PictureAperture)</visible>
						</item>	
						<item>
							<label>$INFO[ListItem.PictureAuthor]</label>
							<label2>21863</label2>
							<onclick>noop</onclick>
							<visible>!IsEmpty(ListItem.PictureAuthor)</visible>
						</item>		
						<item>
							<label>$INFO[ListItem.PictureBylineTitle]</label>
							<label2>21868</label2>
							<onclick>noop</onclick>
							<visible>!IsEmpty(ListItem.PictureBylineTitle)</visible>
						</item>
						<item>
							<label>$INFO[ListItem.PictureCamMake]</label>
							<label2>21822</label2>
							<onclick>noop</onclick>
							<visible>!IsEmpty(ListItem.PictureCamMake)</visible>
						</item>		
						<item>
							<label>$INFO[ListItem.PictureCamModel]</label>
							<label2>21823</label2>
							<onclick>noop</onclick>
							<visible>!IsEmpty(ListItem.PictureCamModel)</visible>
						</item>		
						<item>
							<label>$INFO[ListItem.PictureCaption]</label>
							<label2>21862</label2>
							<onclick>noop</onclick>
							<visible>!IsEmpty(ListItem.PictureCaption)</visible>
						</item>		
						<item>
							<label>$INFO[ListItem.PictureCategory]</label>
							<label2>21866</label2>
							<onclick>noop</onclick>
							<visible>!IsEmpty(ListItem.PictureCategory)</visible>
						</item>		
						<item>
							<label>$INFO[ListItem.PictureCCDWidth]</label>
							<label2>557</label2>
							<onclick>noop</onclick>
							<visible>!IsEmpty(ListItem.PictureCCDWidth)</visible>
						</item>		
						<item>
							<label>$INFO[ListItem.PictureCity]</label>
							<label2>21873</label2>
							<onclick>noop</onclick>
							<visible>!IsEmpty(ListItem.PictureCity)</visible>
						</item>		
						<item>
							<label>$INFO[ListItem.PictureColour]</label>
							<label2>737</label2>
							<onclick>noop</onclick>
							<visible>!IsEmpty(ListItem.PictureColour)</visible>
						</item>		
						<!--item>
							<label>$INFO[ListItem.PictureComment]</label>
							<label2>557</label2>
							<onclick>noop</onclick>
							<visible>!IsEmpty(ListItem.PictureComment)</visible>
						</item-->		
						<item>
							<label>$INFO[ListItem.PictureCopyrightNotice]</label>
							<label2>21871</label2>
							<onclick>noop</onclick>
							<visible>!IsEmpty(ListItem.PictureCopyrightNotice)</visible>
						</item>		
						<item>
							<label>$INFO[ListItem.PictureCountry]</label>
							<label2>21875</label2>
							<onclick>noop</onclick>
							<visible>!IsEmpty(ListItem.PictureCountry)</visible>
						</item>		
						<item>
							<label>$INFO[ListItem.PictureCredit]</label>
							<label2>21869</label2>
							<onclick>noop</onclick>
							<visible>!IsEmpty(ListItem.PictureCredit)</visible>
						</item>		
						<!--item>
							<label>$INFO[ListItem.PictureDate]</label>
							<label2>557</label2>
							<onclick>noop</onclick>
							<visible>!IsEmpty(ListItem.PictureDate)</visible>
						</item-->		
						<item>
							<label>$INFO[ListItem.PictureDatetime]</label>
							<label2>21820</label2>
							<onclick>noop</onclick>
							<visible>!IsEmpty(ListItem.PictureDatetime)</visible>
						</item>		
						<!--item>
							<label>$INFO[ListItem.PictureDesc]</label>
							<label2>21821</label2>
							<onclick>noop</onclick>
							<visible>!IsEmpty(ListItem.PictureDesc)</visible>
						</item-->		
						<item>
							<label>$INFO[ListItem.PictureDigitalZoom]</label>
							<label2>21838</label2>
							<onclick>noop</onclick>
							<visible>!IsEmpty(ListItem.PictureDigitalZoom)</visible>
						</item>		
						<item>
							<label>$INFO[ListItem.PictureExpMode]</label>
							<label2>21832</label2>
							<onclick>noop</onclick>
							<visible>!IsEmpty(ListItem.PictureExpMode)</visible>
						</item>		
						<item>
							<label>$INFO[ListItem.PictureExposure]</label>
							<label2>21829</label2>
							<onclick>noop</onclick>
							<visible>!IsEmpty(ListItem.PictureExposure)</visible>
						</item>		
						<item>
							<label>$INFO[ListItem.PictureExposureBias]</label>
							<label2>21831</label2>
							<onclick>noop</onclick>
							<visible>!IsEmpty(ListItem.PictureExposureBias)</visible>
						</item>		
						<item>
							<label>$INFO[ListItem.PictureExpTime]</label>
							<label2>21830</label2>
							<onclick>noop</onclick>
							<visible>!IsEmpty(ListItem.PictureExpTime)</visible>
						</item>		
						<item>
							<label>$INFO[ListItem.PictureFlashUsed]</label>
							<label2>21833</label2>
							<onclick>noop</onclick>
							<visible>!IsEmpty(ListItem.PictureFlashUsed)</visible>
						</item>		
						<item>
							<label>$INFO[ListItem.PictureFocalLen]</label>
							<label2>21827</label2>
							<onclick>noop</onclick>
							<visible>!IsEmpty(ListItem.PictureFocalLen)</visible>
						</item>		
						<item>
							<label>$INFO[ListItem.PictureFocusDist]</label>
							<label2>21828</label2>
							<onclick>noop</onclick>
							<visible>!IsEmpty(ListItem.PictureFocusDist)</visible>
						</item>		
						<item>
							<label>$INFO[ListItem.PictureGPSLat]</label>
							<label2>21840</label2>
							<onclick>noop</onclick>
							<visible>!IsEmpty(ListItem.PictureGPSLat)</visible>
						</item>		
						<item>
							<label>$INFO[ListItem.PictureGPSLon]</label>
							<label2>21841</label2>
							<onclick>noop</onclick>
							<visible>!IsEmpty(ListItem.PictureGPSLon)</visible>
						</item>		
						<item>
							<label>$INFO[ListItem.PictureGPSAlt]</label>
							<label2>21842</label2>
							<onclick>noop</onclick>
							<visible>!IsEmpty(ListItem.PictureGPSAlt)</visible>
						</item>		
						<!--item>
							<label>$INFO[ListItem.PictureHeadline]</label>
							<label2>21864</label2>
							<onclick>noop</onclick>
							<visible>!IsEmpty(ListItem.PictureHeadline)</visible>
						</item-->		
						<item>
							<label>$INFO[ListItem.PictureImageType]</label>
							<label2>21858</label2>
							<onclick>noop</onclick>
							<visible>!IsEmpty(ListItem.PictureImageType)</visible>
						</item>		
						<!--item>
							<label>$INFO[ListItem.PictureIPTCDate]</label>
							<label2>557</label2>
							<onclick>noop</onclick>
							<visible>!IsEmpty(ListItem.PictureIPTCDate)</visible>
						</item>		
						<item>
							<label>$INFO[ListItem.PictureIPTCTime]</label>
							<label2>557</label2>
							<onclick>noop</onclick>
							<visible>!IsEmpty(ListItem.PictureIPTCTime)</visible>
						</item-->		
						<item>
							<label>$INFO[ListItem.PictureISO]</label>
							<label2>21837</label2>
							<onclick>noop</onclick>
							<visible>!IsEmpty(ListItem.PictureISO)</visible>
						</item>		
						<item>
							<label>$INFO[ListItem.PictureKeywords]</label>
							<label2>21861</label2>
							<onclick>noop</onclick>
							<visible>!IsEmpty(ListItem.PictureKeywords)</visible>
						</item>		
						<item>
							<label>$INFO[ListItem.PictureLightSource]</label>
							<label2>21835</label2>
							<onclick>noop</onclick>
							<visible>!IsEmpty(ListItem.PictureLightSource)</visible>
						</item>		
						<!--item>
							<label>$INFO[ListItem.PictureLongDate]</label>
							<label2>21820</label2>
							<onclick>noop</onclick>
							<visible>!IsEmpty(ListItem.PictureLongDate)</visible>
						</item>		
						<item>
							<label>$INFO[ListItem.PictureLongDatetime]</label>
							<label2>21820</label2>
							<onclick>noop</onclick>
							<visible>!IsEmpty(ListItem.PictureLongDatetime)</visible>
						</item-->		
						<item>
							<label>$INFO[ListItem.PictureMeteringMode]</label>
							<label2>21836</label2>
							<onclick>noop</onclick>
							<visible>!IsEmpty(ListItem.PictureMeteringMode)</visible>
						</item>		
						<item>
							<label>$INFO[ListItem.PictureObjectName]</label>
							<label2>21872</label2>
							<onclick>noop</onclick>
							<visible>!IsEmpty(ListItem.PictureObjectName)</visible>
						</item>		
						<item>
							<label>$INFO[ListItem.PictureOrientation]</label>
							<label2>21843</label2>
							<onclick>noop</onclick>
							<visible>!IsEmpty(ListItem.PictureOrientation)</visible>
						</item>		
						<item>
							<label>$INFO[ListItem.PicturePath]</label>
							<!--label2>21801</label2-->
							<onclick>noop</onclick>
							<visible>!IsEmpty(ListItem.PicturePath)</visible>
						</item>		
						<item>
							<label>$INFO[ListItem.PictureProcess]</label>
							<label2>21808</label2>
							<onclick>noop</onclick>
							<visible>!IsEmpty(ListItem.PictureProcess)</visible>
						</item>		
						<item>
							<label>$INFO[ListItem.PictureReferenceService]</label>
							<label2>21880</label2>
							<onclick>noop</onclick>
							<visible>!IsEmpty(ListItem.PictureReferenceService)</visible>
						</item>		
						<item>
							<label>$INFO[ListItem.PictureResolution]</label>
							<label2>21805</label2>
							<onclick>noop</onclick>
							<visible>!IsEmpty(ListItem.PictureResolution)</visible>
						</item>		
						<item>
							<label>$INFO[ListItem.PictureSource]</label>
							<label2>21870</label2>
							<onclick>noop</onclick>
							<visible>!IsEmpty(ListItem.PictureSource)</visible>
						</item>		
						<item>
							<label>$INFO[ListItem.PictureSpecialInstructions]</label>
							<label2>21865</label2>
							<onclick>noop</onclick>
							<visible>!IsEmpty(ListItem.PictureSpecialInstructions)</visible>
						</item>		
						<item>
							<label>$INFO[ListItem.PictureState]</label>
							<label2>21874</label2>
							<onclick>noop</onclick>
							<visible>!IsEmpty(ListItem.PictureState)</visible>
						</item>		
						<item>
							<label>$INFO[ListItem.PictureSublocation]</label>
							<label2>21857</label2>
							<onclick>noop</onclick>
							<visible>!IsEmpty(ListItem.PictureSublocation)</visible>
						</item>		
						<item>
							<label>$INFO[ListItem.PictureSupplementalCategories]</label>
							<label2>21860</label2>
							<onclick>noop</onclick>
							<visible>!IsEmpty(ListItem.PictureSupplementalCategories)</visible>
						</item>		
						<item>
							<label>$INFO[ListItem.PictureTransmissionReference]</label>
							<label2>21876</label2>
							<onclick>noop</onclick>
							<visible>!IsEmpty(ListItem.PictureTransmissionReference)</visible>
						</item>		
						<item>
							<label>$INFO[ListItem.PictureUrgency]</label>
							<label2>21878</label2>
							<onclick>noop</onclick>
							<visible>!IsEmpty(ListItem.PictureUrgency)</visible>
						</item>		
						<item>
							<label>$INFO[ListItem.PictureWhiteBalance]</label>
							<label2>21807</label2>
							<onclick>noop</onclick>
							<visible>!IsEmpty(ListItem.PictureWhiteBalance)</visible>
						</item>		
					</content>	

				</control>
			
				<control type="panel" id="99">
					<left>24</left>
					<top>24</top>
					<onup>noop</onup>
					<ondown>noop</ondown>
					<onright>noop</onright>
					<onleft>300</onleft>
					<scrolltime>200</scrolltime>
					<orientation>horizontal</orientation>
					<visible>StringCompare(Container(300).ListItem.Label,$LOCALIZE[33029]) + !Window.IsVisible(10139)</visible>
					<animation effect="fade" start="0" end="100" time="100" reversible="true">VisibleChange</animation>				

					<itemlayout width="612" height="51">
						<control type="label">
							<top>0</top>
							<left>0</left>
							<width>588</width>
							<height>50</height>
							<align>center</align>
							<font>Font27</font>
							<scroll>True</scroll>
							<textcolor>$INFO[Skin.String(Color.DIATxtNF)]</textcolor>
							<label>[B]$INFO[ListItem.Label][/B] $INFO[ListItem.Label2]</label>
						</control>
					</itemlayout>

					<focusedlayout width="612" height="51">
						<control type="label">
							<top>0</top>
							<left>0</left>
							<width>588</width>
							<height>50</height>
							<align>center</align>
							<font>Font27</font>
							<scroll>True</scroll>
							<textcolor>$VAR[CategoryColor3]</textcolor>
							<label>[B]$INFO[ListItem.Label][/B] $INFO[ListItem.Label2]</label>
						</control>
					</focusedlayout>

					<include condition="Window.IsVisible(12003)">VideoInfoDetail</include>
					<include condition="Window.IsVisible(12001)">AlbumInfoDetail</include>
					<include condition="Window.IsVisible(10135)">SongInfoDetail</include>
					<include condition="Window.IsVisible(10602)">PVRGuideInfoDetail</include>
					<include condition="Window.IsVisible(10142)">FullscreenInfoDetail</include>
					<include condition="Window.IsVisible(10146)">AddonInfoDetail</include>
					<include condition="Window.IsVisible(10603)">RecordingInfoDetail</include>

				</control>

				<!-- Cast -->
				<include name="DiaVideoCast" condition="StringCompare(Window(Home).Property(DialogPos),LEFT) | StringCompare(Window(Home).Property(DialogPos),RIGHT)">
					<param name="width" value="612" />
					<param name="height" value="664" />
				</include>	

				<include name="DiaVideoCast" condition="StringCompare(Window(Home).Property(DialogPos),TOP) | StringCompare(Window(Home).Property(DialogPos),BOTTOM)">
					<param name="width" value="1224" />
					<param name="height" value="332" />
				</include>		

				<include name="DiaAlbumTracks" condition="StringCompare(Window(Home).Property(DialogPos),LEFT) | StringCompare(Window(Home).Property(DialogPos),RIGHT)">
					<param name="width" value="612" />
					<param name="height" value="664" />
				</include>	

				<include name="DiaAlbumTracks" condition="StringCompare(Window(Home).Property(DialogPos),TOP) | StringCompare(Window(Home).Property(DialogPos),BOTTOM)">
					<param name="width" value="1224" />
					<param name="height" value="332" />
				</include>						

				<!-- Director -->
				<include name="DiaVideoExtended" condition="StringCompare(Window(Home).Property(DialogPos),LEFT) | StringCompare(Window(Home).Property(DialogPos),RIGHT)">
					<param name="width" value="612" />
					<param name="height" value="664" />
				</include>	

				<include name="DiaVideoExtended" condition="StringCompare(Window(Home).Property(DialogPos),TOP) | StringCompare(Window(Home).Property(DialogPos),BOTTOM)">
					<param name="width" value="1224" />
					<param name="height" value="332" />
				</include>		


				<!-- Plot -->
				<control type="grouplist">
					<left>24</left>
					<top>24</top>
					<itemgap>1</itemgap>
					<scrolltime tween="sine" easing="out">200</scrolltime>
					<orientation>vertical</orientation>
					<usecontrolcoords>false</usecontrolcoords>			
					<visible>StringCompare(Container(300).ListItem.Label,$LOCALIZE[207]) | StringCompare(Container(300).ListItem.Label,$LOCALIZE[21891]) | StringCompare(Container(300).ListItem.Label,$LOCALIZE[10523]) | StringCompare(Container(300).ListItem.Label,$LOCALIZE[209])</visible>
					<animation effect="fade" start="0" end="100" time="100" reversible="true">VisibleChange</animation>		
					<control type="textbox">
						<top>0</top>
						<left>0</left>
						<height>96</height>
						<textcolor>$INFO[Skin.String(Color.DIATitle)]</textcolor>
						<font>Font36</font>
						<align>center</align>
						<label fallback="1000">$VAR[InfoDIATitle]</label>
					</control>
					<control type="textbox">
						<top>0</top>
						<left>0</left>
						<height>$PARAM[DIAB2TextY]</height>			
						<textcolor>$INFO[Skin.String(Color.DIATxtNF)]</textcolor>
						<font>Font27</font>
						<align>center</align>
						<label fallback="19055">$VAR[InfoDIAPlot]</label>
					</control>
				</control>

			</control>

			<!-- Bloc 3 -->
			<control type="group">
				<left>$PARAM[DIAB3PosX]</left>
				<top>$PARAM[DIAB3PosY]</top>
				<height>356</height>
				<width>636</width>

				<control type="image">
					<top>24</top>
					<left>24</left>
					<height>308</height>
					<width>588</width>							
					<texture colordiffuse="$INFO[Skin.String(Color.DIATxtNF)]">$INFO[ListItem.Icon]</texture>
					<aspectratio aligny="center">keep</aspectratio>
					<visible>StringCompare(Container(300).ListItem.Label,$LOCALIZE[33061]) + SubString(ListItem.Icon,Default)</visible>
				</control>			
				<control type="image">
					<top>24</top>
					<left>24</left>
					<height>308</height>
					<width>588</width>							
					<texture colordiffuse="FFFFFFFF">$INFO[ListItem.Icon]</texture>
					<aspectratio aligny="center">keep</aspectratio>
					<visible>StringCompare(Container(300).ListItem.Label,$LOCALIZE[33061]) + !Window.IsVisible(10142) + !SubString(ListItem.Icon,Default)</visible>
				</control>				
				<control type="image">
					<top>24</top>
					<left>24</left>
					<height>308</height>
					<width>588</width>							
					<texture colordiffuse="FFFFFFFF">$INFO[VideoPlayer.Cover]</texture>
					<aspectratio aligny="center">keep</aspectratio>
					<visible>StringCompare(Container(300).ListItem.Label,$LOCALIZE[33061]) + Window.IsVisible(10142)</visible>
				</control>
				<control type="image">
					<top>24</top>
					<left>24</left>
					<height>308</height>
					<width>588</width>							
					<texture colordiffuse="FFFFFFFF">$INFO[MusicPlayer.Cover]</texture>
					<aspectratio aligny="center">keep</aspectratio>
					<visible>StringCompare(Container(300).ListItem.Label,$LOCALIZE[33061]) + Window.IsVisible(10142)</visible>
				</control>			
			</control>
		</control> 

	    <control type="button" id="51">
	        <visible allowhiddenfocus="true">false</visible>
	        <onright>Control.Move(50,1)</onright>
	        <onleft>Control.Move(50,-1)</onleft>
	        <onclick>RunScript(script.extendedinfo,info=extendedactorinfo,name=$INFO[Container(50).ListItem.Label])</onclick>
	    </control>
	</include>
	
	<include name="DiaVideoCast">  <!-- Video cast for DiaVideoInfos -->
		<control type="panel" id="50">
			<left>24</left>
			<top>24</top>
			<width>$PARAM[width]</width>
			<height>$PARAM[height]</height>
			<onup>noop</onup>
			<ondown>noop</ondown>
			<onright>noop</onright>
			<onleft>300</onleft>
			<orientation>horizontal</orientation>
			<scrolltime>100</scrolltime>
			<visible allowhiddenfocus="true">Window.IsVisible(12003) + StringCompare(Container(300).ListItem.Label,$LOCALIZE[206]) + !System.HasAddon(script.extendedinfo)</visible>
			<animation effect="fade" start="0" end="100" time="100" reversible="true">VisibleChange</animation>				

			<itemlayout width="204" height="332">
				<control type="image">
					<left>24</left>
					<top>52</top>
					<width>132</width>
					<height>132</height>
					<aspectratio>scale</aspectratio>
					<texture colordiffuse="$INFO[Skin.String(Color.DIATxtNF)]">$INFO[ListItem.ActualIcon]</texture>
				</control>				
				<control type="image">
					<width>180</width>
					<height>236</height>
					<aspectratio>scale</aspectratio>
					<texture>$INFO[ListItem.Art(thumb)]</texture>
				</control>
				<control type="label">
					<left>0</left>
					<top>248</top>
					<width>180</width>
					<height>38</height>
					<font>Font25</font>
					<align>center</align>
					<textcolor>$INFO[Skin.String(Color.DIATxtNF)]</textcolor>
					<label>$INFO[ListItem.Label]</label>
				</control>
				<control type="label">
					<left>0</left>
					<top>278</top>
					<width>180</width>
					<height>36</height>
					<font>FontSmallR</font>
					<align>center</align>
					<textcolor>$INFO[Skin.String(Color.DIATitle)]</textcolor>
					<label>$INFO[ListItem.Label2]</label>
				</control>
			</itemlayout>

			<focusedlayout width="204" height="332">
				<control type="image">
					<left>24</left>
					<top>52</top>
					<width>132</width>
					<height>132</height>
					<aspectratio>scale</aspectratio>
					<texture colordiffuse="$INFO[Skin.String(Color.DIATxtNF)]">$INFO[ListItem.ActualIcon]</texture>
				</control>						
				<control type="image">
					<width>180</width>
					<height>236</height>
					<colordiffuse>FFFFFFFF</colordiffuse>
					<aspectratio>scale</aspectratio>
					<texture>$INFO[ListItem.Art(thumb)]</texture>
				</control>
				<control type="label">
					<left>0</left>
					<top>248</top>
					<width>180</width>
					<height>38</height>
					<font>Font25</font>
					<align>center</align>
					<textcolor>$VAR[CategoryColor3]</textcolor>
					<label>$INFO[ListItem.Label]</label>
				</control>
				<control type="label">
					<left>0</left>
					<top>278</top>
					<width>180</width>
					<height>36</height>
					<font>FontSmallR</font>
					<align>center</align>
					<textcolor>$VAR[CategoryColor3]</textcolor>
					<label>$INFO[ListItem.Label2]</label>
				</control>
			</focusedlayout>
		</control>
	</include>

	<include name="DiaVideoExtended">  <!-- Video director for DiaVideoInfos -->
		<control type="group">
			<animation effect="fade" start="100" end="0" time="0" reversible="true" condition="Container(70).IsUpdating">Conditional</animation>
			<control type="panel" id="70">
				<left>24</left>
				<top>24</top>
				<width>$PARAM[width]</width>
				<height>$PARAM[height]</height>
				<onup>noop</onup>
				<ondown>noop</ondown>
				<onright>noop</onright>
				<onleft>300</onleft>
				<orientation>horizontal</orientation>
				<scrolltime>100</scrolltime>
				<visible>Window.IsVisible(12003) + System.HasAddon(script.extendedinfo)</visible>
				<animation effect="fade" start="0" end="100" time="100" reversible="true">VisibleChange</animation>				

				<itemlayout width="204" height="332">
					<control type="image">
						<left>24</left>
						<top>52</top>
						<width>132</width>
						<height>132</height>
						<aspectratio>scale</aspectratio>
						<texture colordiffuse="$INFO[Skin.String(Color.DIATxtNF)]">$VAR[ExtendedFallback]</texture>
					</control>				
					<control type="image">
						<width>180</width>
						<height>236</height>
						<aspectratio>scale</aspectratio>
						<texture>$INFO[ListItem.Art(thumb)]</texture>
					</control>
					<control type="label">
						<left>0</left>
						<top>248</top>
						<width>180</width>
						<height>38</height>
						<font>Font25</font>
						<align>center</align>
						<textcolor>$INFO[Skin.String(Color.DIATxtNF)]</textcolor>
						<label>$INFO[ListItem.Label]</label>
					</control>
					<control type="label">
						<left>0</left>
						<top>278</top>
						<width>180</width>
						<height>36</height>
						<font>FontSmallR</font>
						<align>center</align>
						<textcolor>$INFO[Skin.String(Color.DIATitle)]</textcolor>
						<label>$INFO[ListItem.Label2]</label>
					</control>
				</itemlayout>

				<focusedlayout width="204" height="332">
					<control type="image">
						<left>24</left>
						<top>52</top>
						<width>132</width>
						<height>132</height>
						<aspectratio>scale</aspectratio>
						<texture colordiffuse="$INFO[Skin.String(Color.DIATxtNF)]">$VAR[ExtendedFallback]</texture>
					</control>						
					<control type="image">
						<width>180</width>
						<height>236</height>
						<colordiffuse>FFFFFFFF</colordiffuse>
						<aspectratio>scale</aspectratio>
						<texture>$INFO[ListItem.Art(thumb)]</texture>
					</control>
					<control type="label">
						<left>0</left>
						<top>248</top>
						<width>180</width>
						<height>38</height>
						<font>Font25</font>
						<align>center</align>
						<textcolor>$VAR[CategoryColor3]</textcolor>
						<label>$INFO[ListItem.Label]</label>
					</control>
					<control type="label">
						<left>0</left>
						<top>278</top>
						<width>180</width>
						<height>36</height>
						<font>FontSmallR</font>
						<align>center</align>
						<textcolor>$VAR[CategoryColor3]</textcolor>
						<label>$INFO[ListItem.Label2]</label>
					</control>
				</focusedlayout>
				<content>$VAR[ExtendedContent]</content>
			</control>
		</control>
		<control type="label" id="71">
			<left>24</left>
			<top>24</top>
			<width>$PARAM[width]</width>
			<height>$PARAM[height]</height>
			<align>center</align>
			<aligny>center</aligny>
			<font>Font36</font>
			<label>Loading...</label>
			<visible>Window.IsVisible(12003) + StringCompare(Container(300).ListItem.Property(MenuID),Cast) + Container(70).IsUpdating</visible>
			<animation effect="fade" start="100" end="0" time="400" reversible="true" pulse="true" condition="true">Conditional</animation>	
		</control>
	</include>

	<include name="DiaAlbumTracks">  <!-- Tracks for DiaAlbumInfos -->
		<control type="panel" id="50">
			<left>24</left>
			<top>24</top>
			<width>$PARAM[width]</width>
			<height>$PARAM[height]</height>
			<onup>noop</onup>
			<ondown>noop</ondown>
			<onright>noop</onright>
			<onleft>300</onleft>
			<orientation>horizontal</orientation>
			<scrolltime>100</scrolltime>
			<visible>Window.IsVisible(12001) + StringCompare(Container(300).ListItem.Label,$LOCALIZE[182])</visible>
			<animation effect="fade" start="0" end="100" time="100" reversible="true">VisibleChange</animation>				

			<itemlayout width="612" height="102">
				<control type="image">
					<left>0</left>
					<top>0</top>
					<width>78</width>
					<height>78</height>
					<aspectratio>scale</aspectratio>
					<texture colordiffuse="$INFO[Skin.String(Color.DIATxtNF)]">DefaultAddonAlbumInfo.png</texture>
				</control>				
				<control type="image">
					<width>180</width>
					<height>236</height>
					<aspectratio>scale</aspectratio>
					<texture>$INFO[ListItem.Art(thumb)]</texture>
				</control>
				<control type="label">
					<left>102</left>
					<top>0</top>
					<width>486</width>
					<height>50</height>
					<font>Font25</font>
					<align>left</align>
					<textcolor>$INFO[Skin.String(Color.DIATitle)]</textcolor>
					<label>$INFO[ListItem.Label]</label>
				</control>				
				<control type="label">
					<left>102</left>
					<top>15</top>
					<width>486</width>
					<height>75</height>
					<font>FontSmallR</font>
					<align>left</align>
					<textcolor>$INFO[Skin.String(Color.DIATxtNF)]</textcolor>
					<label>$INFO[ListItem.TrackNumber,$LOCALIZE[554] ,]</label>
				</control>
			</itemlayout>

			<focusedlayout width="612" height="102">
				<control type="image">
					<left>0</left>
					<top>0</top>
					<width>78</width>
					<height>78</height>
					<aspectratio>scale</aspectratio>
					<texture colordiffuse="$INFO[Skin.String(Color.DIATxtNF)]">DefaultAddonAlbumInfo.png</texture>
				</control>							
				<control type="image">
					<width>180</width>
					<height>236</height>
					<colordiffuse>FFFFFFFF</colordiffuse>
					<aspectratio>scale</aspectratio>
					<texture>$INFO[ListItem.Icon]</texture>
				</control>
				<control type="label">
					<left>102</left>
					<top>0</top>
					<width>486</width>
					<height>50</height>
					<font>Font25</font>
					<align>left</align>
					<textcolor>$VAR[CategoryColor3]</textcolor>
					<label>$INFO[ListItem.Label]</label>
				</control>				
				<control type="label">
					<left>102</left>
					<top>15</top>
					<width>486</width>
					<height>75</height>
					<font>FontSmallR</font>
					<align>left</align>
					<textcolor>$VAR[CategoryColor3]</textcolor>
					<label>$INFO[ListItem.TrackNumber,$LOCALIZE[554] ,]</label>
				</control>				
			</focusedlayout>
		</control>
	</include>	

	<include name="RecordingInfoList">
		<!-- OK -->
		<item>
			<label>186</label>
			<icon>material/radioon.png</icon>
			<onclick>SendClick(10603,10)</onclick>
		</item>
	</include>			

	<include name="AddonInfoList">
		<!-- Launch Addon Button -->
		<item>
			<label>518</label>
			<icon>material/play.png</icon>
			<onclick>SendClick(10146,12)</onclick>
			<visible>Control.IsEnabled(12)</visible>
		</item>
		<!-- Configure Addon Button -->
		<item>
			<label>24020</label>
			<icon>DefaultAddonService.png</icon>
			<onclick>SendClick(10146,9)</onclick>
			<visible>Control.IsEnabled(9)</visible>
		</item>
		<!-- Update Addon Button -->
		<item>
			<label>24069</label>
			<icon>material/update.png</icon>
			<onclick>SendClick(10146,8)</onclick>
			<visible>Control.IsEnabled(8)</visible>
		</item>
		<!-- Install/UnInstall Addon button -->
		<item>
			<label fallback="20186">$INFO[Control.GetLabel(6)]</label>
			<icon>DefaultAddonLibrary.png</icon>
			<onclick>SendClick(10146,6)</onclick>
			<visible>Control.IsEnabled(6)</visible>
		</item>
		<!-- Enable/Disable Addon button -->
		<item>
			<label fallback="20186">$INFO[Control.GetLabel(7)]</label>
			<icon>addons.png</icon>
			<onclick>SendClick(10146,7)</onclick>
			<visible>Control.IsEnabled(7)</visible>
		</item>
		<!-- Auto Update -->
		<item>
			<label>$INFO[Control.GetLabel(13)]</label>
			<icon>material/update.png</icon>
			<onclick>Control.SetFocus(13)</onclick>
			<onclick>Select</onclick>
			<onclick>Control.SetFocus(301)</onclick>
			<visible>Control.IsEnabled(13)</visible>
		</item>
		<!-- Changelog Button -->
		<item>
			<label>24036</label>
			<icon>material/textbox.png</icon>
			<onclick>SendClick(10146,10)</onclick>
			<visible>Control.IsEnabled(10)</visible>
		</item>
	</include>		

	<include name="FullscreenInfoList">
		<!-- 3D -->
		<item>
			<label>36501</label>
			<icon>material/play.png</icon>
			<onclick>StereoMode</onclick>
			<visible>!ListItem.IsStereoscopic</visible>
		</item>
		<!-- videosettings -->
		<item>
			<label>291</label>
			<icon>osd/video.png</icon>
			<onclick>ActivateWindow(123)</onclick>
		</item>
		<!-- audiosettings -->
		<item>
			<label>292</label>
			<icon>osd/audio.png</icon>
			<onclick>ActivateWindow(124)</onclick>
		</item>
		<!-- Bookmarks -->				
		<item>
			<label>298</label>
			<icon>material/editlayer.png</icon>
			<onclick>ActivateWindow(125)</onclick>
			<visible>!VideoPlayer.Content(LiveTV) + !Window.IsVisible(musicosd)</visible>
		</item>
		<!-- subtitles -->
		<item>
			<label>287</label>
			<icon>DefaultAddonSubtitles.png</icon>
			<onclick>ActivateWindow(SubtitleSearch)</onclick>
			<visible>!VideoPlayer.Content(LiveTV) + !Window.IsVisible(musicosd)</visible>
		</item>
		<!-- channels -->
		<item>
			<label>19019</label>
			<icon>material/list.png</icon>
			<onclick>ActivateWindow(PVROSDChannels)</onclick>
			<visible>VideoPlayer.Content(LiveTV)</visible>
		</item>
		<!-- channelepg -->
		<item>
			<label>4</label>
			<icon>DefaultAddonPVRClient.png</icon>
			<onclick>ActivateWindow(Teletext)</onclick>
			<visible>VideoPlayer.Content(LiveTV)</visible>
		</item>		
		<!-- teletext -->
		<item>
			<label>23050</label>
			<icon>DefaultAddonTvInfo.png</icon>
			<onclick>ActivateWindow(PVROSDGuide)</onclick>
			<visible>VideoPlayer.Content(LiveTV)</visible>
		</item>		
		<!-- dvdmenu -->
		<item>
			<label>33061</label>
			<icon>material/artbox.png</icon>
			<onclick>ActivateWindow(ShowVideoMenu)</onclick>
			<visible>VideoPlayer.HasMenu</visible>
		</item>	
	</include>	


	<include name="VideoInfoList">
		<!-- Play -->
		<item>
			<label>208</label>
			<icon>material/play.png</icon>
			<onclick>SendClick(12003,8)</onclick>
			<visible>!ListItem.IsResumable</visible>
		</item>
		<!-- Resume -->
		<item>
			<label>13404</label>
			<icon>material/play.png</icon>
			<onclick>SendClick(12003,9)</onclick>
			<visible>ListItem.IsResumable</visible>
		</item>
		<!-- Trailer -->
		<item>
			<label>20410</label>
			<icon>material/videocam.png</icon>
			<onclick>SendClick(12003,11)</onclick>
		</item>
		<!-- Similar -->		
		<item>
			<label>19003</label>
			<icon>material/search.png</icon>
			<onclick>SendClick(12003,13)</onclick>
		</item>
		<!-- Refresh -->				
		<item>
			<label>184</label>
			<icon>material/update.png</icon>
			<onclick>SendClick(12003,6)</onclick>
		</item>
		<!-- Choose Art -->
		<item>
			<label>13511</label>
			<icon>material/artbox.png</icon>
			<onclick>SendClick(12003,10)</onclick>
		</item>
		<!-- Extra Art -->
		<item>
			<label>31054</label>
			<icon>material/artbox.png</icon>
			<onclick condition="Container.Content(tvshows)">XBMC.RunScript(script.artwork.downloader, mode=gui, mediatype=tvshow, dbid=$INFO[ListItem.DBID])</onclick>
			<onclick condition="Container.Content(movies)">XBMC.RunScript(script.artwork.downloader, mode=gui, mediatype=movie, dbid=$INFO[ListItem.DBID])</onclick>
			<visible>System.HasAddon(script.artwork.downloader) + [Container.Content(movies) | Container.Content(tvshows)]</visible>
		</item>
	</include>	

	<include name="PVRGuideInfoList">
		<!-- Switch Channel -->
		<item>
			<label>19165</label>
			<icon>material/play.png</icon>
			<onclick>SendClick(10602,5)</onclick>
		</item>
		<!-- Record -->
		<item>
			<label>264</label>
			<icon>DefaultAddonAudioEncoder.png</icon>
			<onclick>SendClick(10602,6)</onclick>
		</item>
		<!-- OK -->
		<item>
			<label>186</label>
			<icon>material/radioon.png</icon>
			<onclick>SendClick(10602,7)</onclick>
		</item>
	</include>		

	<include name="AlbumInfoList">
		<!-- Refresh Button -->
		<item>
			<label>184</label>
			<icon>material/update.png</icon>
			<onclick>SendClick(12001,6)</onclick>
		</item>
		<!-- Get Thumb Button -->
		<item>
			<label>13511</label>
			<icon>material/artbox.png</icon>
			<onclick>SendClick(12001,10)</onclick>
		</item>
		<!-- Last.FM Channel -->
		<item>
			<label>19183</label>
			<icon>material/radio.png</icon>
			<onclick>SendClick(12001,11)</onclick>
		</item>				
		<!-- Fanart Button -->
		<item>
			<label>20413</label>
			<icon>material/artbox.png</icon>
			<onclick>SendClick(12001,12)</onclick>
		</item>				
	</include>

	<include name="SongInfoList">
		<!-- Increase Rating -->
		<item>
			<icon>material/cursorup.png</icon>
			<label>31055</label>
			<onclick>IncreaseRating</onclick>
		</item>
		<!-- Decrease Rating -->
		<item>
			<icon>material/cursordown.png</icon>
			<label>31056</label>
			<onclick>DecreaseRating</onclick>
		</item>
		<!-- Album Info -->
		<item>
			<label>10523</label>
			<icon>material/info1.png</icon>
			<onclick>SendClick(10135,12)</onclick>
		</item>				
		<!-- Get Thumb Button -->
		<item>
			<label>13405</label>
			<icon>material/artbox.png</icon>
			<onclick>SendClick(10135,13)</onclick>
		</item>				
	</include>

	<include name="VideoInfoDetail">
		<content>
			<item>
				<label2>$INFO[ListItem.Year]</label2>
				<label>345</label>
				<onclick>noop</onclick>
				<visible>!IsEmpty(ListItem.Year)</visible>
			</item>
			<item>
				<label2>$INFO[ListItem.Duration]</label2>
				<label>180</label>
				<onclick>noop</onclick>
				<visible>!IsEmpty(ListItem.Duration)</visible>
			</item>
			<item>
				<label2>$INFO[ListItem.Album]</label2>
				<label>558</label>
				<onclick>noop</onclick>
				<visible>!IsEmpty(ListItem.Album)</visible>
			</item>				
			<item>
				<label2>$INFO[ListItem.Genre]</label2>
				<label>515</label>
				<onclick>noop</onclick>
				<visible>!IsEmpty(ListItem.Genre)</visible>
			</item>				
			<item>
				<label2>$INFO[ListItem.Director]</label2>
				<label>20339</label>
				<onclick>noop</onclick>
				<visible>!IsEmpty(ListItem.Director)</visible>
			</item>				
			<item>
				<label2>$INFO[ListItem.Writer]</label2>
				<label>20417</label>
				<onclick>noop</onclick>
				<visible>!IsEmpty(ListItem.Writer)</visible>
			</item>			
			<item>
				<label2>$INFO[ListItem.Studio]</label2>
				<label>572</label>
				<onclick>noop</onclick>
				<visible>!IsEmpty(ListItem.Studio)</visible>
			</item>			
			<item>
				<label2>$INFO[ListItem.RatingAndVotes]</label2>
				<label>563</label>
				<onclick>noop</onclick>
				<visible>!IsEmpty(ListItem.RatingAndVotes)</visible>
			</item>			
			<item>
				<label2>$INFO[ListItem.Mpaa]</label2>
				<label>20074</label>
				<onclick>noop</onclick>
				<visible>!IsEmpty(ListItem.Mpaa)</visible>
			</item>			
			<item>
				<label2>$INFO[ListItem.VideoResolution]</label2>
				<label>169</label>
				<onclick>noop</onclick>
				<visible>!IsEmpty(ListItem.VideoResolution)</visible>
			</item>		
			<item>
				<label2>$INFO[ListItem.VideoAspect]</label2>
				<label>21374</label>
				<onclick>noop</onclick>
				<visible>!IsEmpty(ListItem.VideoAspect)</visible>
			</item>		
			<item>
				<label2>$INFO[ListItem.VideoCodec]</label2>
				<label>21445</label>
				<onclick>noop</onclick>
				<visible>!IsEmpty(ListItem.VideoCodec)</visible>
			</item>	
			<item>
				<label2>$INFO[ListItem.AudioChannels]</label2>
				<label>21444</label>
				<onclick>noop</onclick>
				<visible>!IsEmpty(ListItem.AudioChannels)</visible>
			</item>	
			<item>
				<label2>$INFO[ListItem.AudioCodec]</label2>
				<label>21446</label>
				<onclick>noop</onclick>
				<visible>!IsEmpty(ListItem.AudioCodec)</visible>
			</item>	
			<item>
				<label2>$INFO[ListItem.AudioLanguage]</label2>
				<label>21447</label>
				<onclick>noop</onclick>
				<visible>!IsEmpty(ListItem.AudioLanguage)</visible>
			</item>	
			<item>
				<label2>$INFO[ListItem.SubtitleLanguage]</label2>
				<label>21448</label>
				<onclick>noop</onclick>
				<visible>!IsEmpty(ListItem.SubtitleLanguage)</visible>
			</item>
		</content>
	</include>

	<include name="SongInfoDetail">
		<content>
			<item id="1">
				<label2>$INFO[ListItem.Artist]</label2>
				<label>557</label>
				<onclick>noop</onclick>
				<visible>!IsEmpty(ListItem.Artist)</visible>
			</item>			
			<item id="2">
				<label2>$INFO[ListItem.Album]</label2>
				<label>558</label>
				<onclick>noop</onclick>
				<visible>!IsEmpty(ListItem.Album)</visible>
			</item>	
			<item id="3">
				<label2>$INFO[ListItem.Year]</label2>
				<label>562</label>
				<onclick>noop</onclick>
				<visible>!IsEmpty(ListItem.Year)</visible>
			</item>	
			<item id="4">
				<label2>$INFO[ListItem.Genre]</label2>
				<label>515</label>
				<onclick>noop</onclick>
				<visible>!IsEmpty(ListItem.Genre)</visible>
			</item>	
			<item id="5">
				<label2>$INFO[ListItem.TrackNumber]</label2>
				<label>554</label>
				<onclick>noop</onclick>
				<visible>!IsEmpty(ListItem.TrackNumber)</visible>
			</item>	
		</content>
	</include>	

	<include name="AlbumInfoDetail">
		<content>
			<item id="1">
				<label2>$INFO[ListItem.Artist]</label2>
				<label>557</label>
				<onclick>noop</onclick>
				<visible>!IsEmpty(ListItem.Artist)</visible>
			</item>			
			<item id="2">
				<label2>$INFO[ListItem.Year]</label2>
				<label>562</label>
				<onclick>noop</onclick>
				<visible>!IsEmpty(ListItem.Year)</visible>
			</item>			
			<item id="3">
				<label2>$INFO[ListItem.Genre]</label2>
				<label>515</label>
				<onclick>noop</onclick>
				<visible>!IsEmpty(ListItem.Genre)</visible>
			</item>			
			<item id="4">
				<label2>$INFO[ListItem.Property(Album_Type)]</label2>
				<label>146</label>
				<onclick>noop</onclick>
				<visible>!IsEmpty(ListItem.Property(Album_Type))</visible>
			</item>		
			<item id="5">
				<label2>$INFO[ListItem.Property(Album_Label)]</label2>
				<label>21899</label>
				<onclick>noop</onclick>
				<visible>!IsEmpty(ListItem.Property(Album_Label))</visible>
			</item>		
			<!--item id="6">
				<label2>$INFO[ListItem.Property(Album_Mood)]</label2>
				<label>175</label>
				<onclick>noop</onclick>
				<visible>!IsEmpty(ListItem.Property(Album_Mood))</visible>
			</item>		
			<item id="7">
				<label2>$INFO[ListItem.Property(Album_Style)]</label2>
				<label>176</label>
				<onclick>noop</onclick>
				<visible>!IsEmpty(ListItem.Property(Album_Style))</visible>
			</item>	
			<item id="8">
				<label2>$INFO[ListItem.Property(Album_Theme)]</label2>
				<label>21895</label>
				<onclick>noop</onclick>
				<visible>!IsEmpty(ListItem.Property(Album_Theme))</visible>
			</item-->	
			<item id="9">
				<label2>$INFO[ListItem.Property(Artist_Born)]</label2>
				<label>21893</label>
				<onclick>noop</onclick>
				<visible>!IsEmpty(ListItem.Property(Artist_Born))</visible>
			</item>	
			<item id="10">
				<label2>$INFO[ListItem.Property(Artist_Formed)]</label2>
				<label>21894</label>
				<onclick>noop</onclick>
				<visible>!IsEmpty(ListItem.Property(Artist_Formed))</visible>
			</item>	
			<item id="11">
				<label2>$INFO[ListItem.Property(Artist_Mood)]</label2>
				<label>175</label>
				<onclick>noop</onclick>
				<visible>!IsEmpty(ListItem.Property(Artist_Mood))</visible>
			</item>	
			<item id="12">
				<label2>$INFO[ListItem.Property(Artist_Style)]</label2>
				<label>176</label>
				<onclick>noop</onclick>
				<visible>!IsEmpty(ListItem.Property(Artist_Style))</visible>
			</item>	
			<item id="13">
				<label2>$INFO[ListItem.Property(Artist_Instrument)]</label2>
				<label>21892</label>
				<onclick>noop</onclick>
				<visible>!IsEmpty(ListItem.Property(Artist_Instrument))</visible>
			</item>	
			<item id="14">
				<label2>$INFO[ListItem.Property(Artist_Died)]</label2>
				<label>21897</label>
				<onclick>noop</onclick>
				<visible>!IsEmpty(ListItem.Property(Artist_Died))</visible>
			</item>	
			<item id="15">
				<label2>$INFO[ListItem.Property(Artist_YearsActive)]</label2>
				<label>652</label>
				<onclick>noop</onclick>
				<visible>!IsEmpty(ListItem.Property(Artist_YearsActive))</visible>
			</item>						
		</content>
	</include>

	<include name="PictureInfoDetail">
		<content>	
			<item>
				<label2>$INFO[ListItem.PictureAperture]</label2>
				<label>557</label>
				<onclick>noop</onclick>
				<visible>!IsEmpty(ListItem.PictureAperture)</visible>
			</item>	
			<item>
				<label2>$INFO[ListItem.PictureAuthor]</label2>
				<label>557</label>
				<onclick>noop</onclick>
				<visible>!IsEmpty(ListItem.PictureAuthor)</visible>
			</item>		
			<item>
				<label2>$INFO[ListItem.PictureBylineTitle]</label2>
				<label>557</label>
				<onclick>noop</onclick>
				<visible>!IsEmpty(ListItem.PictureBylineTitle)</visible>
			</item>
			<item>
				<label2>$INFO[ListItem.PictureCamMake]</label2>
				<label>557</label>
				<onclick>noop</onclick>
				<visible>!IsEmpty(ListItem.PictureCamMake)</visible>
			</item>		
			<item>
				<label2>$INFO[ListItem.PictureCamModel]</label2>
				<label>557</label>
				<onclick>noop</onclick>
				<visible>!IsEmpty(ListItem.PictureCamModel)</visible>
			</item>		
			<item>
				<label2>$INFO[ListItem.PictureCaption]</label2>
				<label>557</label>
				<onclick>noop</onclick>
				<visible>!IsEmpty(ListItem.PictureCaption)</visible>
			</item>		
			<item>
				<label2>$INFO[ListItem.PictureCategory]</label2>
				<label>557</label>
				<onclick>noop</onclick>
				<visible>!IsEmpty(ListItem.PictureCategory)</visible>
			</item>		
			<item>
				<label2>$INFO[ListItem.PictureCCDWidth]</label2>
				<label>557</label>
				<onclick>noop</onclick>
				<visible>!IsEmpty(ListItem.PictureCCDWidth)</visible>
			</item>		
			<item>
				<label2>$INFO[ListItem.PictureCity]</label2>
				<label>557</label>
				<onclick>noop</onclick>
				<visible>!IsEmpty(ListItem.PictureCity)</visible>
			</item>		
			<item>
				<label2>$INFO[ListItem.PictureColour]</label2>
				<label>557</label>
				<onclick>noop</onclick>
				<visible>!IsEmpty(ListItem.PictureColour)</visible>
			</item>		
			<item>
				<label2>$INFO[ListItem.PictureComment]</label2>
				<label>557</label>
				<onclick>noop</onclick>
				<visible>!IsEmpty(ListItem.PictureComment)</visible>
			</item>		
			<item>
				<label2>$INFO[ListItem.PictureCopyrightNotice]</label2>
				<label>557</label>
				<onclick>noop</onclick>
				<visible>!IsEmpty(ListItem.PictureCopyrightNotice)</visible>
			</item>		
			<item>
				<label2>$INFO[ListItem.PictureCountry]</label2>
				<label>557</label>
				<onclick>noop</onclick>
				<visible>!IsEmpty(ListItem.PictureCountry)</visible>
			</item>		
			<item>
				<label2>$INFO[ListItem.PictureCredit]</label2>
				<label>557</label>
				<onclick>noop</onclick>
				<visible>!IsEmpty(ListItem.PictureCredit)</visible>
			</item>		
			<item>
				<label2>$INFO[ListItem.PictureDate]</label2>
				<label>557</label>
				<onclick>noop</onclick>
				<visible>!IsEmpty(ListItem.PictureDate)</visible>
			</item>		
			<item>
				<label2>$INFO[ListItem.PictureDatetime]</label2>
				<label>557</label>
				<onclick>noop</onclick>
				<visible>!IsEmpty(ListItem.PictureDatetime)</visible>
			</item>		
			<item>
				<label2>$INFO[ListItem.PictureDesc]</label2>
				<label>557</label>
				<onclick>noop</onclick>
				<visible>!IsEmpty(ListItem.PictureDesc)</visible>
			</item>		
			<item>
				<label2>$INFO[ListItem.PictureDigitalZoom]</label2>
				<label>557</label>
				<onclick>noop</onclick>
				<visible>!IsEmpty(ListItem.PictureDigitalZoom)</visible>
			</item>		
			<item>
				<label2>$INFO[ListItem.PictureExpMode]</label2>
				<label>557</label>
				<onclick>noop</onclick>
				<visible>!IsEmpty(ListItem.PictureExpMode)</visible>
			</item>		
			<item>
				<label2>$INFO[ListItem.PictureExposure]</label2>
				<label>557</label>
				<onclick>noop</onclick>
				<visible>!IsEmpty(ListItem.PictureExposure)</visible>
			</item>		
			<item>
				<label2>$INFO[ListItem.PictureExposureBias]</label2>
				<label>557</label>
				<onclick>noop</onclick>
				<visible>!IsEmpty(ListItem.PictureExposureBias)</visible>
			</item>		
			<item>
				<label2>$INFO[ListItem.PictureExpTime]</label2>
				<label>557</label>
				<onclick>noop</onclick>
				<visible>!IsEmpty(ListItem.PictureExpTime)</visible>
			</item>		
			<item>
				<label2>$INFO[ListItem.PictureFlashUsed]</label2>
				<label>557</label>
				<onclick>noop</onclick>
				<visible>!IsEmpty(ListItem.PictureFlashUsed)</visible>
			</item>		
			<item>
				<label2>$INFO[ListItem.PictureFocalLen]</label2>
				<label>557</label>
				<onclick>noop</onclick>
				<visible>!IsEmpty(ListItem.PictureFocalLen)</visible>
			</item>		
			<item>
				<label2>$INFO[ListItem.PictureFocusDist]</label2>
				<label>557</label>
				<onclick>noop</onclick>
				<visible>!IsEmpty(ListItem.PictureFocusDist)</visible>
			</item>		
			<item>
				<label2>$INFO[ListItem.PictureGPSLat]</label2>
				<label>557</label>
				<onclick>noop</onclick>
				<visible>!IsEmpty(ListItem.PictureGPSLat)</visible>
			</item>		
			<item>
				<label2>$INFO[ListItem.PictureGPSLon]</label2>
				<label>557</label>
				<onclick>noop</onclick>
				<visible>!IsEmpty(ListItem.PictureGPSLon)</visible>
			</item>		
			<item>
				<label2>$INFO[ListItem.PictureGPSAlt]</label2>
				<label>557</label>
				<onclick>noop</onclick>
				<visible>!IsEmpty(ListItem.PictureGPSAlt)</visible>
			</item>		
			<item>
				<label2>$INFO[ListItem.PictureHeadline]</label2>
				<label>557</label>
				<onclick>noop</onclick>
				<visible>!IsEmpty(ListItem.PictureHeadline)</visible>
			</item>		
			<item>
				<label2>$INFO[ListItem.PictureImageType]</label2>
				<label>557</label>
				<onclick>noop</onclick>
				<visible>!IsEmpty(ListItem.PictureImageType)</visible>
			</item>		
			<item>
				<label2>$INFO[ListItem.PictureIPTCDate]</label2>
				<label>557</label>
				<onclick>noop</onclick>
				<visible>!IsEmpty(ListItem.PictureIPTCDate)</visible>
			</item>		
			<item>
				<label2>$INFO[ListItem.PictureIPTCTime]</label2>
				<label>557</label>
				<onclick>noop</onclick>
				<visible>!IsEmpty(ListItem.PictureIPTCTime)</visible>
			</item>		
			<item>
				<label2>$INFO[ListItem.PictureISO]</label2>
				<label>557</label>
				<onclick>noop</onclick>
				<visible>!IsEmpty(ListItem.PictureISO)</visible>
			</item>		
			<item>
				<label2>$INFO[ListItem.PictureKeywords]</label2>
				<label>557</label>
				<onclick>noop</onclick>
				<visible>!IsEmpty(ListItem.PictureKeywords)</visible>
			</item>		
			<item>
				<label2>$INFO[ListItem.PictureLightSource]</label2>
				<label>557</label>
				<onclick>noop</onclick>
				<visible>!IsEmpty(ListItem.PictureLightSource)</visible>
			</item>		
			<item>
				<label2>$INFO[ListItem.PictureLongDate]</label2>
				<label>557</label>
				<onclick>noop</onclick>
				<visible>!IsEmpty(ListItem.PictureLongDate)</visible>
			</item>		
			<item>
				<label2>$INFO[ListItem.PictureLongDatetime]</label2>
				<label>557</label>
				<onclick>noop</onclick>
				<visible>!IsEmpty(ListItem.PictureLongDatetime)</visible>
			</item>		
			<item>
				<label2>$INFO[ListItem.PictureMeteringMode]</label2>
				<label>557</label>
				<onclick>noop</onclick>
				<visible>!IsEmpty(ListItem.PictureMeteringMode)</visible>
			</item>		
			<item>
				<label2>$INFO[ListItem.PictureObjectName]</label2>
				<label>557</label>
				<onclick>noop</onclick>
				<visible>!IsEmpty(ListItem.PictureObjectName)</visible>
			</item>		
			<item>
				<label2>$INFO[ListItem.PictureOrientation]</label2>
				<label>557</label>
				<onclick>noop</onclick>
				<visible>!IsEmpty(ListItem.PictureOrientation)</visible>
			</item>		
			<item>
				<label2>$INFO[ListItem.PicturePath]</label2>
				<label>557</label>
				<onclick>noop</onclick>
				<visible>!IsEmpty(ListItem.PicturePath)</visible>
			</item>		
			<item>
				<label2>$INFO[ListItem.PictureProcess]</label2>
				<label>557</label>
				<onclick>noop</onclick>
				<visible>!IsEmpty(ListItem.PictureProcess)</visible>
			</item>		
			<item>
				<label2>$INFO[ListItem.PictureReferenceService]</label2>
				<label>557</label>
				<onclick>noop</onclick>
				<visible>!IsEmpty(ListItem.PictureReferenceService)</visible>
			</item>		
			<item>
				<label2>$INFO[ListItem.PictureResolution]</label2>
				<label>557</label>
				<onclick>noop</onclick>
				<visible>!IsEmpty(ListItem.PictureResolution)</visible>
			</item>		
			<item>
				<label2>$INFO[ListItem.PictureSource]</label2>
				<label>557</label>
				<onclick>noop</onclick>
				<visible>!IsEmpty(ListItem.PictureSource)</visible>
			</item>		
			<item>
				<label2>$INFO[ListItem.PictureSpecialInstructions]</label2>
				<label>557</label>
				<onclick>noop</onclick>
				<visible>!IsEmpty(ListItem.PictureSpecialInstructions)</visible>
			</item>		
			<item>
				<label2>$INFO[ListItem.PictureState]</label2>
				<label>557</label>
				<onclick>noop</onclick>
				<visible>!IsEmpty(ListItem.PictureState)</visible>
			</item>		
			<item>
				<label2>$INFO[ListItem.PictureSublocation]</label2>
				<label>557</label>
				<onclick>noop</onclick>
				<visible>!IsEmpty(ListItem.PictureSublocation)</visible>
			</item>		
			<item>
				<label2>$INFO[ListItem.PictureSupplementalCategories]</label2>
				<label>557</label>
				<onclick>noop</onclick>
				<visible>!IsEmpty(ListItem.PictureSupplementalCategories)</visible>
			</item>		
			<item>
				<label2>$INFO[ListItem.PictureTransmissionReference]</label2>
				<label>557</label>
				<onclick>noop</onclick>
				<visible>!IsEmpty(ListItem.PictureTransmissionReference)</visible>
			</item>		
			<item>
				<label2>$INFO[ListItem.PictureUrgency]</label2>
				<label>557</label>
				<onclick>noop</onclick>
				<visible>!IsEmpty(ListItem.PictureUrgency)</visible>
			</item>		
			<item>
				<label2>$INFO[ListItem.PictureWhiteBalance]</label2>
				<label>557</label>
				<onclick>noop</onclick>
				<visible>!IsEmpty(ListItem.PictureWhiteBalance)</visible>
			</item>		
			<item>
				<label2>$INFO[ListItem.Label]</label2>
				<label>557</label>
				<onclick>noop</onclick>
				<visible>!IsEmpty(ListItem.PictureWhiteBalance)</visible>
			</item>		
		</content>
	</include>

	<include name="PVRGuideInfoDetail">
		<content>
			<item id="1">
				<label2>$INFO[ListItem.StartDate]</label2>
				<label>142</label>
				<onclick>noop</onclick>
				<visible>!IsEmpty(ListItem.StartTime)</visible>
			</item>			
			<item id="2">
				<label2>$INFO[ListItem.StartTime]</label2>
				<label>142</label>
				<onclick>noop</onclick>
				<visible>!IsEmpty(ListItem.StartTime)</visible>
			</item>			
			<item id="3">
				<label2>$INFO[ListItem.EndTime]</label2>
				<label>142</label>
				<onclick>noop</onclick>
				<visible>!IsEmpty(ListItem.EndTime)</visible>
			</item>									
			<item id="4">
				<label2>$INFO[ListItem.Duration]</label2>
				<label>180</label>
				<onclick>noop</onclick>
				<visible>!IsEmpty(ListItem.Duration)</visible>
			</item>			
			<item id="5">
				<label2>$INFO[ListItem.ChannelName]</label2>
				<label>$INFO[ListItem.ChannelNumber,$LOCALIZE[19029]]</label>
				<onclick>noop</onclick>
				<visible>!IsEmpty(ListItem.ChannelName)</visible>
			</item>			
			<!--item id="6">
				<label2>$INFO[ListItem.ChannelNumber,$LOCALIZE[549] ,]</label2>
				<label>19148</label>
				<onclick>noop</onclick>
				<visible>!IsEmpty(ListItem.ChannelNumber)</visible>
			</item-->		
			<item id="7">
				<label2>$INFO[ListItem.ChannelGroup]</label2>
				<label>19141</label>
				<onclick>noop</onclick>
				<visible>!IsEmpty(ListItem.ChannelGroup)</visible>
			</item>		
			<!--item id="8">
				<label2>$INFO[ListItem.SubChannelNumber]</label2>
				<label>19148</label>
				<onclick>noop</onclick>
				<visible>!IsEmpty(ListItem.SubChannelNumber)</visible>
			</item>		
			<item id="9">
				<label2>$INFO[ListItem.ChannelNumberLabel]</label2>
				<label>19141</label>
				<onclick>noop</onclick>
				<visible>!IsEmpty(ListItem.ChannelNumberLabel)</visible>
			</item-->		
			<item id="10">
				<label2>$INFO[ListItem.Genre]</label2>
				<label>135</label>
				<onclick>noop</onclick>
				<visible>!IsEmpty(ListItem.Genre)</visible>
			</item>		
			<item id="11">
				<label2>$INFO[ListItem.NextTitle]</label2>
				<label>209</label>
				<onclick>noop</onclick>
				<visible>!IsEmpty(ListItem.NextTitle)</visible>
			</item>						
		</content>
	</include>	

	<include name="FullscreenInfoDetail">
		<content>
			<item>
				<label2>$INFO[VideoPlayer.ChannelName]</label2>
				<label>19029</label>
				<onclick>noop</onclick>
				<visible>!IsEmpty(VideoPlayer.ChannelName)</visible>
			</item>					
			<item>
				<label2>$INFO[VideoPlayer.Time]</label2>
				<label>575</label>
				<onclick>noop</onclick>
				<visible>!IsEmpty(VideoPlayer.Time)</visible>
			</item>		
			<item>
				<label2>$INFO[VideoPlayer.EndTime] $INFO[VideoPlayer.TimeRemaining,(,)]</label2>
				<label>19127</label>
				<onclick>noop</onclick>
				<visible>!IsEmpty(VideoPlayer.EndTime)</visible>
			</item>						
			<item>
				<label2>$INFO[VideoPlayer.Duration]</label2>
				<label>180</label>
				<onclick>noop</onclick>
				<visible>!IsEmpty(VideoPlayer.Duration)</visible>
			</item>			
			<item>
				<label2>$INFO[VideoPlayer.TVShowTitle]</label2>
				<label>180</label>
				<onclick>noop</onclick>
				<visible>!IsEmpty(VideoPlayer.TVShowTitle)</visible>
			</item>			
			<item>
				<label2>$INFO[VideoPlayer.Season]</label2>
				<label>20373</label>
				<onclick>noop</onclick>
				<visible>!IsEmpty(VideoPlayer.Season)</visible>
			</item>			
			<item>
				<label2>$INFO[VideoPlayer.Episode]</label2>
				<label>20359</label>
				<onclick>noop</onclick>
				<visible>!IsEmpty(VideoPlayer.Episode)</visible>
			</item>			
			<item>
				<label2>$INFO[VideoPlayer.Genre]</label2>
				<label>515</label>
				<onclick>noop</onclick>
				<visible>!IsEmpty(VideoPlayer.Genre)</visible>
			</item>			
			<item>
				<label2>$INFO[VideoPlayer.Director]</label2>
				<label>20339</label>
				<onclick>noop</onclick>
				<visible>!IsEmpty(VideoPlayer.Director)</visible>
			</item>			
			<item>
				<label2>$INFO[VideoPlayer.Country]</label2>
				<label>574</label>
				<onclick>noop</onclick>
				<visible>!IsEmpty(VideoPlayer.Country)</visible>
			</item>			
			<item>
				<label2>$INFO[VideoPlayer.Year]</label2>
				<label>562</label>
				<onclick>noop</onclick>
				<visible>!IsEmpty(VideoPlayer.Year)</visible>
			</item>			
			<item>
				<label2>$INFO[VideoPlayer.RatingAndVotes]</label2>
				<label>563</label>
				<onclick>noop</onclick>
				<visible>!IsEmpty(VideoPlayer.RatingAndVotes)</visible>
			</item>			
			<item>
				<label2>$INFO[VideoPlayer.mpaa]</label2>
				<label>20074</label>
				<onclick>noop</onclick>
				<visible>!IsEmpty(VideoPlayer.mpaa)</visible>
			</item>			
			<item>
				<label2>$INFO[VideoPlayer.EpisodeName]</label2>
				<label>20359</label>
				<onclick>noop</onclick>
				<visible>!IsEmpty(VideoPlayer.EpisodeName)</visible>
			</item>			
			<item>
				<label2>$INFO[VideoPlayer.PlaylistPosition]</label2>
				<label>$LOCALIZE[559] $LOCALIZE[560]</label>
				<onclick>noop</onclick>
				<visible>!IsEmpty(VideoPlayer.PlaylistPosition)</visible>
			</item>			
			<item>
				<label2>$INFO[VideoPlayer.PlaylistLength]</label2>
				<label>$LOCALIZE[559] / $LOCALIZE[553]</label>
				<onclick>noop</onclick>
				<visible>!IsEmpty(VideoPlayer.PlaylistLength)</visible>
			</item>			
			<item>
				<label2>$INFO[VideoPlayer.Album]</label2>
				<label>558</label>
				<onclick>noop</onclick>
				<visible>!IsEmpty(VideoPlayer.Album)</visible>
			</item>			
			<item>
				<label2>$INFO[VideoPlayer.Artist]</label2>
				<label>557</label>
				<onclick>noop</onclick>
				<visible>!IsEmpty(VideoPlayer.Artist)</visible>
			</item>			
			<item>
				<label2>$INFO[VideoPlayer.Studio]</label2>
				<label>572</label>
				<onclick>noop</onclick>
				<visible>!IsEmpty(VideoPlayer.Studio)</visible>
			</item>			
			<item>
				<label2>$INFO[VideoPlayer.Writer]</label2>
				<label>20417</label>
				<onclick>noop</onclick>
				<visible>!IsEmpty(VideoPlayer.Writer)</visible>
			</item>			
			<item>
				<label2>$INFO[VideoPlayer.LastPlayed]</label2>
				<label>568</label>
				<onclick>noop</onclick>
				<visible>!IsEmpty(VideoPlayer.LastPlayed)</visible>
			</item>			
			<item>
				<label2>$INFO[VideoPlayer.PlayCount]</label2>
				<label>567</label>
				<onclick>noop</onclick>
				<visible>!IsEmpty(VideoPlayer.PlayCount)</visible>
			</item>			
			<item>
				<label2>$INFO[VideoPlayer.VideoCodec]</label2>
				<label>21445</label>
				<onclick>noop</onclick>
				<visible>!IsEmpty(VideoPlayer.VideoCodec)</visible>
			</item>			
			<item>
				<label2>$INFO[VideoPlayer.VideoResolution]</label2>
				<label>21443</label>
				<onclick>noop</onclick>
				<visible>!IsEmpty(VideoPlayer.VideoResolution)</visible>
			</item>			
			<item>
				<label2>$INFO[VideoPlayer.VideoAspect]</label2>
				<label>21374</label>
				<onclick>noop</onclick>
				<visible>!IsEmpty(VideoPlayer.VideoAspect)</visible>
			</item>			
			<item>
				<label2>$INFO[VideoPlayer.AudioCodec]</label2>
				<label>21446</label>
				<onclick>noop</onclick>
				<visible>!IsEmpty(VideoPlayer.AudioCodec)</visible>
			</item>			
			<item>
				<label2>$INFO[VideoPlayer.AudioChannels]</label2>
				<label>21444</label>
				<onclick>noop</onclick>
				<visible>!IsEmpty(VideoPlayer.AudioChannels)</visible>
			</item>			
			<item>
				<label2>$INFO[VideoPlayer.AudioLanguage]</label2>
				<label>21447</label>
				<onclick>noop</onclick>
				<visible>!IsEmpty(VideoPlayer.AudioLanguage)</visible>
			</item>			
			<item>
				<label2>$INFO[VideoPlayer.SubtitlesLanguage]</label2>
				<label>21448</label>
				<onclick>noop</onclick>
				<visible>!IsEmpty(VideoPlayer.SubtitlesLanguage)</visible>
			</item>			
			<item>
				<label2>$INFO[VideoPlayer.StereoscopicMode]</label2>
				<label>36501</label>
				<onclick>noop</onclick>
				<visible>!IsEmpty(VideoPlayer.StereoscopicMode)</visible>
			</item>			
			<item>
				<label2>$INFO[VideoPlayer.ChannelGroup]</label2>
				<label>19141</label>
				<onclick>noop</onclick>
				<visible>!IsEmpty(VideoPlayer.ChannelGroup)</visible>
			</item>
			<item>
				<label2>$INFO[VideoPlayer.ParentalRating]</label2>
				<label>19259</label>
				<onclick>noop</onclick>
				<visible>!IsEmpty(VideoPlayer.ParentalRating)</visible>
			</item>																																														
		</content>
	</include>	

	<include name="AddonInfoDetail">
		<content>
			<item>
				<label2>$INFO[ListItem.Property(Addon.Version)]</label2>
				<label>19114</label>
				<onclick>noop</onclick>
				<visible>!IsEmpty(ListItem.Property(Addon.Version))</visible>
			</item>			
			<item>
				<label2>$INFO[ListItem.Property(Addon.Type)]</label2>
				<label>467</label>
				<onclick>noop</onclick>
				<visible>!IsEmpty(ListItem.Property(Addon.Type))</visible>
			</item>			
			<item>
				<label2>$INFO[ListItem.Property(Addon.ID)]</label2>
				<label>560</label>
				<onclick>noop</onclick>
				<visible>!IsEmpty(ListItem.Property(Addon.ID))</visible>
			</item>			
			<item>
				<label2>$INFO[ListItem.Property(Addon.Status)]</label2>
				<label>126</label>
				<onclick>noop</onclick>
				<visible>!IsEmpty(ListItem.Property(Addon.Status))</visible>
			</item>			
			<item>
				<label2>$INFO[ListItem.Property(Addon.Broken)]</label2>
				<label>1384</label>
				<onclick>noop</onclick>
				<visible>!IsEmpty(ListItem.Property(Addon.Broken))</visible>
			</item>		
		</content>
	</include>		

	<include name="RecordingInfoDetail">
		<content>
			<item>
				<label2>$INFO[ListItem.StartDate]</label2>
				<label>552</label>
				<onclick>noop</onclick>
				<visible>!IsEmpty(ListItem.StartDate)</visible>
			</item>			
			<item>
				<label2>$INFO[ListItem.StartTime]</label2>
				<label>142</label>
				<onclick>noop</onclick>
				<visible>!IsEmpty(ListItem.StartTime)</visible>
			</item>			
			<item>
				<label2>$INFO[ListItem.ChannelName]</label2>
				<label>19148</label>
				<onclick>noop</onclick>
				<visible>!IsEmpty(ListItem.ChannelName)</visible>
			</item>			
			<item>
				<label2>$INFO[ListItem.Duration]</label2>
				<label>180</label>
				<onclick>noop</onclick>
				<visible>!IsEmpty(ListItem.Duration)</visible>
			</item>			
			<item>
				<label2>$INFO[ListItem.Genre]</label2>
				<label>135</label>
				<onclick>noop</onclick>
				<visible>!IsEmpty(ListItem.Genre)</visible>
			</item>			
		</content>
	</include>		

</includes>