<?xml version="1.0" encoding="UTF-8"?>
<includes>

	<!-- Info dialogs -->
	<include name="DiaExtended1">
	
		<control type="group">
		<animation effect="fade" start="0" end="100" time="100" delay="100">WindowOpen</animation>
		<animation effect="fade" start="100" end="0" time="100" delay="100">WindowClose</animation>
	
			<!-- Bloc 1 -->
			<control type="group">
				<left>$PARAM[DIAB1PosX]</left>
				<top>$PARAM[DIAB1PosY]</top>
				<width>636</width>
				<height>356</height>

				<!-- Heading -->
				<control type="label">
					<top>24</top>
					<left>24</left>
					<width>588</width>
					<height>48</height>
					<align>center</align>
					<aligny>top</aligny>
					<font>Font48</font>
					<label>$INFO[Window.Property(actor.title)]</label>
					<textcolor>$INFO[Skin.String(Color.DIATitle)]</textcolor>
				</control>
				<control type="label">
					<top>24</top>
					<left>24</left>
					<width>588</width>
					<height>48</height>
					<align>center</align>
					<aligny>top</aligny>
					<font>Font48</font>
					<label>$INFO[Player.Title]</label>
					<textcolor>$INFO[Skin.String(Color.DIATitle)]</textcolor>
					<visible>Window.IsVisible(10142)</visible>
				</control>
				
				<!-- Main list -->
				<control type="wraplist" id="300">
					<left>24</left>
					<top>80</top>
					<onup>noop</onup>
					<ondown>noop</ondown>
					<onright condition="StringCompare(Container(300).ListItem.Property(MenuID),Details)">99</onright>
					<onright condition="StringCompare(Container(300).ListItem.Property(MenuID),MovieRole)">150</onright>
					<onright condition="StringCompare(Container(300).ListItem.Property(MenuID),TvShowRole)">250</onright>
					<onright condition="StringCompare(Container(300).ListItem.Property(MenuID),Youtube)">350</onright>
					<onright condition="StringCompare(Container(300).ListItem.Property(MenuID),Images)">450</onright>
					<onright condition="StringCompare(Container(300).ListItem.Property(MenuID),MovieCrew)">550</onright>
					<onright condition="StringCompare(Container(300).ListItem.Property(MenuID),TvShowCrew)">650</onright>
					<onright condition="StringCompare(Container(300).ListItem.Property(MenuID),Tagged)">750</onright>
					<height>36</height>
					<scrolltime>200</scrolltime>
					<orientation>vertical</orientation>

					<itemlayout width="588" height="36">
						<control type="label">
							<top>0</top>
							<left>0</left>
							<width>588</width>
							<height>36</height>
							<align>center</align>
							<font>Font36</font>
							<scroll>True</scroll>
							<textcolor>$INFO[Skin.String(Color.DIATxtNF)]</textcolor>
							<label>$INFO[ListItem.Label]</label>
						</control>
					</itemlayout>

					<focusedlayout width="588" height="36">
						<control type="label">
							<top>0</top>
							<left>0</left>
							<width>588</width>
							<height>36</height>
							<align>center</align>
							<font>Font36</font>
							<scroll>True</scroll>
							<textcolor>$VAR[CategoryColor3]</textcolor>
							<label>$INFO[ListItem.Label]</label>
							<visible>Control.HasFocus(300)</visible>
						</control>
						<control type="label">
							<top>0</top>
							<left>0</left>
							<width>588</width>
							<height>36</height>
							<align>center</align>
							<font>Font36</font>
							<scroll>True</scroll>
							<textcolor>$INFO[Skin.String(Color.DIATxtNF)]</textcolor>
							<label>$INFO[ListItem.Label]</label>
							<visible>!Control.HasFocus(300)</visible>
						</control>						
					</focusedlayout>

					<content>
						<item id="1">
							<label>21887</label> <!-- Biography -->
							<onclick>noop</onclick>
							<property name="MenuID">Biography</property>
						</item>
						<item id="2">
							<label>33029</label> <!-- Details infos -->
							<onclick>noop</onclick>
							<property name="MenuID">Details</property>
						</item>
						<item id="3">
							<label>$ADDON[script.extendedinfo 32120]</label> <!-- Movie Role -->
							<onclick>noop</onclick>
							<visible>IntegerGreaterThan(Container(150).NumItems,0)</visible>
							<property name="MenuID">MovieRole</property>
						</item>
						<item id="4">
							<label>$ADDON[script.extendedinfo 32121]</label> <!-- TV Show Role -->
							<onclick>noop</onclick>
							<visible>IntegerGreaterThan(Container(250).NumItems,0)</visible>
							<property name="MenuID">TVShowRole</property>
						</item>
						<item id="5">
							<label>$ADDON[script.extendedinfo 32118]</label> <!-- Youtube -->
							<onclick>noop</onclick>
							<visible>IntegerGreaterThan(Container(350).NumItems,0)</visible>
							<property name="MenuID">Youtube</property>
						</item>		
						<item id="6">
							<label>1</label> <!-- Photos -->
							<onclick>noop</onclick>
							<visible>IntegerGreaterThan(Container(450).NumItems,0)</visible>
							<property name="MenuID">Images</property>
						</item>			
						<item id="7">
							<label>$ADDON[script.extendedinfo 32122]</label> <!-- Movie Crew -->
							<onclick>noop</onclick>
							<visible>IntegerGreaterThan(Container(550).NumItems,0)</visible>
							<property name="MenuID">MovieCrew</property>
						</item>			
						<item id="8">
							<label>$ADDON[script.extendedinfo 32123]</label> <!-- Tv Crew -->
							<onclick>noop</onclick>
							<visible>IntegerGreaterThan(Container(650).NumItems,0)</visible>
							<property name="MenuID">TvShowCrew</property>
						</item>			
						<item id="9">
							<label>$ADDON[script.extendedinfo 32119]</label> <!-- Artworks -->
							<onclick>noop</onclick>
							<visible>IntegerGreaterThan(Container(750).NumItems,0)</visible>
							<property name="MenuID">Tagged</property>
						</item>				
					</content>
				</control>

			</control>
			
			<!-- Bloc 2 -->
			<control type="group">
				<visible>!Window.IsVisible(10106)</visible>
				<left>$PARAM[DIAB2PosX]</left>
				<top>$PARAM[DIAB2PosY]</top>
				<width>$PARAM[DIAB2SizeX]</width>
				<height>$PARAM[DIAB2SizeY]</height>
				
				<!-- Biography -->
				<control type="grouplist">
					<left>24</left>
					<top>24</top>
					<itemgap>1</itemgap>
					<scrolltime tween="sine" easing="out">200</scrolltime>
					<orientation>vertical</orientation>
					<usecontrolcoords>false</usecontrolcoords>			
					<visible>StringCompare(Container(300).ListItem.Property(MenuID),Biography)</visible>
					<animation effect="fade" start="0" end="100" time="100" reversible="true">VisibleChange</animation>		
					<control type="textbox">
						<top>0</top>
						<left>0</left>
						<height>96</height>
						<textcolor>$INFO[Skin.String(Color.DIATitle)]</textcolor>
						<font>Font36</font>
						<align>center</align>
						<label>1000</label>
					</control>
					<control type="textbox">
						<top>0</top>
						<left>0</left>
						<height>$PARAM[DIAB2TextY]</height>			
						<textcolor>$INFO[Skin.String(Color.DIATxtNF)]</textcolor>
						<font>Font27</font>
						<align>center</align>
						<label fallback="19055">$INFO[Window.Property(actor.biography)]</label>
					</control>
				</control>
				
				<!-- Details -->
				<control type="panel" id="99">
					<left>24</left>
					<top>24</top>
					<onup>noop</onup>
					<ondown>noop</ondown>
					<onright>noop</onright>
					<onleft>300</onleft>
					<scrolltime>200</scrolltime>
					<orientation>horizontal</orientation>
					<visible>StringCompare(Container(300).ListItem.Property(MenuID),Details)</visible>
					<animation effect="fade" start="0" end="100" time="100" reversible="true">VisibleChange</animation>				

					<itemlayout width="612" height="51">
						<control type="label">
							<top>0</top>
							<left>0</left>
							<width>588</width>
							<height>50</height>
							<align>center</align>
							<font>Font27</font>
							<scroll>True</scroll>
							<textcolor>$INFO[Skin.String(Color.DIATxtNF)]</textcolor>
							<label>[B]$INFO[ListItem.Label2][/B] $INFO[ListItem.Label]</label>
							<visible>!IsEmpty(ListItem.Label)</visible>
						</control>
					</itemlayout>

					<focusedlayout width="612" height="51">
						<control type="label">
							<top>0</top>
							<left>0</left>
							<width>588</width>
							<height>50</height>
							<align>center</align>
							<font>Font27</font>
							<scroll>True</scroll>
							<textcolor>$VAR[CategoryColor3]</textcolor>
							<label>[B]$INFO[ListItem.Label2][/B] $INFO[ListItem.Label]</label>
							<visible>!IsEmpty(ListItem.Label)</visible>
						</control>
					</focusedlayout>

					<content>	
						<item>
							<label>$INFO[Window.Property(actor.AlsoKnownAs)]</label>
							<label2>$ADDON[script.extendedinfo 32016]</label2>
							<onclick>noop</onclick>
							<visible>!IsEmpty(Window.Property(actor.AlsoKnownAs))</visible>
						</item>	
						<item>
							<label>$INFO[Window.Property(actor.Birthday)]</label>
							<label2>$ADDON[script.extendedinfo 32012]</label2>
							<onclick>noop</onclick>
							<visible>!IsEmpty(Window.Property(actor.Birthday))</visible>
						</item>	
						<item>
							<label>$INFO[Window.Property(actor.Age)]</label>
							<label2>$ADDON[script.extendedinfo 32020]</label2>
							<onclick>noop</onclick>
							<visible>!IsEmpty(Window.Property(actor.Age))</visible>
						</item>	
						<item>
							<label>$INFO[Window.Property(movie.duration)]</label>
							<label2>$ADDON[script.extendedinfo 32014]</label2>
							<onclick>noop</onclick>
							<visible>!IsEmpty(Window.Property(movie.duration))</visible>
						</item>	
						<item>
							<label>$INFO[Window.Property(actor.TotalMovies)]</label>
							<label2>$ADDON[script.extendedinfo 32011]</label2>
							<onclick>noop</onclick>
							<visible>!IsEmpty(Window.Property(actor.TotalMovies))</visible>
						</item>	
						<item>
							<label>$INFO[Window.Property(actor.DBMovies)]</label>
							<label2>$ADDON[script.extendedinfo 32021]</label2>
							<onclick>noop</onclick>
							<visible>!IsEmpty(Window.Property(actor.DBMovies))</visible>
						</item>	
						<item>
							<label>$INFO[Window.Property(actor.Deathday)]</label>
							<label2>$ADDON[script.extendedinfo 32013]</label2>
							<onclick>noop</onclick>
							<visible>!IsEmpty(Window.Property(actor.Deathday))</visible>
						</item>	
						<item>
							<label>$INFO[Window.Property(actor.Homepage)]</label>
							<label2>$ADDON[script.extendedinfo 32017]</label2>
							<onclick>noop</onclick>
							<visible>!IsEmpty(Window.Property(actor.Homepage))</visible>
						</item>	
					</content>	

				</control>

				<!-- Movie Roles -->
				<control type="panel" id="150">
					<left>24</left>
					<top>24</top>
					<onup>noop</onup>
					<ondown>noop</ondown>
					<onright>noop</onright>
					<onleft>300</onleft>
					<scrolltime>100</scrolltime>		
					<visible>StringCompare(Container(300).ListItem.Property(MenuID),MovieRole) + !Container(150).IsUpdating"</visible>
					<animation effect="fade" start="0" end="100" time="100" reversible="true">VisibleChange</animation>	

					<include name="PanelSize" condition="StringCompare(Window(Home).Property(DialogPos),LEFT) | StringCompare(Window(Home).Property(DialogPos),RIGHT)">
						<param name="width" value="612" />
						<param name="height" value="664" />
						<param name="orientation" value="vertical" />
					</include>	

					<include name="PanelSize" condition="StringCompare(Window(Home).Property(DialogPos),TOP) | StringCompare(Window(Home).Property(DialogPos),BOTTOM)">
						<param name="width" value="1224" />
						<param name="height" value="332" />
						<param name="orientation" value="horizontal" />
					</include>						

					<itemlayout width="204" height="332">
						<control type="image">
							<left>24</left>
							<top>52</top>
							<width>132</width>
							<height>132</height>
							<aspectratio>scale</aspectratio>
							<texture colordiffuse="$INFO[Skin.String(Color.DIATxtNF)]">DefaultMovieTitle.png</texture>
						</control>				
						<control type="image">
							<width>180</width>
							<height>236</height>
							<aspectratio>scale</aspectratio>
							<texture>$INFO[ListItem.Art(thumb)]</texture>
						</control>
						<control type="label">
							<left>0</left>
							<top>248</top>
							<width>180</width>
							<height>38</height>
							<font>Font25</font>
							<align>center</align>
							<textcolor>$INFO[Skin.String(Color.DIATxtNF)]</textcolor>
							<label>$INFO[ListItem.Label]</label>
						</control>
						<control type="label">
							<left>0</left>
							<top>278</top>
							<width>180</width>
							<height>36</height>
							<font>FontSmallR</font>
							<align>center</align>
							<textcolor>$INFO[Skin.String(Color.DIATitle)]</textcolor>
							<label>$INFO[ListItem.Year]</label>
						</control>
					</itemlayout>

					<focusedlayout width="204" height="332">
						<control type="image">
							<left>24</left>
							<top>52</top>
							<width>132</width>
							<height>132</height>
							<aspectratio>scale</aspectratio>
							<texture colordiffuse="$INFO[Skin.String(Color.DIATxtNF)]">DefaultMovieTitle.png</texture>
						</control>						
						<control type="image">
							<width>180</width>
							<height>236</height>
							<colordiffuse>FFFFFFFF</colordiffuse>
							<aspectratio>scale</aspectratio>
							<texture>$INFO[ListItem.Art(thumb)]</texture>
						</control>
						<control type="label">
							<left>0</left>
							<top>248</top>
							<width>180</width>
							<height>38</height>
							<font>Font25</font>
							<align>center</align>
							<textcolor>$VAR[CategoryColor3]</textcolor>
							<label>$INFO[ListItem.Label]</label>
						</control>
						<control type="label">
							<left>0</left>
							<top>278</top>
							<width>180</width>
							<height>36</height>
							<font>FontSmallR</font>
							<align>center</align>
							<textcolor>$VAR[CategoryColor3]</textcolor>
							<label>$INFO[ListItem.Year]</label>
						</control>
					</focusedlayout>
				</control>

				<!-- TV Roles -->
				<control type="panel" id="250">
					<left>24</left>
					<top>24</top>
					<onup>noop</onup>
					<ondown>noop</ondown>
					<onright>noop</onright>
					<onleft>300</onleft>
					<scrolltime>100</scrolltime>
					<visible>StringCompare(Container(300).ListItem.Property(MenuID),TvShowRole) + !Container(250).IsUpdating"</visible>
					<animation effect="fade" start="0" end="100" time="100" reversible="true">VisibleChange</animation>

					<include name="PanelSize" condition="StringCompare(Window(Home).Property(DialogPos),LEFT) | StringCompare(Window(Home).Property(DialogPos),RIGHT)">
						<param name="width" value="612" />
						<param name="height" value="664" />
						<param name="orientation" value="vertical" />
					</include>	

					<include name="PanelSize" condition="StringCompare(Window(Home).Property(DialogPos),TOP) | StringCompare(Window(Home).Property(DialogPos),BOTTOM)">
						<param name="width" value="1224" />
						<param name="height" value="332" />
						<param name="orientation" value="horizontal" />
					</include>							

					<itemlayout width="204" height="332">
						<control type="image">
							<left>24</left>
							<top>52</top>
							<width>132</width>
							<height>132</height>
							<aspectratio>scale</aspectratio>
							<texture colordiffuse="$INFO[Skin.String(Color.DIATxtNF)]">DefaultVideoPlaylists.png</texture>
						</control>				
						<control type="image">
							<width>180</width>
							<height>236</height>
							<aspectratio>scale</aspectratio>
							<texture>$INFO[ListItem.Art(thumb)]</texture>
						</control>
						<control type="label">
							<left>0</left>
							<top>248</top>
							<width>180</width>
							<height>38</height>
							<font>Font25</font>
							<align>center</align>
							<textcolor>$INFO[Skin.String(Color.DIATxtNF)]</textcolor>
							<label>$INFO[ListItem.Label]</label>
						</control>
						<control type="label">
							<left>0</left>
							<top>278</top>
							<width>180</width>
							<height>36</height>
							<font>FontSmallR</font>
							<align>center</align>
							<textcolor>$INFO[Skin.String(Color.DIATitle)]</textcolor>
							<label>$INFO[ListItem.Year]</label>
						</control>
					</itemlayout>

					<focusedlayout width="204" height="332">
						<control type="image">
							<left>24</left>
							<top>52</top>
							<width>132</width>
							<height>132</height>
							<aspectratio>scale</aspectratio>
							<texture colordiffuse="$INFO[Skin.String(Color.DIATxtNF)]">DefaultVideoPlaylists.png</texture>
						</control>						
						<control type="image">
							<width>180</width>
							<height>236</height>
							<colordiffuse>FFFFFFFF</colordiffuse>
							<aspectratio>scale</aspectratio>
							<texture>$INFO[ListItem.Art(thumb)]</texture>
						</control>
						<control type="label">
							<left>0</left>
							<top>248</top>
							<width>180</width>
							<height>38</height>
							<font>Font25</font>
							<align>center</align>
							<textcolor>$VAR[CategoryColor3]</textcolor>
							<label>$INFO[ListItem.Label]</label>
						</control>
						<control type="label">
							<left>0</left>
							<top>278</top>
							<width>180</width>
							<height>36</height>
							<font>FontSmallR</font>
							<align>center</align>
							<textcolor>$VAR[CategoryColor3]</textcolor>
							<label>$INFO[ListItem.Year]</label>
						</control>
					</focusedlayout>
				</control>

				<!-- Youtube -->
				<control type="panel" id="350">
					<left>24</left>
					<top>24</top>
					<onup>noop</onup>
					<ondown>noop</ondown>
					<onright>noop</onright>
					<onleft>300</onleft>
					<scrolltime>100</scrolltime>
					<visible>StringCompare(Container(300).ListItem.Property(MenuID),Youtube) + !Container(350).IsUpdating"</visible>
					<animation effect="fade" start="0" end="100" time="100" reversible="true">VisibleChange</animation>

					<include name="PanelSize" condition="StringCompare(Window(Home).Property(DialogPos),LEFT) | StringCompare(Window(Home).Property(DialogPos),RIGHT)">
						<param name="width" value="612" />
						<param name="height" value="664" />
						<param name="orientation" value="vertical" />
					</include>	

					<include name="PanelSize" condition="StringCompare(Window(Home).Property(DialogPos),TOP) | StringCompare(Window(Home).Property(DialogPos),BOTTOM)">
						<param name="width" value="1224" />
						<param name="height" value="332" />
						<param name="orientation" value="horizontal" />
					</include>						

					<itemlayout width="306" height="332">		
						<control type="image">
							<top>0</top>
							<width>282</width>
							<height>158</height>
							<aspectratio>stretch</aspectratio>
							<texture colordiffuse="FF000000">common/white.png</texture>
						</control>	
						<control type="image">
							<top>0</top>
							<width>282</width>
							<height>158</height>
							<aspectratio>keep</aspectratio>
							<texture>$INFO[ListItem.Icon]</texture>
						</control>
						<control type="textbox">
							<left>0</left>
							<top>170</top>
							<width>282</width>
							<height>150</height>
							<font>Font25</font>
							<align>center</align>
							<textcolor>$INFO[Skin.String(Color.DIATxtNF)]</textcolor>
							<label>$INFO[ListItem.Label]</label>
						</control>
					</itemlayout>

					<focusedlayout width="306" height="332">			
						<control type="image">
							<top>0</top>
							<width>282</width>
							<height>158</height>
							<aspectratio>stretch</aspectratio>
							<texture colordiffuse="FF000000">common/white.png</texture>
						</control>	
						<control type="image">
							<top>0</top>
							<width>282</width>
							<height>158</height>
							<colordiffuse>FFFFFFFF</colordiffuse>
							<aspectratio>keep</aspectratio>
							<texture>$INFO[ListItem.Icon]</texture>
						</control>
						<control type="textbox">
							<left>0</left>
							<top>170</top>
							<width>282</width>
							<height>150</height>
							<font>Font25</font>
							<align>center</align>
							<textcolor>$VAR[CategoryColor3]</textcolor>
							<label>$INFO[ListItem.Label]</label>
						</control>
					</focusedlayout>
				</control>

				<!-- Images -->
				<control type="panel" id="450">
					<left>24</left>
					<top>24</top>
					<onup>noop</onup>
					<ondown>noop</ondown>
					<onright>noop</onright>
					<onleft>300</onleft>
					<scrolltime>100</scrolltime>
					<visible>StringCompare(Container(300).ListItem.Property(MenuID),Images) + !Container(450).IsUpdating"</visible>
					<animation effect="fade" start="0" end="100" time="100" reversible="true">VisibleChange</animation>

					<include name="PanelSize" condition="StringCompare(Window(Home).Property(DialogPos),LEFT) | StringCompare(Window(Home).Property(DialogPos),RIGHT)">
						<param name="width" value="612" />
						<param name="height" value="664" />
						<param name="orientation" value="vertical" />
					</include>	

					<include name="PanelSize" condition="StringCompare(Window(Home).Property(DialogPos),TOP) | StringCompare(Window(Home).Property(DialogPos),BOTTOM)">
						<param name="width" value="1224" />
						<param name="height" value="332" />
						<param name="orientation" value="horizontal" />
					</include>						

					<itemlayout width="204" height="332">
						<control type="image">
							<left>24</left>
							<top>52</top>
							<width>132</width>
							<height>132</height>
							<aspectratio>scale</aspectratio>
							<texture colordiffuse="$INFO[Skin.String(Color.DIATxtNF)]">DefaultPicture.png</texture>
						</control>				
						<control type="image">
							<width>180</width>
							<height>236</height>
							<aspectratio>scale</aspectratio>
							<texture>$INFO[ListItem.Art(thumb)]</texture>
						</control>
						<control type="label">
							<left>0</left>
							<top>248</top>
							<width>180</width>
							<height>38</height>
							<font>Font25</font>
							<align>center</align>
							<textcolor>$INFO[Skin.String(Color.DIATxtNF)]</textcolor>
							<label>$INFO[ListItem.Label]</label>
						</control>
						<control type="label">
							<left>0</left>
							<top>278</top>
							<width>180</width>
							<height>36</height>
							<font>FontSmallR</font>
							<align>center</align>
							<textcolor>$INFO[Skin.String(Color.DIATitle)]</textcolor>
							<label>$INFO[ListItem.Year]</label>
						</control>
					</itemlayout>

					<focusedlayout width="204" height="332">
						<control type="image">
							<left>24</left>
							<top>52</top>
							<width>132</width>
							<height>132</height>
							<aspectratio>scale</aspectratio>
							<texture colordiffuse="$INFO[Skin.String(Color.DIATxtNF)]">DefaultPicture.png</texture>
						</control>						
						<control type="image">
							<width>180</width>
							<height>236</height>
							<colordiffuse>FFFFFFFF</colordiffuse>
							<aspectratio>scale</aspectratio>
							<texture>$INFO[ListItem.Art(thumb)]</texture>
						</control>
						<control type="label">
							<left>0</left>
							<top>248</top>
							<width>180</width>
							<height>38</height>
							<font>Font25</font>
							<align>center</align>
							<textcolor>$VAR[CategoryColor3]</textcolor>
							<label>$INFO[ListItem.Label]</label>
						</control>
						<control type="label">
							<left>0</left>
							<top>278</top>
							<width>180</width>
							<height>36</height>
							<font>FontSmallR</font>
							<align>center</align>
							<textcolor>$VAR[CategoryColor3]</textcolor>
							<label>$INFO[ListItem.Year]</label>
						</control>
					</focusedlayout>
				</control>

				<!-- Movie Crew -->
				<control type="panel" id="550">
					<left>24</left>
					<top>24</top>
					<onup>noop</onup>
					<ondown>noop</ondown>
					<onright>noop</onright>
					<onleft>300</onleft>
					<scrolltime>100</scrolltime>
					<visible>StringCompare(Container(300).ListItem.Property(MenuID),MovieCrew) + !Container(550).IsUpdating"</visible>
					<animation effect="fade" start="0" end="100" time="100" reversible="true">VisibleChange</animation>

					<include name="PanelSize" condition="StringCompare(Window(Home).Property(DialogPos),LEFT) | StringCompare(Window(Home).Property(DialogPos),RIGHT)">
						<param name="width" value="612" />
						<param name="height" value="664" />
						<param name="orientation" value="vertical" />
					</include>	

					<include name="PanelSize" condition="StringCompare(Window(Home).Property(DialogPos),TOP) | StringCompare(Window(Home).Property(DialogPos),BOTTOM)">
						<param name="width" value="1224" />
						<param name="height" value="332" />
						<param name="orientation" value="horizontal" />
					</include>							

					<itemlayout width="204" height="332">
						<control type="image">
							<left>24</left>
							<top>52</top>
							<width>132</width>
							<height>132</height>
							<aspectratio>scale</aspectratio>
							<texture colordiffuse="$INFO[Skin.String(Color.DIATxtNF)]">DefaultVideoCover.png</texture>
						</control>				
						<control type="image">
							<width>180</width>
							<height>236</height>
							<aspectratio>scale</aspectratio>
							<texture>$INFO[ListItem.Art(thumb)]</texture>
						</control>
						<control type="label">
							<left>0</left>
							<top>248</top>
							<width>180</width>
							<height>38</height>
							<font>Font25</font>
							<align>center</align>
							<textcolor>$INFO[Skin.String(Color.DIATxtNF)]</textcolor>
							<label>$INFO[ListItem.Label]</label>
						</control>
						<control type="label">
							<left>0</left>
							<top>278</top>
							<width>180</width>
							<height>36</height>
							<font>FontSmallR</font>
							<align>center</align>
							<textcolor>$INFO[Skin.String(Color.DIATitle)]</textcolor>
							<label>$INFO[ListItem.Year]</label>
						</control>
					</itemlayout>

					<focusedlayout width="204" height="332">
						<control type="image">
							<left>24</left>
							<top>52</top>
							<width>132</width>
							<height>132</height>
							<aspectratio>scale</aspectratio>
							<texture colordiffuse="$INFO[Skin.String(Color.DIATxtNF)]">DefaultVideoCover.png</texture>
						</control>						
						<control type="image">
							<width>180</width>
							<height>236</height>
							<colordiffuse>FFFFFFFF</colordiffuse>
							<aspectratio>scale</aspectratio>
							<texture>$INFO[ListItem.Art(thumb)]</texture>
						</control>
						<control type="label">
							<left>0</left>
							<top>248</top>
							<width>180</width>
							<height>38</height>
							<font>Font25</font>
							<align>center</align>
							<textcolor>$VAR[CategoryColor3]</textcolor>
							<label>$INFO[ListItem.Label]</label>
						</control>
						<control type="label">
							<left>0</left>
							<top>278</top>
							<width>180</width>
							<height>36</height>
							<font>FontSmallR</font>
							<align>center</align>
							<textcolor>$VAR[CategoryColor3]</textcolor>
							<label>$INFO[ListItem.Year]</label>
						</control>
					</focusedlayout>
				</control>

				<!-- Tv Show Crew -->
				<control type="panel" id="650">
					<left>24</left>
					<top>24</top>
					<onup>noop</onup>
					<ondown>noop</ondown>
					<onright>noop</onright>
					<onleft>300</onleft>
					<scrolltime>100</scrolltime>
					<visible>StringCompare(Container(300).ListItem.Property(MenuID),TvShowCrew) + !Container(650).IsUpdating"</visible>
					<animation effect="fade" start="0" end="100" time="100" reversible="true">VisibleChange</animation>

					<include name="PanelSize" condition="StringCompare(Window(Home).Property(DialogPos),LEFT) | StringCompare(Window(Home).Property(DialogPos),RIGHT)">
						<param name="width" value="612" />
						<param name="height" value="664" />
						<param name="orientation" value="vertical" />
					</include>	

					<include name="PanelSize" condition="StringCompare(Window(Home).Property(DialogPos),TOP) | StringCompare(Window(Home).Property(DialogPos),BOTTOM)">
						<param name="width" value="1224" />
						<param name="height" value="332" />
						<param name="orientation" value="horizontal" />
					</include>						

					<itemlayout width="204" height="332">
						<control type="image">
							<left>24</left>
							<top>52</top>
							<width>132</width>
							<height>132</height>
							<aspectratio>scale</aspectratio>
							<texture colordiffuse="$INFO[Skin.String(Color.DIATxtNF)]">DefaultVideoCover.png</texture>
						</control>				
						<control type="image">
							<width>180</width>
							<height>236</height>
							<aspectratio>scale</aspectratio>
							<texture>$INFO[ListItem.Art(thumb)]</texture>
						</control>
						<control type="label">
							<left>0</left>
							<top>248</top>
							<width>180</width>
							<height>38</height>
							<font>Font25</font>
							<align>center</align>
							<textcolor>$INFO[Skin.String(Color.DIATxtNF)]</textcolor>
							<label>$INFO[ListItem.Label]</label>
						</control>
						<control type="label">
							<left>0</left>
							<top>278</top>
							<width>180</width>
							<height>36</height>
							<font>FontSmallR</font>
							<align>center</align>
							<textcolor>$INFO[Skin.String(Color.DIATitle)]</textcolor>
							<label>$INFO[ListItem.Year]</label>
						</control>
					</itemlayout>

					<focusedlayout width="204" height="332">
						<control type="image">
							<left>24</left>
							<top>52</top>
							<width>132</width>
							<height>132</height>
							<aspectratio>scale</aspectratio>
							<texture colordiffuse="$INFO[Skin.String(Color.DIATxtNF)]">DefaultVideoCover.png</texture>
						</control>						
						<control type="image">
							<width>180</width>
							<height>236</height>
							<colordiffuse>FFFFFFFF</colordiffuse>
							<aspectratio>scale</aspectratio>
							<texture>$INFO[ListItem.Art(thumb)]</texture>
						</control>
						<control type="label">
							<left>0</left>
							<top>248</top>
							<width>180</width>
							<height>38</height>
							<font>Font25</font>
							<align>center</align>
							<textcolor>$VAR[CategoryColor3]</textcolor>
							<label>$INFO[ListItem.Label]</label>
						</control>
						<control type="label">
							<left>0</left>
							<top>278</top>
							<width>180</width>
							<height>36</height>
							<font>FontSmallR</font>
							<align>center</align>
							<textcolor>$VAR[CategoryColor3]</textcolor>
							<label>$INFO[ListItem.Year]</label>
						</control>
					</focusedlayout>
				</control>

				<!-- Tagged Images -->
				<control type="panel" id="750">
					<left>24</left>
					<top>24</top>
					<onup>noop</onup>
					<ondown>noop</ondown>
					<onright>noop</onright>
					<onleft>300</onleft>
					<scrolltime>100</scrolltime>
					<visible>StringCompare(Container(300).ListItem.Property(MenuID),Tagged) + !Container(750).IsUpdating"</visible>
					<animation effect="fade" start="0" end="100" time="100" reversible="true">VisibleChange</animation>

					<include name="PanelSize" condition="StringCompare(Window(Home).Property(DialogPos),LEFT) | StringCompare(Window(Home).Property(DialogPos),RIGHT)">
						<param name="width" value="612" />
						<param name="height" value="664" />
						<param name="orientation" value="vertical" />
					</include>	

					<include name="PanelSize" condition="StringCompare(Window(Home).Property(DialogPos),TOP) | StringCompare(Window(Home).Property(DialogPos),BOTTOM)">
						<param name="width" value="1224" />
						<param name="height" value="332" />
						<param name="orientation" value="horizontal" />
					</include>		

					<itemlayout width="612" height="332">
						<control type="image">
							<left>228</left>
							<top>59</top>
							<width>132</width>
							<height>132</height>
							<aspectratio>scale</aspectratio>
							<texture colordiffuse="$INFO[Skin.String(Color.DIATxtNF)]">DefaultPicture.png</texture>
						</control>				
						<control type="image">
							<width>588</width>
							<height>250</height>
							<aspectratio>scale</aspectratio>
							<texture>$INFO[ListItem.Art(thumb)]</texture>
						</control>
						<control type="label">
							<left>0</left>
							<top>268</top>
							<width>588</width>
							<height>40</height>
							<font>Font25</font>
							<align>center</align>
							<textcolor>$INFO[Skin.String(Color.DIATxtNF)]</textcolor>
							<label>$INFO[ListItem.Label]</label>
						</control>
						<control type="label">
							<left>0</left>
							<top>278</top>
							<width>180</width>
							<height>36</height>
							<font>FontSmallR</font>
							<align>center</align>
							<textcolor>$INFO[Skin.String(Color.DIATitle)]</textcolor>
							<label>$INFO[ListItem.Label2]</label>
						</control>
					</itemlayout>

					<focusedlayout width="612" height="332">
						<control type="image">
							<left>228</left>
							<top>59</top>
							<width>132</width>
							<height>132</height>
							<aspectratio>scale</aspectratio>
							<texture colordiffuse="$INFO[Skin.String(Color.DIATxtNF)]">DefaultPicture.png</texture>
						</control>						
						<control type="image">
							<width>588</width>
							<height>250</height>
							<colordiffuse>FFFFFFFF</colordiffuse>
							<aspectratio>scale</aspectratio>
							<texture>$INFO[ListItem.Art(thumb)]</texture>
						</control>
						<control type="label">
							<left>0</left>
							<top>268</top>
							<width>588</width>
							<height>40</height>
							<font>Font25</font>
							<align>center</align>
							<textcolor>$VAR[CategoryColor3]</textcolor>
							<label>$INFO[ListItem.Label]</label>
						</control>
						<control type="label">
							<left>0</left>
							<top>278</top>
							<width>180</width>
							<height>36</height>
							<font>FontSmallR</font>
							<align>center</align>
							<textcolor>$VAR[CategoryColor3]</textcolor>
							<label>$INFO[ListItem.Label2]</label>
						</control>
					</focusedlayout>
				</control>

			</control>

			<!-- Bloc 3 -->
			<control type="group">
				<left>$PARAM[DIAB3PosX]</left>
				<top>$PARAM[DIAB3PosY]</top>
				<height>356</height>
				<width>636</width>

				<control type="image">
					<top>24</top>
					<left>24</left>
					<height>308</height>
					<width>588</width>							
					<texture colordiffuse="$INFO[Skin.String(Color.DIATxtNF)]">$INFO[ListItem.Icon]</texture>
					<aspectratio aligny="center">keep</aspectratio>
					<visible>StringCompare(Container(300).ListItem.Label,$LOCALIZE[33061]) + SubString(ListItem.Icon,Default)</visible>
				</control>			
				<control type="image">
					<top>24</top>
					<left>24</left>
					<height>308</height>
					<width>588</width>							
					<texture colordiffuse="FFFFFFFF">$INFO[ListItem.Icon]</texture>
					<aspectratio aligny="center">keep</aspectratio>
					<visible>StringCompare(Container(300).ListItem.Label,$LOCALIZE[33061]) + !Window.IsVisible(10142) + !SubString(ListItem.Icon,Default)</visible>
				</control>				
				<control type="image">
					<top>24</top>
					<left>24</left>
					<height>308</height>
					<width>588</width>							
					<texture colordiffuse="FFFFFFFF">$INFO[Player.Art(thumb)]</texture>
					<aspectratio aligny="center">keep</aspectratio>
					<visible>StringCompare(Container(300).ListItem.Label,$LOCALIZE[33061]) + Window.IsVisible(10142)</visible>
				</control>			

			</control>
		</control> 

	    <control type="button" id="51">
	        <visible allowhiddenfocus="true">false</visible>
	        <onright>Control.Move(50,1)</onright>
	        <onleft>Control.Move(50,-1)</onleft>
	        <onclick>RunScript(script.extendedinfo,info=extendedactorinfo,name=$INFO[Container(50).ListItem.Label])</onclick>
	    </control>
	</include>
	
	<include name="PanelSize">
		<width>$PARAM[width]</width>
		<height>$PARAM[height]</height>
		<orientation>$PARAM[orientation]</orientation>
	</include>

</includes>