<?xml version="1.0" encoding="UTF-8"?>
<window>
    <backgroundcolor>Background</backgroundcolor>
    <defaultcontrol always="true">50</defaultcontrol>
    <views>50,51,500,57,58</views>
    <onunload>SetProperty(NodeReturn,music,home)</onunload>
    <onunload>SetProperty(HubReturn,$INFO[Container.FolderPath],home)</onunload>
    <controls>
        <!-- Background -->
        <include>Furniture_Background</include>
        <include>Furniture_RSS</include>
        <include>Furniture_TopBar</include>
        

        <!-- Main group -->
        <control type="group">
            <include>Animation_Common</include>
            <include>Viewtype_SquareList</include>
            <include>Viewtype_BigIcon</include>
            <include>Viewtype_BigList</include>
            <include>Viewtype_PanelList</include>
            <include>Viewtype_Thumbs</include>
        </control>

        <!-- Menu -->
        <control type="group">
            <visible allowhiddenfocus="true">ControlGroup(9000).HasFocus()</visible>
            <include>Dialog_Top</include>
            <include>Dialog_Background</include>
            <include name="Dialog_Top_IconHeader">
                <param name="label" value="$LOCALIZE[31068]" />
                <param name="icon" value="special://skin/extras/icons/settings.png" />
            </include>
            <include name="Dialog_Top_Arrows">
                <param name="id" value="9000" />
            </include>

            <control type="grouplist" id="9000">
                <include>Dialog_Top_GroupList</include>
                <defaultcontrol always="true">3</defaultcontrol>
                <include>Object_BasicViewList</include>
                <!-- Now Playing -->
                <control type="button" id="9003">
                    <include>Defs_OptionButton</include>
                    <label>13350</label>
                    <onclick>ActivateWindow(MusicPlaylist)</onclick>
                    <visible>IntegerGreaterThan(Playlist.Length(music),1)</visible>
                </control>
                <!-- Party Mode -->
                <control type="radiobutton" id="16">
                    <include>Defs_OptionButton</include>
                    <label>589</label>
                    <visible>Control.IsEnabled(16)</visible>
                </control>
                <!-- Update -->
                <control type="button" id="20">
                    <label>653</label>
                    <include>Defs_OptionButton</include>
                    <onclick>SetFocus(50)</onclick>
                </control>
            </control>

        </control>
    </controls>

</window>